City,Net,Input,Output,Province
Abbasabad,1586,40070,38484,Mazandaran
Abbasabad,1254,29126,27872,Mazandaran
Abbasabad,1713,38412,36699,Mazandaran
Abbasabad,1439,44967,43528,Mazandaran
Abbasabad,1791,45319,43528,Mazandaran
Abbasabad,2084,44330,42246,Mazandaran
Abbasabad,2015,44293,42278,Mazandaran
Abbasabad,1837,39033,37196,Mazandaran
Abbasabad,2496,45005,42509,Mazandaran
Abbasabad,3300,31050,27750,Mazandaran
Abbasabad,2574,40243,37669,Mazandaran
Abbasabad,2156,48903,46747,Mazandaran
Abbasabad,2678,59432,56754,Mazandaran
Abbasabad,1849,58225,56376,Mazandaran
Abbasabad,1251,60074,58823,Mazandaran
Abbasabad,1786,53448,51662,Mazandaran
Abbasabad,1773,51717,49944,Mazandaran
Abbasabad,1690,52921,51231,Mazandaran
Abbasabad,1107,49012,47905,Mazandaran
Abbasabad,1244,53022,51778,Mazandaran
Abbasabad,761,46931,46170,Mazandaran
Abbasabad,785,45667,44882,Mazandaran
Abbasabad,-163,31561,31724,Mazandaran
Abbasabad,553,42674,42121,Mazandaran
Abbasabad,1175,41219,40044,Mazandaran
Abbasabad,1193,42395,41202,Mazandaran
Abbasabad,1342,39949,38607,Mazandaran
Abbasabad,1350,41984,40634,Mazandaran
Abbasabad,1510,38977,37467,Mazandaran
