City,Net,Input,Output,Province
Aliabad,-9735,69844,79579,Golestan
Aliabad,-14975,54185,69160,Golestan
Aliabad,-10305,56585,66890,Golestan
Aliabad,-12987,75206,88193,Golestan
Aliabad,-14873,77697,92570,Golestan
Aliabad,-12182,78866,91048,Golestan
Aliabad,-10766,81185,91951,Golestan
Aliabad,-10579,85979,96558,Golestan
Aliabad,-11098,75646,86744,Golestan
Aliabad,-7048,65804,72852,Golestan
Aliabad,-13788,66824,80612,Golestan
Aliabad,-13506,69588,83094,Golestan
Aliabad,-14962,77658,92620,Golestan
Aliabad,-16391,80968,97359,Golestan
Aliabad,-16026,86030,102056,Golestan
Aliabad,-15105,77987,93092,Golestan
Aliabad,-4709,83249,87958,Golestan
Aliabad,10335,78421,68086,Golestan
Aliabad,9402,82890,73488,Golestan
Aliabad,9320,86106,76786,Golestan
Aliabad,10870,85707,74837,Golestan
Aliabad,13955,82340,68385,Golestan
Aliabad,-711,53853,54564,Golestan
Aliabad,3687,74329,70642,Golestan
Aliabad,6255,77139,70884,Golestan
Aliabad,7251,77151,69900,Golestan
Aliabad,7481,74999,67518,Golestan
Aliabad,8646,75497,66851,Golestan
Aliabad,12074,76028,63954,Golestan
