City,Net,Input,Output,Province
Amlash,939,6919,5980,Gilan
Amlash,-500,3972,4472,Gilan
Amlash,538,5525,4987,Gilan
Amlash,124,6625,6501,Gilan
Amlash,801,6273,5472,Gilan
Amlash,603,7738,7135,Gilan
Amlash,782,7610,6828,Gilan
Amlash,963,8897,7934,Gilan
Amlash,1197,9639,8442,Gilan
Amlash,1112,8985,7873,Gilan
Amlash,1599,9931,8332,Gilan
Amlash,527,9825,9298,Gilan
Amlash,738,11566,10828,Gilan
Amlash,415,11847,11432,Gilan
Amlash,754,11303,10549,Gilan
Amlash,821,10910,10089,Gilan
Amlash,358,10274,9916,Gilan
Amlash,316,10488,10172,Gilan
Amlash,96,10030,9934,Gilan
Amlash,-89,10135,10224,Gilan
Amlash,106,9770,9664,Gilan
Amlash,-3,10060,10063,Gilan
Amlash,-872,6073,6945,Gilan
Amlash,-891,6696,7587,Gilan
Amlash,201,7550,7349,Gilan
Amlash,117,7976,7859,Gilan
Amlash,10,8181,8171,Gilan
Amlash,325,8081,7756,Gilan
Amlash,655,7997,7342,Gilan
