City,Net,Input,Output,Province
Amol,-3637,82508,86145,Mazandaran
Amol,-1803,70110,71913,Mazandaran
Amol,-2748,78118,80866,Mazandaran
Amol,-1356,97546,98902,Mazandaran
Amol,-2012,111144,113156,Mazandaran
Amol,-1612,93518,95130,Mazandaran
Amol,-1749,102095,103844,Mazandaran
Amol,1475,89786,88311,Mazandaran
Amol,-115,98745,98860,Mazandaran
Amol,-2117,78195,80312,Mazandaran
Amol,3617,85068,81451,Mazandaran
Amol,5096,92358,87262,Mazandaran
Amol,3648,111772,108124,Mazandaran
Amol,-2552,114412,116964,Mazandaran
Amol,-6340,102755,109095,Mazandaran
Amol,-1469,103022,104491,Mazandaran
Amol,-4382,93219,97601,Mazandaran
Amol,-3777,91782,95559,Mazandaran
Amol,-4240,112938,117178,Mazandaran
Amol,-6422,115223,121645,Mazandaran
Amol,-9652,111594,121246,Mazandaran
Amol,-14747,101170,115917,Mazandaran
Amol,832,90049,89217,Mazandaran
Amol,-3663,101408,105071,Mazandaran
Amol,-4739,110308,115047,Mazandaran
Amol,-6512,109033,115545,Mazandaran
Amol,-2338,98497,100835,Mazandaran
Amol,-2500,110885,113385,Mazandaran
Amol,-7744,104933,112677,Mazandaran
