City,Net,Input,Output,Province
Anzali,197,25418,25221,Gilan
Anzali,-1093,20480,21573,Gilan
Anzali,-424,24694,25118,Gilan
Anzali,-387,27795,28182,Gilan
Anzali,-409,28031,28440,Gilan
Anzali,1203,28628,27425,Gilan
Anzali,-1617,29308,30925,Gilan
Anzali,583,30715,30132,Gilan
Anzali,672,28554,27882,Gilan
Anzali,986,23715,22729,Gilan
Anzali,2468,34301,31833,Gilan
Anzali,2674,34725,32051,Gilan
Anzali,1986,40614,38628,Gilan
Anzali,802,43125,42323,Gilan
Anzali,-1116,40630,41746,Gilan
Anzali,-1940,42163,44103,Gilan
Anzali,-853,37483,38336,Gilan
Anzali,59,39957,39898,Gilan
Anzali,-615,38736,39351,Gilan
Anzali,-1086,37717,38803,Gilan
Anzali,-1812,36330,38142,Gilan
Anzali,-1082,34534,35616,Gilan
Anzali,-3002,26880,29882,Gilan
Anzali,-3101,28366,31467,Gilan
Anzali,-966,29377,30343,Gilan
Anzali,-604,28937,29541,Gilan
Anzali,-307,25837,26144,Gilan
Anzali,-403,27602,28005,Gilan
Anzali,15,26239,26224,Gilan
