City,Net,Input,Output,Province
Aq Chay,-20,4010,4030,Gilan
Aq Chay,243,3294,3051,Gilan
Aq Chay,55,3667,3612,Gilan
Aq Chay,-21,4468,4489,Gilan
Aq Chay,459,5125,4666,Gilan
Aq Chay,484,4237,3753,Gilan
Aq Chay,-92,4619,4711,Gilan
Aq Chay,339,4815,4476,Gilan
Aq Chay,675,5474,4799,Gilan
Aq Chay,-17,3877,3894,Gilan
Aq Chay,-1439,6127,7566,Gilan
Aq Chay,-1313,7478,8791,Gilan
Aq Chay,-513,9131,9644,Gilan
Aq Chay,611,10075,9464,Gilan
Aq Chay,978,10301,9323,Gilan
Aq Chay,1648,12257,10609,Gilan
Aq Chay,1092,8528,7436,Gilan
Aq Chay,-62,7748,7810,Gilan
Aq Chay,-65,8610,8675,Gilan
Aq Chay,-472,7872,8344,Gilan
Aq Chay,-831,7727,8558,Gilan
Aq Chay,-1601,7890,9491,Gilan
Aq Chay,1386,8576,7190,Gilan
Aq Chay,468,7134,6666,Gilan
Aq Chay,-1390,5515,6905,Gilan
Aq Chay,-924,5077,6001,Gilan
Aq Chay,-675,4618,5293,Gilan
Aq Chay,-396,4493,4889,Gilan
Aq Chay,-351,4485,4836,Gilan
