City,Net,Input,Output,Province
Aq Qala,-306,28089,28395,Golestan
Aq Qala,-181,20775,20956,Golestan
Aq Qala,-530,27236,27766,Golestan
Aq Qala,-125,32055,32180,Golestan
Aq Qala,-222,31963,32185,Golestan
Aq Qala,-330,32971,33301,Golestan
Aq Qala,-347,34374,34721,Golestan
Aq Qala,-270,36040,36310,Golestan
Aq Qala,-45,28774,28819,Golestan
Aq Qala,23,23480,23457,Golestan
Aq Qala,-255,22804,23059,Golestan
Aq Qala,-152,23703,23855,Golestan
Aq Qala,-160,26057,26217,Golestan
Aq Qala,-194,26468,26662,Golestan
Aq Qala,-459,29251,29710,Golestan
Aq Qala,177,24531,24354,Golestan
Aq Qala,-283,31335,31618,Golestan
Aq Qala,-204,28100,28304,Golestan
Aq Qala,-335,27104,27439,Golestan
Aq Qala,-724,36200,36924,Golestan
Aq Qala,-788,37834,38622,Golestan
Aq Qala,-794,35336,36130,Golestan
Aq Qala,-558,23798,24356,Golestan
Aq Qala,-764,36560,37324,Golestan
Aq Qala,-781,37793,38574,Golestan
Aq Qala,-679,38426,39105,Golestan
Aq Qala,-690,37534,38224,Golestan
Aq Qala,-585,37619,38204,Golestan
Aq Qala,-444,38108,38552,Golestan
