City,Net,Input,Output,Province
Asalem,865,11409,10544,Gilan
Asalem,-653,8568,9221,Gilan
Asalem,29,11301,11272,Gilan
Asalem,642,12933,12291,Gilan
Asalem,990,13478,12488,Gilan
Asalem,1692,13666,11974,Gilan
Asalem,502,13173,12671,Gilan
Asalem,2552,15537,12985,Gilan
Asalem,3344,15320,11976,Gilan
Asalem,2257,12124,9867,Gilan
Asalem,1315,15695,14380,Gilan
Asalem,746,15829,15083,Gilan
Asalem,165,18388,18223,Gilan
Asalem,-225,19784,20009,Gilan
Asalem,-698,19140,19838,Gilan
Asalem,-1750,21325,23075,Gilan
Asalem,-1371,17582,18953,Gilan
Asalem,-742,18579,19321,Gilan
Asalem,-1449,18569,20018,Gilan
Asalem,-1808,18044,19852,Gilan
Asalem,-1935,17983,19918,Gilan
Asalem,-2305,17723,20028,Gilan
Asalem,-1942,16539,18481,Gilan
Asalem,-5130,13325,18455,Gilan
Asalem,-3051,13631,16682,Gilan
Asalem,-1862,13139,15001,Gilan
Asalem,-940,12860,13800,Gilan
Asalem,-440,12812,13252,Gilan
Asalem,-225,12179,12404,Gilan
