City,Net,Input,Output,Province
Astara,-591,10862,11453,Gilan
Astara,-1099,8793,9892,Gilan
Astara,-1340,10306,11646,Gilan
Astara,-747,12154,12901,Gilan
Astara,-1325,12589,13914,Gilan
Astara,-975,11279,12254,Gilan
Astara,-712,12235,12947,Gilan
Astara,-409,13131,13540,Gilan
Astara,-12,13285,13297,Gilan
Astara,-420,10452,10872,Gilan
Astara,508,15474,14966,Gilan
Astara,104,17400,17296,Gilan
Astara,-746,19490,20236,Gilan
Astara,-1269,18947,20216,Gilan
Astara,-1516,20065,21581,Gilan
Astara,-2343,21671,24014,Gilan
Astara,-1670,17895,19565,Gilan
Astara,-939,17864,18803,Gilan
Astara,-1093,18340,19433,Gilan
Astara,-1212,17856,19068,Gilan
Astara,-1111,17931,19042,Gilan
Astara,-293,18576,18869,Gilan
Astara,-2159,13442,15601,Gilan
Astara,-3175,14448,17623,Gilan
Astara,-1276,14495,15771,Gilan
Astara,-995,13477,14472,Gilan
Astara,-803,12736,13539,Gilan
Astara,-753,12340,13093,Gilan
Astara,-448,12081,12529,Gilan
