City,Net,Input,Output,Province
Astaneh,-781,54644,55425,Gilan
Astaneh,-1082,42797,43879,Gilan
Astaneh,-706,58217,58923,Gilan
Astaneh,-990,63205,64195,Gilan
Astaneh,-1041,65628,66669,Gilan
Astaneh,-378,62536,62914,Gilan
Astaneh,-850,68419,69269,Gilan
Astaneh,520,70334,69814,Gilan
Astaneh,556,62325,61769,Gilan
Astaneh,1561,51269,49708,Gilan
Astaneh,368,64692,64324,Gilan
Astaneh,-944,66164,67108,Gilan
Astaneh,-1594,75635,77229,Gilan
Astaneh,-1807,77806,79613,Gilan
Astaneh,-1492,82027,83519,Gilan
Astaneh,-2765,83046,85811,Gilan
Astaneh,-1833,77977,79810,Gilan
Astaneh,-1806,81410,83216,Gilan
Astaneh,-1676,78936,80612,Gilan
Astaneh,-2131,78653,80784,Gilan
Astaneh,-2745,78306,81051,Gilan
Astaneh,-2379,70939,73318,Gilan
Astaneh,-2757,48297,51054,Gilan
Astaneh,-3483,64605,68088,Gilan
Astaneh,-1915,63654,65569,Gilan
Astaneh,-693,61835,62528,Gilan
Astaneh,-383,58322,58705,Gilan
Astaneh,-376,60540,60916,Gilan
Astaneh,210,56589,56379,Gilan
