City,Net,Input,Output,Province
Azadshahr,11091,49497,38406,Golestan
Azadshahr,6078,38577,32499,Golestan
Azadshahr,5105,34764,29659,Golestan
Azadshahr,9541,44735,35194,Golestan
Azadshahr,13750,48073,34323,Golestan
Azadshahr,12597,47689,35092,Golestan
Azadshahr,11413,47986,36573,Golestan
Azadshahr,15011,53111,38100,Golestan
Azadshahr,14992,49096,34104,Golestan
Azadshahr,14692,42357,27665,Golestan
Azadshahr,14595,45706,31111,Golestan
Azadshahr,10293,45358,35065,Golestan
Azadshahr,12579,50090,37511,Golestan
Azadshahr,12552,51018,38466,Golestan
Azadshahr,14076,54078,40002,Golestan
Azadshahr,9843,48276,38433,Golestan
Azadshahr,1108,39771,38663,Golestan
Azadshahr,-11395,24597,35992,Golestan
Azadshahr,-12863,25663,38526,Golestan
Azadshahr,-13158,27365,40523,Golestan
Azadshahr,-15629,28970,44599,Golestan
Azadshahr,-19100,28417,47517,Golestan
Azadshahr,-11790,18042,29832,Golestan
Azadshahr,-13159,24749,37908,Golestan
Azadshahr,-12415,24485,36900,Golestan
Azadshahr,-11914,24793,36707,Golestan
Azadshahr,-10791,23850,34641,Golestan
Azadshahr,-10454,24124,34578,Golestan
Azadshahr,-10951,21315,32266,Golestan
