City,Net,Input,Output,Province
Babol,-7347,126866,134213,Mazandaran
Babol,-6868,106642,113510,Mazandaran
Babol,-6388,121971,128359,Mazandaran
Babol,-3139,149655,152794,Mazandaran
Babol,-3478,149799,153277,Mazandaran
Babol,-8534,141843,150377,Mazandaran
Babol,-5946,158576,164522,Mazandaran
Babol,-4100,137307,141407,Mazandaran
Babol,-752,138768,139520,Mazandaran
Babol,798,117598,116800,Mazandaran
Babol,-3813,117899,121712,Mazandaran
Babol,-6595,123203,129798,Mazandaran
Babol,-3898,146848,150746,Mazandaran
Babol,-1235,150313,151548,Mazandaran
Babol,-9324,141155,150479,Mazandaran
Babol,-12150,139229,151379,Mazandaran
Babol,-14376,147631,162007,Mazandaran
Babol,-11836,141479,153315,Mazandaran
Babol,-9559,144732,154291,Mazandaran
Babol,-11665,150190,161855,Mazandaran
Babol,-10909,145916,156825,Mazandaran
Babol,-9267,139346,148613,Mazandaran
Babol,-11815,109003,120818,Mazandaran
Babol,-19218,134185,153403,Mazandaran
Babol,-14410,145422,159832,Mazandaran
Babol,-5154,146688,151842,Mazandaran
Babol,-9375,129893,139268,Mazandaran
Babol,-5087,147362,152449,Mazandaran
Babol,-4500,143476,147976,Mazandaran
