City,Net,Input,Output,Province
Babolsar,448,66605,66157,Mazandaran
Babolsar,-2140,51316,53456,Mazandaran
Babolsar,3197,61152,57955,Mazandaran
Babolsar,3173,67921,64748,Mazandaran
Babolsar,913,66459,65546,Mazandaran
Babolsar,3334,75333,71999,Mazandaran
Babolsar,10090,73411,63321,Mazandaran
Babolsar,-1846,70358,72204,Mazandaran
Babolsar,1696,68877,67181,Mazandaran
Babolsar,-189,58665,58854,Mazandaran
Babolsar,3399,66849,63450,Mazandaran
Babolsar,2076,73282,71206,Mazandaran
Babolsar,-988,85290,86278,Mazandaran
Babolsar,3470,77128,73658,Mazandaran
Babolsar,1785,78996,77211,Mazandaran
Babolsar,570,79545,78975,Mazandaran
Babolsar,-3677,81957,85634,Mazandaran
Babolsar,2196,80597,78401,Mazandaran
Babolsar,288,81732,81444,Mazandaran
Babolsar,-1796,79088,80884,Mazandaran
Babolsar,-3112,76558,79670,Mazandaran
Babolsar,27025,72767,45742,Mazandaran
Babolsar,11946,58388,46442,Mazandaran
Babolsar,-1104,64839,65943,Mazandaran
Babolsar,-2730,65391,68121,Mazandaran
Babolsar,-2600,60517,63117,Mazandaran
Babolsar,-3436,59809,63245,Mazandaran
Babolsar,-2630,63929,66559,Mazandaran
Babolsar,-781,61381,62162,Mazandaran
