City,Net,Input,Output,Province
Bandar-e Amirabad,-45,1067,1112,Mazandaran
Bandar-e Amirabad,-3,778,781,Mazandaran
Bandar-e Amirabad,-113,949,1062,Mazandaran
Bandar-e Amirabad,-92,1128,1220,Mazandaran
Bandar-e Amirabad,-71,1274,1345,Mazandaran
Bandar-e Amirabad,-137,1254,1391,Mazandaran
Bandar-e Amirabad,-138,1215,1353,Mazandaran
Bandar-e Amirabad,-72,1150,1222,Mazandaran
Bandar-e Amirabad,0,857,857,Mazandaran
Bandar-e Amirabad,0,0,0,Mazandaran
Bandar-e Amirabad,0,0,0,Mazandaran
Bandar-e Amirabad,-30,402,432,Mazandaran
Bandar-e Amirabad,121,1310,1189,Mazandaran
Bandar-e Amirabad,178,1437,1259,Mazandaran
Bandar-e Amirabad,131,1324,1193,Mazandaran
Bandar-e Amirabad,49,1103,1054,Mazandaran
Bandar-e Amirabad,102,1335,1233,Mazandaran
Bandar-e Amirabad,41,1233,1192,Mazandaran
Bandar-e Amirabad,290,1511,1221,Mazandaran
Bandar-e Amirabad,94,1455,1361,Mazandaran
Bandar-e Amirabad,189,1378,1189,Mazandaran
Bandar-e Amirabad,86,1204,1118,Mazandaran
Bandar-e Amirabad,-68,1009,1077,Mazandaran
Bandar-e Amirabad,25,1134,1109,Mazandaran
Bandar-e Amirabad,136,1299,1163,Mazandaran
Bandar-e Amirabad,64,1383,1319,Mazandaran
Bandar-e Amirabad,99,1277,1178,Mazandaran
Bandar-e Amirabad,93,1318,1225,Mazandaran
Bandar-e Amirabad,118,1256,1138,Mazandaran
