City,Net,Input,Output,Province
Behnamir,-54,14436,14490,Mazandaran
Behnamir,-1800,9432,11232,Mazandaran
Behnamir,-2758,9416,12174,Mazandaran
Behnamir,-2012,11721,13733,Mazandaran
Behnamir,-1506,11907,13413,Mazandaran
Behnamir,-410,13954,14364,Mazandaran
Behnamir,-680,13299,13979,Mazandaran
Behnamir,73,14255,14182,Mazandaran
Behnamir,171,13929,13758,Mazandaran
Behnamir,-642,11525,12167,Mazandaran
Behnamir,789,11890,11101,Mazandaran
Behnamir,767,14155,13388,Mazandaran
Behnamir,1153,16687,15534,Mazandaran
Behnamir,631,14360,13729,Mazandaran
Behnamir,-120,17424,17544,Mazandaran
Behnamir,-975,14337,15312,Mazandaran
Behnamir,-573,14607,15180,Mazandaran
Behnamir,-583,14060,14643,Mazandaran
Behnamir,-976,14420,15396,Mazandaran
Behnamir,-695,15227,15922,Mazandaran
Behnamir,-344,15598,15942,Mazandaran
Behnamir,-1002,13728,14730,Mazandaran
Behnamir,-1642,10992,12634,Mazandaran
Behnamir,-548,12199,12747,Mazandaran
Behnamir,-281,14222,14503,Mazandaran
Behnamir,153,12606,12453,Mazandaran
Behnamir,-72,14472,14544,Mazandaran
Behnamir,-358,14331,14689,Mazandaran
Behnamir,8,13223,13215,Mazandaran
