City,Net,Input,Output,Province
Behshahr,1921,32206,30285,Mazandaran
Behshahr,-407,27443,27850,Mazandaran
Behshahr,-969,25194,26163,Mazandaran
Behshahr,-1765,31148,32913,Mazandaran
Behshahr,-319,32419,32738,Mazandaran
Behshahr,394,36557,36163,Mazandaran
Behshahr,2200,38350,36150,Mazandaran
Behshahr,3183,44425,41242,Mazandaran
Behshahr,2866,38606,35740,Mazandaran
Behshahr,3089,27722,24633,Mazandaran
Behshahr,2309,28900,26591,Mazandaran
Behshahr,2542,33869,31327,Mazandaran
Behshahr,2218,36989,34771,Mazandaran
Behshahr,2559,38545,35986,Mazandaran
Behshahr,728,41709,40981,Mazandaran
Behshahr,-3476,39492,42968,Mazandaran
Behshahr,99,42449,42350,Mazandaran
Behshahr,-1698,38656,40354,Mazandaran
Behshahr,-1603,38880,40483,Mazandaran
Behshahr,48,40999,40951,Mazandaran
Behshahr,516,42050,41534,Mazandaran
Behshahr,-1393,33635,35028,Mazandaran
Behshahr,-925,26713,27638,Mazandaran
Behshahr,-1001,37168,38169,Mazandaran
Behshahr,-2339,36040,38379,Mazandaran
Behshahr,-1066,34524,35590,Mazandaran
Behshahr,115,32787,32672,Mazandaran
Behshahr,1411,34811,33400,Mazandaran
Behshahr,1185,34449,33264,Mazandaran
