City,Net,Input,Output,Province
Chaboksar,263,34282,34019,Gilan
Chaboksar,-147,27591,27738,Gilan
Chaboksar,331,36188,35857,Gilan
Chaboksar,-380,32894,33274,Gilan
Chaboksar,-7,37994,38001,Gilan
Chaboksar,202,36382,36180,Gilan
Chaboksar,292,39233,38941,Gilan
Chaboksar,-11860,25627,37487,Gilan
Chaboksar,-11812,26840,38652,Gilan
Chaboksar,-7436,22844,30280,Gilan
Chaboksar,-2995,39540,42535,Gilan
Chaboksar,434,46950,46516,Gilan
Chaboksar,-204,62650,62854,Gilan
Chaboksar,-3719,64500,68219,Gilan
Chaboksar,-516,59682,60198,Gilan
Chaboksar,-543,65015,65558,Gilan
Chaboksar,-833,54615,55448,Gilan
Chaboksar,-562,56165,56727,Gilan
Chaboksar,-985,55117,56102,Gilan
Chaboksar,-811,53689,54500,Gilan
Chaboksar,-528,49031,49559,Gilan
Chaboksar,-712,48909,49621,Gilan
Chaboksar,-1439,30197,31636,Gilan
Chaboksar,-2368,38587,40955,Gilan
Chaboksar,-1470,35510,36980,Gilan
Chaboksar,-917,34410,35327,Gilan
Chaboksar,-852,33770,34622,Gilan
Chaboksar,-456,35502,35958,Gilan
Chaboksar,-133,34729,34862,Gilan
