City,Net,Input,Output,Province
Chalus,319,39342,39023,Mazandaran
Chalus,-125,29560,29685,Mazandaran
Chalus,-1856,45392,47248,Mazandaran
Chalus,2201,58234,56033,Mazandaran
Chalus,2645,61561,58916,Mazandaran
Chalus,2930,62776,59846,Mazandaran
Chalus,3411,60044,56633,Mazandaran
Chalus,3756,59449,55693,Mazandaran
Chalus,5432,64995,59563,Mazandaran
Chalus,3366,50228,46862,Mazandaran
Chalus,6715,65727,59012,Mazandaran
Chalus,5409,66675,61266,Mazandaran
Chalus,5329,82982,77653,Mazandaran
Chalus,2514,73288,70774,Mazandaran
Chalus,-1748,76422,78170,Mazandaran
Chalus,-2369,73578,75947,Mazandaran
Chalus,429,75811,75382,Mazandaran
Chalus,-33,79534,79567,Mazandaran
Chalus,-1278,73971,75249,Mazandaran
Chalus,-3452,76649,80101,Mazandaran
Chalus,-3384,69550,72934,Mazandaran
Chalus,-9584,61032,70616,Mazandaran
Chalus,-1163,53016,54179,Mazandaran
Chalus,-2495,57092,59587,Mazandaran
Chalus,-2168,52431,54599,Mazandaran
Chalus,776,57779,57003,Mazandaran
Chalus,696,50345,49649,Mazandaran
Chalus,999,53548,52549,Mazandaran
Chalus,-1086,53239,54325,Mazandaran
