City,Net,Input,Output,Province
Dabudsht,178,7360,7182,Mazandaran
Dabudsht,1012,6150,5138,Mazandaran
Dabudsht,586,6607,6021,Mazandaran
Dabudsht,350,7687,7337,Mazandaran
Dabudsht,143,7804,7661,Mazandaran
Dabudsht,169,7905,7736,Mazandaran
Dabudsht,-40,7628,7668,Mazandaran
Dabudsht,-449,7933,8382,Mazandaran
Dabudsht,-410,6992,7402,Mazandaran
Dabudsht,-762,7136,7898,Mazandaran
Dabudsht,-973,6481,7454,Mazandaran
Dabudsht,-725,7123,7848,Mazandaran
Dabudsht,-244,7587,7831,Mazandaran
Dabudsht,558,8209,7651,Mazandaran
Dabudsht,872,8259,7387,Mazandaran
Dabudsht,1083,8826,7743,Mazandaran
Dabudsht,1006,8876,7870,Mazandaran
Dabudsht,461,7773,7312,Mazandaran
Dabudsht,869,8837,7968,Mazandaran
Dabudsht,816,8379,7563,Mazandaran
Dabudsht,1385,8935,7550,Mazandaran
Dabudsht,1371,8547,7176,Mazandaran
Dabudsht,1344,7450,6106,Mazandaran
Dabudsht,1885,8185,6300,Mazandaran
Dabudsht,927,7630,6703,Mazandaran
Dabudsht,608,7545,6937,Mazandaran
Dabudsht,609,7416,6807,Mazandaran
Dabudsht,172,6919,6747,Mazandaran
Dabudsht,78,7596,7518,Mazandaran
