City,Net,Input,Output,Province
Deylaman,99,973,874,Gilan
Deylaman,-186,1031,1217,Gilan
Deylaman,-109,346,455,Gilan
Deylaman,23,644,621,Gilan
Deylaman,110,907,797,Gilan
Deylaman,136,1054,918,Gilan
Deylaman,134,1052,918,Gilan
Deylaman,410,1415,1005,Gilan
Deylaman,502,1964,1462,Gilan
Deylaman,651,1734,1083,Gilan
Deylaman,673,2866,2193,Gilan
Deylaman,377,2454,2077,Gilan
Deylaman,181,3400,3219,Gilan
Deylaman,-188,4025,4213,Gilan
Deylaman,-97,3068,3165,Gilan
Deylaman,-463,3792,4255,Gilan
Deylaman,-199,2081,2280,Gilan
Deylaman,-14,2437,2451,Gilan
Deylaman,-12,2989,3001,Gilan
Deylaman,-103,2740,2843,Gilan
Deylaman,14,2543,2529,Gilan
Deylaman,588,3303,2715,Gilan
Deylaman,-938,3329,4267,Gilan
Deylaman,-885,1045,1930,Gilan
Deylaman,-199,1152,1351,Gilan
Deylaman,-21,1171,1192,Gilan
Deylaman,21,1064,1043,Gilan
Deylaman,123,1152,1029,Gilan
Deylaman,426,1621,1195,Gilan
