City,Net,Input,Output,Province
Doab,1410,13348,11938,Mazandaran
Doab,106,10057,9951,Mazandaran
Doab,2565,10432,7867,Mazandaran
Doab,2133,15344,13211,Mazandaran
Doab,3153,16046,12893,Mazandaran
Doab,4073,17663,13590,Mazandaran
Doab,5151,17572,12421,Mazandaran
Doab,8432,23262,14830,Mazandaran
Doab,11550,24288,12738,Mazandaran
Doab,10614,20241,9627,Mazandaran
Doab,14230,26505,12275,Mazandaran
Doab,11490,27352,15862,Mazandaran
Doab,11480,32150,20670,Mazandaran
Doab,5513,21260,15747,Mazandaran
Doab,366,21974,21608,Mazandaran
Doab,-5821,23103,28924,Mazandaran
Doab,2935,28029,25094,Mazandaran
Doab,84,23820,23736,Mazandaran
Doab,-2723,21372,24095,Mazandaran
Doab,-4740,21916,26656,Mazandaran
Doab,-7776,18199,25975,Mazandaran
Doab,-11325,15413,26738,Mazandaran
Doab,-12297,13534,25831,Mazandaran
Doab,-11416,12841,24257,Mazandaran
Doab,-6549,13760,20309,Mazandaran
Doab,-1717,14007,15724,Mazandaran
Doab,-338,14050,14388,Mazandaran
Doab,945,14996,14051,Mazandaran
Doab,739,15544,14805,Mazandaran
