City,Net,Input,Output,Province
Fereydunkenar,2851,54871,52020,Mazandaran
Fereydunkenar,2657,43175,40518,Mazandaran
Fereydunkenar,627,45494,44867,Mazandaran
Fereydunkenar,-151,52433,52584,Mazandaran
Fereydunkenar,2147,55049,52902,Mazandaran
Fereydunkenar,182,58154,57972,Mazandaran
Fereydunkenar,-8493,47048,55541,Mazandaran
Fereydunkenar,5211,60875,55664,Mazandaran
Fereydunkenar,987,56246,55259,Mazandaran
Fereydunkenar,4935,51211,46276,Mazandaran
Fereydunkenar,920,52624,51704,Mazandaran
Fereydunkenar,1155,61999,60844,Mazandaran
Fereydunkenar,3124,73462,70338,Mazandaran
Fereydunkenar,-2615,70037,72652,Mazandaran
Fereydunkenar,-854,67717,68571,Mazandaran
Fereydunkenar,-921,70001,70922,Mazandaran
Fereydunkenar,2950,71886,68936,Mazandaran
Fereydunkenar,-665,63307,63972,Mazandaran
Fereydunkenar,-92,71783,71875,Mazandaran
Fereydunkenar,2571,71757,69186,Mazandaran
Fereydunkenar,2940,70963,68023,Mazandaran
Fereydunkenar,-27166,36118,63284,Mazandaran
Fereydunkenar,-12169,38709,50878,Mazandaran
Fereydunkenar,22,50629,50607,Mazandaran
Fereydunkenar,3029,52596,49567,Mazandaran
Fereydunkenar,3211,52741,49530,Mazandaran
Fereydunkenar,4519,52114,47595,Mazandaran
Fereydunkenar,4325,52644,48319,Mazandaran
Fereydunkenar,3895,53913,50018,Mazandaran
