City,Net,Input,Output,Province
Fuman,23264,42214,18950,Gilan
Fuman,14334,30344,16010,Gilan
Fuman,19901,38218,18317,Gilan
Fuman,21800,43968,22168,Gilan
Fuman,22989,45291,22302,Gilan
Fuman,24059,47058,22999,Gilan
Fuman,25858,49056,23198,Gilan
Fuman,31786,57020,25234,Gilan
Fuman,32456,54425,21969,Gilan
Fuman,30422,46807,16385,Gilan
Fuman,35250,57131,21881,Gilan
Fuman,33344,57385,24041,Gilan
Fuman,32980,61838,28858,Gilan
Fuman,28112,61245,33133,Gilan
Fuman,26704,62425,35721,Gilan
Fuman,21594,61709,40115,Gilan
Fuman,24711,60986,36275,Gilan
Fuman,26049,60701,34652,Gilan
Fuman,22502,57803,35301,Gilan
Fuman,21706,56824,35118,Gilan
Fuman,19588,55712,36124,Gilan
Fuman,16514,54235,37721,Gilan
Fuman,7165,38174,31009,Gilan
Fuman,9919,45301,35382,Gilan
Fuman,15656,45767,30111,Gilan
Fuman,18600,43203,24603,Gilan
Fuman,20886,41484,20598,Gilan
Fuman,21263,42980,21717,Gilan
Fuman,21254,42207,20953,Gilan
