City,Net,Input,Output,Province
Gaduk,-1917,4587,6504,Mazandaran
Gaduk,2669,7026,4357,Mazandaran
Gaduk,478,4816,4338,Mazandaran
Gaduk,-1060,6247,7307,Mazandaran
Gaduk,-2308,6419,8727,Mazandaran
Gaduk,-3737,6250,9987,Mazandaran
Gaduk,-5411,6435,11846,Mazandaran
Gaduk,-8559,5637,14196,Mazandaran
Gaduk,-10121,4649,14770,Mazandaran
Gaduk,-7108,2841,9949,Mazandaran
Gaduk,-6425,3939,10364,Mazandaran
Gaduk,-5534,4818,10352,Mazandaran
Gaduk,-3629,6109,9738,Mazandaran
Gaduk,1150,12344,11194,Mazandaran
Gaduk,1510,10308,8798,Mazandaran
Gaduk,6794,15980,9186,Mazandaran
Gaduk,2650,11608,8958,Mazandaran
Gaduk,-1004,8268,9272,Mazandaran
Gaduk,2260,10364,8104,Mazandaran
Gaduk,2310,9744,7434,Mazandaran
Gaduk,4247,11265,7018,Mazandaran
Gaduk,8983,14116,5133,Mazandaran
Gaduk,9496,12327,2831,Mazandaran
Gaduk,12951,17210,4259,Mazandaran
Gaduk,5279,10596,5317,Mazandaran
Gaduk,2095,7898,5803,Mazandaran
Gaduk,519,6476,5957,Mazandaran
Gaduk,-944,6173,7117,Mazandaran
Gaduk,-808,5227,6035,Mazandaran
