City,Net,Input,Output,Province
Galikesh,175,9626,9451,Golestan
Galikesh,-221,7512,7733,Golestan
Galikesh,-178,6089,6267,Golestan
Galikesh,-491,9912,10403,Golestan
Galikesh,62,11178,11116,Golestan
Galikesh,565,11962,11397,Golestan
Galikesh,451,12198,11747,Golestan
Galikesh,1332,13609,12277,Golestan
Galikesh,1143,12355,11212,Golestan
Galikesh,1011,9924,8913,Golestan
Galikesh,-408,10682,11090,Golestan
Galikesh,-1163,11137,12300,Golestan
Galikesh,-1133,11909,13042,Golestan
Galikesh,-716,12583,13299,Golestan
Galikesh,-287,13697,13984,Golestan
Galikesh,-133,13050,13183,Golestan
Galikesh,-102,13867,13969,Golestan
Galikesh,-290,12437,12727,Golestan
Galikesh,-364,12959,13323,Golestan
Galikesh,-653,13801,14454,Golestan
Galikesh,-394,13648,14042,Golestan
Galikesh,553,12842,12289,Golestan
Galikesh,-711,7827,8538,Golestan
Galikesh,-346,12075,12421,Golestan
Galikesh,-551,11988,12539,Golestan
Galikesh,-452,11376,11828,Golestan
Galikesh,-25,11236,11261,Golestan
Galikesh,105,11049,10944,Golestan
Galikesh,213,10670,10457,Golestan
