City,Net,Input,Output,Province
Galugah,-635,11582,12217,Mazandaran
Galugah,-447,11414,11861,Mazandaran
Galugah,968,11585,10617,Mazandaran
Galugah,2299,29385,27086,Mazandaran
Galugah,411,37725,37314,Mazandaran
Galugah,-902,37988,38890,Mazandaran
Galugah,-2937,39549,42486,Mazandaran
Galugah,-5368,43346,48714,Mazandaran
Galugah,-6667,40055,46722,Mazandaran
Galugah,-3520,29042,32562,Mazandaran
Galugah,-2742,35588,38330,Mazandaran
Galugah,-2166,39265,41431,Mazandaran
Galugah,-1750,42150,43900,Mazandaran
Galugah,-2149,44891,47040,Mazandaran
Galugah,-353,48897,49250,Mazandaran
Galugah,2902,55042,52140,Mazandaran
Galugah,-378,46100,46478,Mazandaran
Galugah,1441,44070,42629,Mazandaran
Galugah,3431,50089,46658,Mazandaran
Galugah,875,46752,45877,Mazandaran
Galugah,938,47123,46185,Mazandaran
Galugah,3098,42884,39786,Mazandaran
Galugah,-452,30225,30677,Mazandaran
Galugah,-3466,15650,19116,Mazandaran
Galugah,1580,30774,29194,Mazandaran
Galugah,2712,38862,36150,Mazandaran
Galugah,419,35502,35083,Mazandaran
Galugah,-467,35367,35834,Mazandaran
Galugah,-4,35975,35979,Mazandaran
