City,Net,Input,Output,Province
Garmab,-324,2453,2777,Mazandaran
Garmab,1188,2819,1631,Mazandaran
Garmab,211,932,721,Mazandaran
Garmab,211,1725,1514,Mazandaran
Garmab,99,1978,1879,Mazandaran
Garmab,76,2130,2054,Mazandaran
Garmab,152,2249,2097,Mazandaran
Garmab,74,2820,2746,Mazandaran
Garmab,200,2861,2661,Mazandaran
Garmab,-700,1941,2641,Mazandaran
Garmab,-723,3056,3779,Mazandaran
Garmab,400,4183,3783,Mazandaran
Garmab,803,4998,4195,Mazandaran
Garmab,1028,5282,4254,Mazandaran
Garmab,303,4454,4151,Mazandaran
Garmab,1560,5499,3939,Mazandaran
Garmab,717,3545,2828,Mazandaran
Garmab,533,2588,2055,Mazandaran
Garmab,337,3463,3126,Mazandaran
Garmab,-34,3303,3337,Mazandaran
Garmab,-632,3208,3840,Mazandaran
Garmab,-1936,3484,5420,Mazandaran
Garmab,1942,4808,2866,Mazandaran
Garmab,980,3498,2518,Mazandaran
Garmab,175,2185,2010,Mazandaran
Garmab,64,2186,2122,Mazandaran
Garmab,74,2262,2188,Mazandaran
Garmab,-137,2237,2374,Mazandaran
Garmab,-1477,2445,3922,Mazandaran
