City,Net,Input,Output,Province
Garzin Kheil,885,13842,12957,Mazandaran
Garzin Kheil,177,14409,14232,Mazandaran
Garzin Kheil,-553,11822,12375,Mazandaran
Garzin Kheil,885,17432,16547,Mazandaran
Garzin Kheil,617,18468,17851,Mazandaran
Garzin Kheil,-706,15568,16274,Mazandaran
Garzin Kheil,-5127,9875,15002,Mazandaran
Garzin Kheil,-5746,4485,10231,Mazandaran
Garzin Kheil,-6887,5561,12448,Mazandaran
Garzin Kheil,-2640,3711,6351,Mazandaran
Garzin Kheil,92,6323,6231,Mazandaran
Garzin Kheil,5345,10910,5565,Mazandaran
Garzin Kheil,3682,10432,6750,Mazandaran
Garzin Kheil,974,18136,17162,Mazandaran
Garzin Kheil,-206,22623,22829,Mazandaran
Garzin Kheil,-768,25092,25860,Mazandaran
Garzin Kheil,-2423,22740,25163,Mazandaran
Garzin Kheil,-8368,19501,27869,Mazandaran
Garzin Kheil,-1384,21239,22623,Mazandaran
Garzin Kheil,-364,19775,20139,Mazandaran
Garzin Kheil,196,21173,20977,Mazandaran
Garzin Kheil,-520,20550,21070,Mazandaran
Garzin Kheil,635,18208,17573,Mazandaran
Garzin Kheil,2940,24278,21338,Mazandaran
Garzin Kheil,317,18771,18454,Mazandaran
Garzin Kheil,224,15705,15481,Mazandaran
Garzin Kheil,182,14540,14358,Mazandaran
Garzin Kheil,1720,9796,8076,Mazandaran
Garzin Kheil,1444,7375,5931,Mazandaran
