City,Net,Input,Output,Province
Gatab,-2168,17357,19525,Mazandaran
Gatab,1008,15500,14492,Mazandaran
Gatab,-41,14199,14240,Mazandaran
Gatab,-748,18545,19293,Mazandaran
Gatab,-1130,16155,17285,Mazandaran
Gatab,-1825,17156,18981,Mazandaran
Gatab,-1038,19933,20971,Mazandaran
Gatab,-1268,16611,17879,Mazandaran
Gatab,-1161,16968,18129,Mazandaran
Gatab,-2531,15398,17929,Mazandaran
Gatab,-893,15406,16299,Mazandaran
Gatab,174,16338,16164,Mazandaran
Gatab,-463,17986,18449,Mazandaran
Gatab,356,18105,17749,Mazandaran
Gatab,-1521,17295,18816,Mazandaran
Gatab,890,17687,16797,Mazandaran
Gatab,-154,19893,20047,Mazandaran
Gatab,-725,17958,18683,Mazandaran
Gatab,-773,18941,19714,Mazandaran
Gatab,-845,18249,19094,Mazandaran
Gatab,-1384,17451,18835,Mazandaran
Gatab,-2772,17203,19975,Mazandaran
Gatab,2462,18838,16376,Mazandaran
Gatab,693,16877,16184,Mazandaran
Gatab,-488,16625,17113,Mazandaran
Gatab,-389,17139,17528,Mazandaran
Gatab,-272,15096,15368,Mazandaran
Gatab,-912,15994,16906,Mazandaran
Gatab,-2143,17339,19482,Mazandaran
