City,Net,Input,Output,Province
Gazanak,2413,16486,14073,Mazandaran
Gazanak,8986,16396,7410,Mazandaran
Gazanak,7231,15953,8722,Mazandaran
Gazanak,186,17389,17203,Mazandaran
Gazanak,-5735,11794,17529,Mazandaran
Gazanak,-6631,11073,17704,Mazandaran
Gazanak,-3014,15346,18360,Mazandaran
Gazanak,-7377,14688,22065,Mazandaran
Gazanak,-3750,18920,22670,Mazandaran
Gazanak,-2197,15587,17784,Mazandaran
Gazanak,-292,24126,24418,Mazandaran
Gazanak,59,27341,27282,Mazandaran
Gazanak,-1607,25776,27383,Mazandaran
Gazanak,-1683,16091,17774,Mazandaran
Gazanak,3516,28585,25069,Mazandaran
Gazanak,-933,31289,32222,Mazandaran
Gazanak,-182,33413,33595,Mazandaran
Gazanak,-558,29327,29885,Mazandaran
Gazanak,-660,28451,29111,Mazandaran
Gazanak,-934,26669,27603,Mazandaran
Gazanak,-523,27103,27626,Mazandaran
Gazanak,65,23797,23732,Mazandaran
Gazanak,-891,17837,18728,Mazandaran
Gazanak,-1001,23399,24400,Mazandaran
Gazanak,-238,19227,19465,Mazandaran
Gazanak,-620,16480,17100,Mazandaran
Gazanak,-671,15619,16290,Mazandaran
Gazanak,-368,16717,17085,Mazandaran
Gazanak,402,14922,14520,Mazandaran
