City,Net,Input,Output,Province
Gilvan,201,1450,1249,Gilan
Gilvan,-109,804,913,Gilan
Gilvan,-34,1250,1284,Gilan
Gilvan,144,1546,1402,Gilan
Gilvan,137,1683,1546,Gilan
Gilvan,297,1569,1272,Gilan
Gilvan,113,1681,1568,Gilan
Gilvan,538,1956,1418,Gilan
Gilvan,959,2337,1378,Gilan
Gilvan,718,1669,951,Gilan
Gilvan,52,1722,1670,Gilan
Gilvan,-157,1798,1955,Gilan
Gilvan,-130,1987,2117,Gilan
Gilvan,4,2051,2047,Gilan
Gilvan,190,2228,2038,Gilan
Gilvan,-204,2520,2724,Gilan
Gilvan,61,2281,2220,Gilan
Gilvan,18,2111,2093,Gilan
Gilvan,74,2123,2049,Gilan
Gilvan,-13,1989,2002,Gilan
Gilvan,109,2015,1906,Gilan
Gilvan,242,1969,1727,Gilan
Gilvan,-780,1500,2280,Gilan
Gilvan,-1863,1342,3205,Gilan
Gilvan,-684,1301,1985,Gilan
Gilvan,-225,1408,1633,Gilan
Gilvan,-170,1338,1508,Gilan
Gilvan,-21,1410,1431,Gilan
Gilvan,219,1495,1276,Gilan
