City,Net,Input,Output,Province
Gomishan,83,5213,5130,Golestan
Gomishan,-120,4223,4343,Golestan
Gomishan,17,5238,5221,Golestan
Gomishan,-28,5592,5620,Golestan
Gomishan,-81,5623,5704,Golestan
Gomishan,49,5869,5820,Golestan
Gomishan,1,6257,6256,Golestan
Gomishan,136,6620,6484,Golestan
Gomishan,106,5449,5343,Golestan
Gomishan,215,5204,4989,Golestan
Gomishan,8,5577,5569,Golestan
Gomishan,-36,5742,5778,Golestan
Gomishan,7,6209,6202,Golestan
Gomishan,30,5976,5946,Golestan
Gomishan,100,6154,6054,Golestan
Gomishan,-88,5410,5498,Golestan
Gomishan,-34,6263,6297,Golestan
Gomishan,74,5526,5452,Golestan
Gomishan,25,5925,5900,Golestan
Gomishan,-14,6454,6468,Golestan
Gomishan,24,6454,6430,Golestan
Gomishan,13,5917,5904,Golestan
Gomishan,20,5192,5172,Golestan
Gomishan,-117,5736,5853,Golestan
Gomishan,-124,5905,6029,Golestan
Gomishan,-43,6280,6323,Golestan
Gomishan,23,6282,6259,Golestan
Gomishan,18,6188,6170,Golestan
Gomishan,87,5923,5836,Golestan
