City,Net,Input,Output,Province
Gonbad,-430,43089,43519,Golestan
Gonbad,433,33455,33022,Golestan
Gonbad,374,34919,34545,Golestan
Gonbad,-177,44821,44998,Golestan
Gonbad,-927,45287,46214,Golestan
Gonbad,-261,46565,46826,Golestan
Gonbad,434,50512,50078,Golestan
Gonbad,-439,53392,53831,Golestan
Gonbad,834,46228,45394,Golestan
Gonbad,-562,37977,38539,Golestan
Gonbad,-693,39482,40175,Golestan
Gonbad,-528,41107,41635,Golestan
Gonbad,-489,45475,45964,Golestan
Gonbad,-1345,45325,46670,Golestan
Gonbad,-4516,45256,49772,Golestan
Gonbad,320,40375,40055,Golestan
Gonbad,320,49237,48917,Golestan
Gonbad,17,43282,43265,Golestan
Gonbad,-622,45260,45882,Golestan
Gonbad,-358,51398,51756,Golestan
Gonbad,-212,50792,51004,Golestan
Gonbad,-2388,46077,48465,Golestan
Gonbad,1096,34506,33410,Golestan
Gonbad,273,46998,46725,Golestan
Gonbad,-228,47759,47987,Golestan
Gonbad,-324,48254,48578,Golestan
Gonbad,-3082,44296,47378,Golestan
Gonbad,-484,43055,43539,Golestan
Gonbad,-919,43568,44487,Golestan
