City,Net,Input,Output,Province
Gorgan,-1382,78104,79486,Golestan
Gorgan,5957,65498,59541,Golestan
Gorgan,2633,69884,67251,Golestan
Gorgan,2948,88917,85969,Golestan
Gorgan,2513,90410,87897,Golestan
Gorgan,674,91335,90661,Golestan
Gorgan,993,94058,93065,Golestan
Gorgan,-2594,95736,98330,Golestan
Gorgan,-2634,81820,84454,Golestan
Gorgan,-8144,64479,72623,Golestan
Gorgan,-99,69030,69129,Golestan
Gorgan,3338,74585,71247,Golestan
Gorgan,4210,82879,78669,Golestan
Gorgan,5842,88558,82716,Golestan
Gorgan,2875,92854,89979,Golestan
Gorgan,7215,83270,76055,Golestan
Gorgan,4982,94298,89316,Golestan
Gorgan,2283,85447,83164,Golestan
Gorgan,4958,91353,86395,Golestan
Gorgan,4924,97020,92096,Golestan
Gorgan,1898,95059,93161,Golestan
Gorgan,-2905,86531,89436,Golestan
Gorgan,11877,71476,59599,Golestan
Gorgan,9178,90768,81590,Golestan
Gorgan,6550,92628,86078,Golestan
Gorgan,5258,91790,86532,Golestan
Gorgan,4092,89761,85669,Golestan
Gorgan,2545,88767,86222,Golestan
Gorgan,-1837,86443,88280,Golestan
