City,Net,Input,Output,Province
Hasanrud,5391,5391,0,Gilan
Hasanrud,5087,5087,0,Gilan
Hasanrud,4770,4770,0,Gilan
Hasanrud,5230,5230,0,Gilan
Hasanrud,5356,5356,0,Gilan
Hasanrud,5704,5704,0,Gilan
Hasanrud,6573,6573,0,Gilan
Hasanrud,5953,5953,0,Gilan
Hasanrud,6651,6651,0,Gilan
Hasanrud,5396,5396,0,Gilan
Hasanrud,8539,8539,0,Gilan
Hasanrud,8672,8672,0,Gilan
Hasanrud,10474,10474,0,Gilan
Hasanrud,11396,11396,0,Gilan
Hasanrud,10483,10483,0,Gilan
Hasanrud,10849,10849,0,Gilan
Hasanrud,9395,9395,0,Gilan
Hasanrud,9923,9923,0,Gilan
Hasanrud,9805,9805,0,Gilan
Hasanrud,9403,9403,0,Gilan
Hasanrud,8760,8760,0,Gilan
Hasanrud,8185,8185,0,Gilan
Hasanrud,7799,7799,0,Gilan
Hasanrud,6905,6905,0,Gilan
Hasanrud,5897,5897,0,Gilan
Hasanrud,5721,5721,0,Gilan
Hasanrud,5442,5442,0,Gilan
Hasanrud,5623,5623,0,Gilan
Hasanrud,5625,5625,0,Gilan
