City,Net,Input,Output,Province
Hazarcham,6568,10837,4269,Mazandaran
Hazarcham,7189,10722,3533,Mazandaran
Hazarcham,10284,11044,760,Mazandaran
Hazarcham,8843,14787,5944,Mazandaran
Hazarcham,7840,13021,5181,Mazandaran
Hazarcham,7302,12258,4956,Mazandaran
Hazarcham,9324,14213,4889,Mazandaran
Hazarcham,13205,17971,4766,Mazandaran
Hazarcham,16014,20661,4647,Mazandaran
Hazarcham,7733,9041,1308,Mazandaran
Hazarcham,6933,9096,2163,Mazandaran
Hazarcham,18958,25227,6269,Mazandaran
Hazarcham,17471,27418,9947,Mazandaran
Hazarcham,6983,14954,7971,Mazandaran
Hazarcham,-172,17794,17966,Mazandaran
Hazarcham,-2156,19028,21184,Mazandaran
Hazarcham,4508,23057,18549,Mazandaran
Hazarcham,3660,22412,18752,Mazandaran
Hazarcham,243,18577,18334,Mazandaran
Hazarcham,-4785,15302,20087,Mazandaran
Hazarcham,-7471,13512,20983,Mazandaran
Hazarcham,-7735,12887,20622,Mazandaran
Hazarcham,-9269,8123,17392,Mazandaran
Hazarcham,-10509,9342,19851,Mazandaran
Hazarcham,-4177,9273,13450,Mazandaran
Hazarcham,190,8467,8277,Mazandaran
Hazarcham,894,7365,6471,Mazandaran
Hazarcham,3097,9039,5942,Mazandaran
Hazarcham,1501,6527,5026,Mazandaran
