City,Net,Input,Output,Province
Imamzadeh Hashem,11182,67898,56716,Gilan
Imamzadeh Hashem,3002,55500,52498,Gilan
Imamzadeh Hashem,8012,61250,53238,Gilan
Imamzadeh Hashem,13068,75418,62350,Gilan
Imamzadeh Hashem,-264,73918,74182,Gilan
Imamzadeh Hashem,-45774,62400,108174,Gilan
Imamzadeh Hashem,-42856,69394,112250,Gilan
Imamzadeh Hashem,-35782,88034,123816,Gilan
Imamzadeh Hashem,-28014,98194,126208,Gilan
Imamzadeh Hashem,-4806,73360,78166,Gilan
Imamzadeh Hashem,7834,95812,87978,Gilan
Imamzadeh Hashem,18948,98066,79118,Gilan
Imamzadeh Hashem,756,97672,96916,Gilan
Imamzadeh Hashem,-37830,98572,136402,Gilan
Imamzadeh Hashem,-19116,94450,113566,Gilan
Imamzadeh Hashem,-49646,103530,153176,Gilan
Imamzadeh Hashem,-50216,95984,146200,Gilan
Imamzadeh Hashem,-21490,89348,110838,Gilan
Imamzadeh Hashem,-30748,85302,116050,Gilan
Imamzadeh Hashem,-24542,75046,99588,Gilan
Imamzadeh Hashem,-32712,74858,107570,Gilan
Imamzadeh Hashem,-43254,68666,111920,Gilan
Imamzadeh Hashem,-29362,62384,91746,Gilan
Imamzadeh Hashem,-45576,65734,111310,Gilan
Imamzadeh Hashem,-29876,57108,86984,Gilan
Imamzadeh Hashem,-28404,48646,77050,Gilan
Imamzadeh Hashem,-24620,47098,71718,Gilan
Imamzadeh Hashem,-19016,51426,70442,Gilan
Imamzadeh Hashem,-7544,49068,56612,Gilan
