City,Net,Input,Output,Province
Incheh Borun,791,5265,4474,Golestan
Incheh Borun,916,5564,4648,Golestan
Incheh Borun,569,3485,2916,Golestan
Incheh Borun,617,4740,4123,Golestan
Incheh Borun,658,4224,3566,Golestan
Incheh Borun,953,5525,4572,Golestan
Incheh Borun,196,5668,5472,Golestan
Incheh Borun,296,6717,6421,Golestan
Incheh Borun,-8,10047,10055,Golestan
Incheh Borun,160,5792,5632,Golestan
Incheh Borun,260,7473,7213,Golestan
Incheh Borun,74,7761,7687,Golestan
Incheh Borun,-114,9080,9194,Golestan
Incheh Borun,-394,8758,9152,Golestan
Incheh Borun,248,8368,8120,Golestan
Incheh Borun,-777,11900,12677,Golestan
Incheh Borun,-256,6612,6868,Golestan
Incheh Borun,-203,4349,4552,Golestan
Incheh Borun,119,8625,8506,Golestan
Incheh Borun,-3,8603,8606,Golestan
Incheh Borun,60,9150,9090,Golestan
Incheh Borun,514,11249,10735,Golestan
Incheh Borun,-1339,8800,10139,Golestan
Incheh Borun,-357,6013,6370,Golestan
Incheh Borun,-97,6055,6152,Golestan
Incheh Borun,-197,6415,6612,Golestan
Incheh Borun,-199,5998,6197,Golestan
Incheh Borun,-96,2250,2346,Golestan
Incheh Borun,78,5820,5742,Golestan
