City,Net,Input,Output,Province
Juybar,-3384,26364,29748,Mazandaran
Juybar,-513,21555,22068,Mazandaran
Juybar,-1495,26369,27864,Mazandaran
Juybar,-836,32365,33201,Mazandaran
Juybar,-1690,32729,34419,Mazandaran
Juybar,-2622,31731,34353,Mazandaran
Juybar,1373,29017,27644,Mazandaran
Juybar,-2304,33732,36036,Mazandaran
Juybar,-1895,26991,28886,Mazandaran
Juybar,-1018,21946,22964,Mazandaran
Juybar,-1008,18867,19875,Mazandaran
Juybar,-2043,19453,21496,Mazandaran
Juybar,-137,22799,22936,Mazandaran
Juybar,-393,23075,23468,Mazandaran
Juybar,43,25887,25844,Mazandaran
Juybar,-2834,22947,25781,Mazandaran
Juybar,-738,28440,29178,Mazandaran
Juybar,-1390,27181,28571,Mazandaran
Juybar,-47,25503,25550,Mazandaran
Juybar,251,29433,29182,Mazandaran
Juybar,-1508,27347,28855,Mazandaran
Juybar,-1318,23833,25151,Mazandaran
Juybar,-1900,17951,19851,Mazandaran
Juybar,-550,28825,29375,Mazandaran
Juybar,-798,29794,30592,Mazandaran
Juybar,-1098,30537,31635,Mazandaran
Juybar,-499,31199,31698,Mazandaran
Juybar,-56,30110,30166,Mazandaran
Juybar,-1989,29061,31050,Mazandaran
