City,Net,Input,Output,Province
Kalachay,853,27015,26162,Gilan
Kalachay,-211,21016,21227,Gilan
Kalachay,115,28791,28676,Gilan
Kalachay,415,29532,29117,Gilan
Kalachay,304,30595,30291,Gilan
Kalachay,734,30444,29710,Gilan
Kalachay,581,31832,31251,Gilan
Kalachay,13705,34602,20897,Gilan
Kalachay,13994,30563,16569,Gilan
Kalachay,10697,23623,12926,Gilan
Kalachay,5976,32270,26294,Gilan
Kalachay,1061,35612,34551,Gilan
Kalachay,381,42229,41848,Gilan
Kalachay,3944,47585,43641,Gilan
Kalachay,794,44697,43903,Gilan
Kalachay,-430,44411,44841,Gilan
Kalachay,45,42158,42113,Gilan
Kalachay,614,41601,40987,Gilan
Kalachay,151,39901,39750,Gilan
Kalachay,-69,39583,39652,Gilan
Kalachay,-23,38165,38188,Gilan
Kalachay,382,34983,34601,Gilan
Kalachay,-994,20857,21851,Gilan
Kalachay,-1354,28983,30337,Gilan
Kalachay,155,27595,27440,Gilan
Kalachay,137,27368,27231,Gilan
Kalachay,283,26852,26569,Gilan
Kalachay,563,26610,26047,Gilan
Kalachay,876,26416,25540,Gilan
