City,Net,Input,Output,Province
Kalan Kalaye,-690,1174,1864,Gilan
Kalan Kalaye,107,1307,1200,Gilan
Kalan Kalaye,-50,639,689,Gilan
Kalan Kalaye,-206,1138,1344,Gilan
Kalan Kalaye,307,1064,757,Gilan
Kalan Kalaye,-117,1720,1837,Gilan
Kalan Kalaye,-129,1475,1604,Gilan
Kalan Kalaye,206,2676,2470,Gilan
Kalan Kalaye,41,3174,3133,Gilan
Kalan Kalaye,-89,3390,3479,Gilan
Kalan Kalaye,-228,3521,3749,Gilan
Kalan Kalaye,86,3851,3765,Gilan
Kalan Kalaye,-498,3718,4216,Gilan
Kalan Kalaye,-29,4469,4498,Gilan
Kalan Kalaye,-339,3911,4250,Gilan
Kalan Kalaye,-499,3488,3987,Gilan
Kalan Kalaye,-7,3294,3301,Gilan
Kalan Kalaye,89,3045,2956,Gilan
Kalan Kalaye,-23,2978,3001,Gilan
Kalan Kalaye,29,3051,3022,Gilan
Kalan Kalaye,-13,2726,2739,Gilan
Kalan Kalaye,-91,3746,3837,Gilan
Kalan Kalaye,296,2546,2250,Gilan
Kalan Kalaye,253,1470,1217,Gilan
Kalan Kalaye,-291,2039,2330,Gilan
Kalan Kalaye,-171,2707,2878,Gilan
Kalan Kalaye,-76,2845,2921,Gilan
Kalan Kalaye,-99,2810,2909,Gilan
Kalan Kalaye,-79,3092,3171,Gilan
