City,Net,Input,Output,Province
Kalaleh,-2096,0,2096,Golestan
Kalaleh,-1338,0,1338,Golestan
Kalaleh,-564,0,564,Golestan
Kalaleh,-1490,0,1490,Golestan
Kalaleh,-2167,0,2167,Golestan
Kalaleh,-2325,0,2325,Golestan
Kalaleh,-2524,0,2524,Golestan
Kalaleh,-2783,0,2783,Golestan
Kalaleh,-1957,0,1957,Golestan
Kalaleh,-2138,0,2138,Golestan
Kalaleh,-2274,0,2274,Golestan
Kalaleh,-2305,0,2305,Golestan
Kalaleh,-2431,0,2431,Golestan
Kalaleh,-2685,0,2685,Golestan
Kalaleh,-2743,0,2743,Golestan
Kalaleh,-1915,0,1915,Golestan
Kalaleh,-2658,0,2658,Golestan
Kalaleh,-1996,0,1996,Golestan
Kalaleh,-2287,0,2287,Golestan
Kalaleh,-3110,0,3110,Golestan
Kalaleh,-3067,0,3067,Golestan
Kalaleh,-2780,0,2780,Golestan
Kalaleh,-1728,0,1728,Golestan
Kalaleh,-2262,0,2262,Golestan
Kalaleh,-2466,0,2466,Golestan
Kalaleh,-2552,0,2552,Golestan
Kalaleh,-2513,0,2513,Golestan
Kalaleh,-2729,0,2729,Golestan
Kalaleh,-2681,0,2681,Golestan
