City,Net,Input,Output,Province
Khalkhal,285,1199,914,Gilan
Khalkhal,94,971,877,Gilan
Khalkhal,-38,320,358,Gilan
Khalkhal,188,929,741,Gilan
Khalkhal,253,997,744,Gilan
Khalkhal,302,1155,853,Gilan
Khalkhal,138,1051,913,Gilan
Khalkhal,251,1441,1190,Gilan
Khalkhal,665,2280,1615,Gilan
Khalkhal,602,2067,1465,Gilan
Khalkhal,541,3221,2680,Gilan
Khalkhal,199,2597,2398,Gilan
Khalkhal,147,2895,2748,Gilan
Khalkhal,302,3409,3107,Gilan
Khalkhal,40,3271,3231,Gilan
Khalkhal,-303,4697,5000,Gilan
Khalkhal,-49,2590,2639,Gilan
Khalkhal,-54,2754,2808,Gilan
Khalkhal,47,3331,3284,Gilan
Khalkhal,54,2916,2862,Gilan
Khalkhal,138,3034,2896,Gilan
Khalkhal,492,3841,3349,Gilan
Khalkhal,-97,5601,5698,Gilan
Khalkhal,-492,2084,2576,Gilan
Khalkhal,-228,2027,2255,Gilan
Khalkhal,11,1910,1899,Gilan
Khalkhal,167,1848,1681,Gilan
Khalkhal,246,1753,1507,Gilan
Khalkhal,490,2018,1528,Gilan
