City,Net,Input,Output,Province
Khazarabad,3118,27422,24304,Mazandaran
Khazarabad,-392,19064,19456,Mazandaran
Khazarabad,589,19914,19325,Mazandaran
Khazarabad,1427,23185,21758,Mazandaran
Khazarabad,1931,24771,22840,Mazandaran
Khazarabad,3456,29180,25724,Mazandaran
Khazarabad,1185,24678,23493,Mazandaran
Khazarabad,3156,24037,20881,Mazandaran
Khazarabad,1435,21246,19811,Mazandaran
Khazarabad,3495,22240,18745,Mazandaran
Khazarabad,1664,18807,17143,Mazandaran
Khazarabad,1451,20964,19513,Mazandaran
Khazarabad,2441,22454,20013,Mazandaran
Khazarabad,2303,25810,23507,Mazandaran
Khazarabad,1829,26686,24857,Mazandaran
Khazarabad,249,24300,24051,Mazandaran
Khazarabad,720,24941,24221,Mazandaran
Khazarabad,2443,24688,22245,Mazandaran
Khazarabad,1800,25930,24130,Mazandaran
Khazarabad,1624,26035,24411,Mazandaran
Khazarabad,-273,14681,14954,Mazandaran
Khazarabad,791,16582,15791,Mazandaran
Khazarabad,-4004,15079,19083,Mazandaran
Khazarabad,-313,15925,16238,Mazandaran
Khazarabad,2175,24841,22666,Mazandaran
Khazarabad,1434,25249,23815,Mazandaran
Khazarabad,1813,24641,22828,Mazandaran
Khazarabad,-556,17714,18270,Mazandaran
Khazarabad,3125,23580,20455,Mazandaran
