City,Net,Input,Output,Province
Khomam,1030,46952,45922,Gilan
Khomam,-599,38000,38599,Gilan
Khomam,245,46713,46468,Gilan
Khomam,551,52481,51930,Gilan
Khomam,3606,53145,49539,Gilan
Khomam,8213,53400,45187,Gilan
Khomam,8309,56125,47816,Gilan
Khomam,12448,55390,42942,Gilan
Khomam,11689,49867,38178,Gilan
Khomam,10487,40082,29595,Gilan
Khomam,12298,52895,40597,Gilan
Khomam,11351,52491,41140,Gilan
Khomam,7877,62116,54239,Gilan
Khomam,-2565,62138,64703,Gilan
Khomam,-1779,65201,66980,Gilan
Khomam,-2923,64868,67791,Gilan
Khomam,-3352,62449,65801,Gilan
Khomam,-1153,65809,66962,Gilan
Khomam,-1744,62795,64539,Gilan
Khomam,-1888,63500,65388,Gilan
Khomam,-1669,62124,63793,Gilan
Khomam,-1277,56986,58263,Gilan
Khomam,-1938,41641,43579,Gilan
Khomam,-4383,52364,56747,Gilan
Khomam,-2438,54776,57214,Gilan
Khomam,-2587,53668,56255,Gilan
Khomam,-2745,49018,51763,Gilan
Khomam,-2298,51469,53767,Gilan
Khomam,-1289,49933,51222,Gilan
