City,Net,Input,Output,Province
Khosh Yeylagh,-193,2129,2322,Golestan
Khosh Yeylagh,-215,2013,2228,Golestan
Khosh Yeylagh,-78,426,504,Golestan
Khosh Yeylagh,-219,1959,2178,Golestan
Khosh Yeylagh,-230,2469,2699,Golestan
Khosh Yeylagh,-211,2696,2907,Golestan
Khosh Yeylagh,-366,2898,3264,Golestan
Khosh Yeylagh,-517,3426,3943,Golestan
Khosh Yeylagh,-422,3542,3964,Golestan
Khosh Yeylagh,-179,2153,2332,Golestan
Khosh Yeylagh,-15,2711,2726,Golestan
Khosh Yeylagh,-143,2511,2654,Golestan
Khosh Yeylagh,-109,2703,2812,Golestan
Khosh Yeylagh,-258,2959,3217,Golestan
Khosh Yeylagh,-205,3483,3688,Golestan
Khosh Yeylagh,-93,4327,4420,Golestan
Khosh Yeylagh,-198,3236,3434,Golestan
Khosh Yeylagh,-279,2807,3086,Golestan
Khosh Yeylagh,-208,3102,3310,Golestan
Khosh Yeylagh,-176,3001,3177,Golestan
Khosh Yeylagh,-77,3445,3522,Golestan
Khosh Yeylagh,138,4060,3922,Golestan
Khosh Yeylagh,-76,3405,3481,Golestan
Khosh Yeylagh,-95,4617,4712,Golestan
Khosh Yeylagh,-180,3098,3278,Golestan
Khosh Yeylagh,-150,2538,2688,Golestan
Khosh Yeylagh,-190,2235,2425,Golestan
Khosh Yeylagh,-199,2288,2487,Golestan
Khosh Yeylagh,-93,2321,2414,Golestan
