City,Net,Input,Output,Province
Kiasar,1015,8375,7360,Mazandaran
Kiasar,-2557,5344,7901,Mazandaran
Kiasar,4397,6949,2552,Mazandaran
Kiasar,2563,7120,4557,Mazandaran
Kiasar,-297,5099,5396,Mazandaran
Kiasar,-168,6124,6292,Mazandaran
Kiasar,-236,6708,6944,Mazandaran
Kiasar,97,8436,8339,Mazandaran
Kiasar,-27,8262,8289,Mazandaran
Kiasar,1940,7833,5893,Mazandaran
Kiasar,2366,11601,9235,Mazandaran
Kiasar,-357,12961,13318,Mazandaran
Kiasar,-1320,14281,15601,Mazandaran
Kiasar,-2111,14394,16505,Mazandaran
Kiasar,-556,13131,13687,Mazandaran
Kiasar,-3665,14190,17855,Mazandaran
Kiasar,-1592,9726,11318,Mazandaran
Kiasar,-844,7374,8218,Mazandaran
Kiasar,-606,11138,11744,Mazandaran
Kiasar,365,11007,10642,Mazandaran
Kiasar,1933,13084,11151,Mazandaran
Kiasar,4752,16662,11910,Mazandaran
Kiasar,-4928,9713,14641,Mazandaran
Kiasar,-2492,8626,11118,Mazandaran
Kiasar,-236,6907,7143,Mazandaran
Kiasar,-8,6813,6821,Mazandaran
Kiasar,-187,6793,6980,Mazandaran
Kiasar,454,7405,6951,Mazandaran
Kiasar,3486,11233,7747,Mazandaran
