City,Net,Input,Output,Province
Kiashahr,-5031,7563,12594,Gilan
Kiashahr,-5202,5365,10567,Gilan
Kiashahr,-4836,7569,12405,Gilan
Kiashahr,-4973,8033,13006,Gilan
Kiashahr,-5248,8389,13637,Gilan
Kiashahr,-5376,8323,13699,Gilan
Kiashahr,-6494,9343,15837,Gilan
Kiashahr,-5626,9483,15109,Gilan
Kiashahr,-6069,8771,14840,Gilan
Kiashahr,-4950,7758,12708,Gilan
Kiashahr,-8081,9378,17459,Gilan
Kiashahr,-8627,9207,17834,Gilan
Kiashahr,-10272,10945,21217,Gilan
Kiashahr,-11237,11940,23177,Gilan
Kiashahr,-10663,10936,21599,Gilan
Kiashahr,-10841,11358,22199,Gilan
Kiashahr,-9618,10373,19991,Gilan
Kiashahr,-10244,11421,21665,Gilan
Kiashahr,-10338,10888,21226,Gilan
Kiashahr,-9736,10971,20707,Gilan
Kiashahr,-9027,10936,19963,Gilan
Kiashahr,-8497,9888,18385,Gilan
Kiashahr,-8251,7926,16177,Gilan
Kiashahr,-7704,7957,15661,Gilan
Kiashahr,-6236,8207,14443,Gilan
Kiashahr,-5991,7759,13750,Gilan
Kiashahr,-5571,7732,13303,Gilan
Kiashahr,-5797,8042,13839,Gilan
Kiashahr,-5611,7519,13130,Gilan
