City,Net,Input,Output,Province
Kiyakala,52,5346,5294,Mazandaran
Kiyakala,-86,4121,4207,Mazandaran
Kiyakala,-247,4177,4424,Mazandaran
Kiyakala,-264,5270,5534,Mazandaran
Kiyakala,210,1989,1779,Mazandaran
Kiyakala,-96,5509,5605,Mazandaran
Kiyakala,-151,5785,5936,Mazandaran
Kiyakala,-26,5855,5881,Mazandaran
Kiyakala,-216,4972,5188,Mazandaran
Kiyakala,135,4488,4353,Mazandaran
Kiyakala,-82,4008,4090,Mazandaran
Kiyakala,-34,4338,4372,Mazandaran
Kiyakala,36,4910,4874,Mazandaran
Kiyakala,-93,4951,5044,Mazandaran
Kiyakala,-111,5134,5245,Mazandaran
Kiyakala,-49,4815,4864,Mazandaran
Kiyakala,-36,5281,5317,Mazandaran
Kiyakala,-38,5028,5066,Mazandaran
Kiyakala,-79,5188,5267,Mazandaran
Kiyakala,-132,5404,5536,Mazandaran
Kiyakala,61,5254,5193,Mazandaran
Kiyakala,-37,4992,5029,Mazandaran
Kiyakala,-63,4189,4252,Mazandaran
Kiyakala,-222,4696,4918,Mazandaran
Kiyakala,-33,4870,4903,Mazandaran
Kiyakala,-85,5009,5094,Mazandaran
Kiyakala,-72,5090,5162,Mazandaran
Kiyakala,-191,5064,5255,Mazandaran
Kiyakala,81,5476,5395,Mazandaran
