City,Net,Input,Output,Province
Kordkuy,-737,7928,8665,Mazandaran
Kordkuy,-967,5802,6769,Mazandaran
Kordkuy,-748,6403,7151,Mazandaran
Kordkuy,-1427,22432,23859,Mazandaran
Kordkuy,-537,31356,31893,Mazandaran
Kordkuy,634,32996,32362,Mazandaran
Kordkuy,2756,35691,32935,Mazandaran
Kordkuy,6214,40680,34466,Mazandaran
Kordkuy,8307,38962,30655,Mazandaran
Kordkuy,4347,28418,24071,Mazandaran
Kordkuy,1185,30077,28892,Mazandaran
Kordkuy,-1430,31922,33352,Mazandaran
Kordkuy,-2079,33289,35368,Mazandaran
Kordkuy,-2871,35982,38853,Mazandaran
Kordkuy,-1409,38240,39649,Mazandaran
Kordkuy,-1659,39622,41281,Mazandaran
Kordkuy,-1680,36062,37742,Mazandaran
Kordkuy,-1040,33850,34890,Mazandaran
Kordkuy,-4344,36777,41121,Mazandaran
Kordkuy,-3575,35933,39508,Mazandaran
Kordkuy,-3734,36341,40075,Mazandaran
Kordkuy,-3768,33855,37623,Mazandaran
Kordkuy,-2949,25294,28243,Mazandaran
Kordkuy,-1464,8041,9505,Mazandaran
Kordkuy,-3870,20894,24764,Mazandaran
Kordkuy,-4683,29525,34208,Mazandaran
Kordkuy,-2556,28612,31168,Mazandaran
Kordkuy,-2245,28733,30978,Mazandaran
Kordkuy,-1575,28911,30486,Mazandaran
