City,Net,Input,Output,Province
Kuchesfahan,-804,47601,48405,Gilan
Kuchesfahan,-1877,38520,40397,Gilan
Kuchesfahan,-1816,49698,51514,Gilan
Kuchesfahan,-1370,56809,58179,Gilan
Kuchesfahan,-1429,57220,58649,Gilan
Kuchesfahan,-726,55054,55780,Gilan
Kuchesfahan,-2445,60575,63020,Gilan
Kuchesfahan,-1010,60808,61818,Gilan
Kuchesfahan,-836,53884,54720,Gilan
Kuchesfahan,332,45253,44921,Gilan
Kuchesfahan,-1857,52559,54416,Gilan
Kuchesfahan,-2264,51257,53521,Gilan
Kuchesfahan,-939,58950,59889,Gilan
Kuchesfahan,807,65707,64900,Gilan
Kuchesfahan,2160,65457,63297,Gilan
Kuchesfahan,3523,68969,65446,Gilan
Kuchesfahan,-2837,66930,69767,Gilan
Kuchesfahan,-783,69643,70426,Gilan
Kuchesfahan,-2254,67033,69287,Gilan
Kuchesfahan,-1986,66604,68590,Gilan
Kuchesfahan,-2601,68187,70788,Gilan
Kuchesfahan,-1145,62229,63374,Gilan
Kuchesfahan,-1927,43720,45647,Gilan
Kuchesfahan,-4691,56914,61605,Gilan
Kuchesfahan,-2780,57122,59902,Gilan
Kuchesfahan,-2487,52934,55421,Gilan
Kuchesfahan,-2633,50027,52660,Gilan
Kuchesfahan,-2051,53439,55490,Gilan
Kuchesfahan,-1433,50266,51699,Gilan
