City,Net,Input,Output,Province
Lahijan,130,66886,66756,Gilan
Lahijan,-303,53158,53461,Gilan
Lahijan,-741,70246,70987,Gilan
Lahijan,-208,75643,75851,Gilan
Lahijan,578,79361,78783,Gilan
Lahijan,-87,76820,76907,Gilan
Lahijan,1088,82007,80919,Gilan
Lahijan,1297,85776,84479,Gilan
Lahijan,1747,78908,77161,Gilan
Lahijan,833,61360,60527,Gilan
Lahijan,1961,78098,76137,Gilan
Lahijan,1837,81903,80066,Gilan
Lahijan,616,92749,92133,Gilan
Lahijan,-1630,94544,96174,Gilan
Lahijan,-1781,99840,101621,Gilan
Lahijan,-2727,97972,100699,Gilan
Lahijan,-1102,96257,97359,Gilan
Lahijan,2,98016,98014,Gilan
Lahijan,-1020,94623,95643,Gilan
Lahijan,-932,95384,96316,Gilan
Lahijan,-1543,93933,95476,Gilan
Lahijan,-2326,84635,86961,Gilan
Lahijan,-2443,53328,55771,Gilan
Lahijan,-2150,79666,81816,Gilan
Lahijan,-1486,75385,76871,Gilan
Lahijan,-1109,73186,74295,Gilan
Lahijan,-593,70463,71056,Gilan
Lahijan,-800,69483,70283,Gilan
Lahijan,-553,66540,67093,Gilan
