City,Net,Input,Output,Province
Lakan,-134,5676,5810,Gilan
Lakan,-263,4311,4574,Gilan
Lakan,-528,6356,6884,Gilan
Lakan,-514,7420,7934,Gilan
Lakan,-614,7755,8369,Gilan
Lakan,-384,8202,8586,Gilan
Lakan,-911,7572,8483,Gilan
Lakan,-347,7399,7746,Gilan
Lakan,-202,5193,5395,Gilan
Lakan,322,4353,4031,Gilan
Lakan,-378,4411,4789,Gilan
Lakan,-254,4510,4764,Gilan
Lakan,-352,5292,5644,Gilan
Lakan,-320,5494,5814,Gilan
Lakan,-113,6544,6657,Gilan
Lakan,-740,6656,7396,Gilan
Lakan,-288,7014,7302,Gilan
Lakan,-251,7568,7819,Gilan
Lakan,-334,6889,7223,Gilan
Lakan,-278,7447,7725,Gilan
Lakan,-215,7452,7667,Gilan
Lakan,592,7164,6572,Gilan
Lakan,1570,8116,6546,Gilan
Lakan,-1076,7085,8161,Gilan
Lakan,-415,7288,7703,Gilan
Lakan,-533,7273,7806,Gilan
Lakan,-582,7383,7965,Gilan
Lakan,-359,7291,7650,Gilan
Lakan,-16,7394,7410,Gilan
