City,Net,Input,Output,Province
Langarud,1572,48742,47170,Gilan
Langarud,-735,39096,39831,Gilan
Langarud,642,52379,51737,Gilan
Langarud,980,54003,53023,Gilan
Langarud,929,55862,54933,Gilan
Langarud,1823,55265,53442,Gilan
Langarud,1842,58219,56377,Gilan
Langarud,3282,60319,57037,Gilan
Langarud,4344,58195,53851,Gilan
Langarud,4059,44661,40602,Gilan
Langarud,3686,56858,53172,Gilan
Langarud,2773,59790,57017,Gilan
Langarud,1546,67981,66435,Gilan
Langarud,1177,73807,72630,Gilan
Langarud,285,72927,72642,Gilan
Langarud,-247,71104,71351,Gilan
Langarud,-178,69636,69814,Gilan
Langarud,-6977,62313,69290,Gilan
Langarud,-14082,52989,67071,Gilan
Langarud,-14869,52811,67680,Gilan
Langarud,-13957,51163,65120,Gilan
Langarud,-13733,45677,59410,Gilan
Langarud,-9373,26971,36344,Gilan
Langarud,-14823,42895,57718,Gilan
Langarud,-10578,42596,53174,Gilan
Langarud,-9194,41811,51005,Gilan
Langarud,-8553,40428,48981,Gilan
Langarud,-7791,39983,47774,Gilan
Langarud,-7322,38643,45965,Gilan
