City,Net,Input,Output,Province
Lowshan,14210,26994,12784,Gilan
Lowshan,1723,17410,15687,Gilan
Lowshan,6271,21357,15086,Gilan
Lowshan,15430,30516,15086,Gilan
Lowshan,17195,32391,15196,Gilan
Lowshan,21533,36518,14985,Gilan
Lowshan,29335,44055,14720,Gilan
Lowshan,49030,63716,14686,Gilan
Lowshan,64978,77637,12659,Gilan
Lowshan,2510,5209,2699,Gilan
Lowshan,-1483,921,2404,Gilan
Lowshan,-1906,1239,3145,Gilan
Lowshan,-2056,1351,3407,Gilan
Lowshan,-1885,1154,3039,Gilan
Lowshan,-1770,1682,3452,Gilan
Lowshan,-1661,2044,3705,Gilan
Lowshan,-2066,2124,4190,Gilan
Lowshan,-2306,2092,4398,Gilan
Lowshan,-2230,2031,4261,Gilan
Lowshan,-2117,2334,4451,Gilan
Lowshan,-1941,2526,4467,Gilan
Lowshan,-1826,1977,3803,Gilan
Lowshan,-1401,1244,2645,Gilan
Lowshan,-1756,2166,3922,Gilan
Lowshan,-1902,2556,4458,Gilan
Lowshan,-2193,2370,4563,Gilan
Lowshan,-2048,207,2255,Gilan
Lowshan,-1843,0,1843,Gilan
Lowshan,-1646,1826,3472,Gilan
