City,Net,Input,Output,Province
Mahmudabad,1568,55220,53652,Mazandaran
Mahmudabad,365,43482,43117,Mazandaran
Mahmudabad,1478,49197,47719,Mazandaran
Mahmudabad,2058,52078,50020,Mazandaran
Mahmudabad,1109,60991,59882,Mazandaran
Mahmudabad,555,55983,55428,Mazandaran
Mahmudabad,1249,50412,49163,Mazandaran
Mahmudabad,820,50198,49378,Mazandaran
Mahmudabad,1775,58126,56351,Mazandaran
Mahmudabad,2169,48944,46775,Mazandaran
Mahmudabad,1264,50752,49488,Mazandaran
Mahmudabad,1726,62277,60551,Mazandaran
Mahmudabad,1374,68785,67411,Mazandaran
Mahmudabad,134,76405,76271,Mazandaran
Mahmudabad,2646,66584,63938,Mazandaran
Mahmudabad,-338,65857,66195,Mazandaran
Mahmudabad,1036,56843,55807,Mazandaran
Mahmudabad,3290,59798,56508,Mazandaran
Mahmudabad,2171,81053,78882,Mazandaran
Mahmudabad,871,76002,75131,Mazandaran
Mahmudabad,-536,75091,75627,Mazandaran
Mahmudabad,236,72471,72235,Mazandaran
Mahmudabad,-433,56333,56766,Mazandaran
Mahmudabad,-726,61565,62291,Mazandaran
Mahmudabad,1576,62508,60932,Mazandaran
Mahmudabad,1280,62246,60966,Mazandaran
Mahmudabad,1324,61075,59751,Mazandaran
Mahmudabad,133,61632,61499,Mazandaran
Mahmudabad,692,61190,60498,Mazandaran
