City,Net,Input,Output,Province
Makarud,-4460,0,4460,Mazandaran
Makarud,-7983,0,7983,Mazandaran
Makarud,-10050,0,10050,Mazandaran
Makarud,-6202,0,6202,Mazandaran
Makarud,-4046,0,4046,Mazandaran
Makarud,-2132,0,2132,Mazandaran
Makarud,-5271,2703,7974,Mazandaran
Makarud,-13638,4695,18333,Mazandaran
Makarud,-16448,4322,20770,Mazandaran
Makarud,-15057,2805,17862,Mazandaran
Makarud,-18126,3702,21828,Mazandaran
Makarud,-19164,6207,25371,Mazandaran
Makarud,-17003,9760,26763,Mazandaran
Makarud,-8769,9766,18535,Mazandaran
Makarud,395,18566,18171,Mazandaran
Makarud,3112,22743,19631,Mazandaran
Makarud,-3879,20847,24726,Mazandaran
Makarud,-3796,17644,21440,Mazandaran
Makarud,-193,18106,18299,Mazandaran
Makarud,4935,20078,15143,Mazandaran
Makarud,7804,21138,13334,Mazandaran
Makarud,8693,20814,12121,Mazandaran
Makarud,10168,17588,7420,Mazandaran
Makarud,10666,19179,8513,Mazandaran
Makarud,5658,14505,8847,Mazandaran
Makarud,337,8458,8121,Mazandaran
Makarud,-382,6724,7106,Mazandaran
Makarud,-2812,6145,8957,Mazandaran
Makarud,-1209,5581,6790,Mazandaran
