City,Net,Input,Output,Province
Manjil,-4497,15880,20377,Gilan
Manjil,4155,17126,12971,Gilan
Manjil,900,18437,17537,Gilan
Manjil,-4291,19212,23503,Gilan
Manjil,-5402,19512,24914,Gilan
Manjil,-7936,18490,26426,Gilan
Manjil,-11216,18759,29975,Gilan
Manjil,-20584,18325,38909,Gilan
Manjil,-27977,15804,43781,Gilan
Manjil,-22454,9809,32263,Gilan
Manjil,-28817,12627,41444,Gilan
Manjil,-21877,15657,37534,Gilan
Manjil,-15912,21688,37600,Gilan
Manjil,-5145,29992,35137,Gilan
Manjil,4727,36494,31767,Gilan
Manjil,13851,46705,32854,Gilan
Manjil,6769,40357,33588,Gilan
Manjil,2144,34615,32471,Gilan
Manjil,8774,36442,27668,Gilan
Manjil,11787,36461,24674,Gilan
Manjil,444,9768,9324,Gilan
Manjil,24355,37935,13580,Gilan
Manjil,25602,35336,9734,Gilan
Manjil,29171,42326,13155,Gilan
Manjil,15784,32620,16836,Gilan
Manjil,6632,23766,17134,Gilan
Manjil,2699,17631,14932,Gilan
Manjil,-772,15593,16365,Gilan
Manjil,-886,16222,17108,Gilan
