City,Net,Input,Output,Province
Marzanabad,-2401,8433,10834,Mazandaran
Marzanabad,-428,6702,7130,Mazandaran
Marzanabad,-551,4959,5510,Mazandaran
Marzanabad,-3497,13540,17037,Mazandaran
Marzanabad,-5946,15540,21486,Mazandaran
Marzanabad,-7952,16478,24430,Mazandaran
Marzanabad,-7429,20472,27901,Mazandaran
Marzanabad,-5273,33702,38975,Mazandaran
Marzanabad,-8768,33310,42078,Mazandaran
Marzanabad,-6085,28485,34570,Mazandaran
Marzanabad,-10472,35821,46293,Mazandaran
Marzanabad,-7296,40613,47909,Mazandaran
Marzanabad,-10346,48282,58628,Mazandaran
Marzanabad,-5713,36961,42674,Mazandaran
Marzanabad,-961,47358,48319,Mazandaran
Marzanabad,2502,55552,53050,Mazandaran
Marzanabad,-3282,55357,58639,Mazandaran
Marzanabad,-549,50534,51083,Mazandaran
Marzanabad,2551,50389,47838,Mazandaran
Marzanabad,3898,51264,47366,Mazandaran
Marzanabad,5608,46800,41192,Mazandaran
Marzanabad,13480,48116,34636,Mazandaran
Marzanabad,4986,35927,30941,Mazandaran
Marzanabad,6863,40451,33588,Mazandaran
Marzanabad,4750,35122,30372,Mazandaran
Marzanabad,1494,26860,25366,Mazandaran
Marzanabad,460,24872,24412,Mazandaran
Marzanabad,245,25604,25359,Mazandaran
Marzanabad,2725,25076,22351,Mazandaran
