City,Net,Input,Output,Province
Marzpol,-640,0,640,Golestan
Marzpol,-1156,0,1156,Golestan
Marzpol,-498,0,498,Golestan
Marzpol,-798,0,798,Golestan
Marzpol,-723,5,728,Golestan
Marzpol,-956,0,956,Golestan
Marzpol,-353,572,925,Golestan
Marzpol,13,1118,1105,Golestan
Marzpol,-55,2003,2058,Golestan
Marzpol,0,1005,1005,Golestan
Marzpol,-44,1549,1593,Golestan
Marzpol,-4,1646,1650,Golestan
Marzpol,32,1888,1856,Golestan
Marzpol,73,1876,1803,Golestan
Marzpol,33,1779,1746,Golestan
Marzpol,160,3114,2954,Golestan
Marzpol,60,1311,1251,Golestan
Marzpol,55,936,881,Golestan
Marzpol,27,1817,1790,Golestan
Marzpol,-6,1802,1808,Golestan
Marzpol,24,2006,1982,Golestan
Marzpol,133,2291,2158,Golestan
Marzpol,109,1564,1455,Golestan
Marzpol,35,1125,1090,Golestan
Marzpol,20,1061,1041,Golestan
Marzpol,69,1304,1235,Golestan
Marzpol,25,1169,1144,Golestan
Marzpol,17,1170,1153,Golestan
Marzpol,46,1431,1385,Golestan
