City,Net,Input,Output,Province
Minudasht,1052,27210,26158,Golestan
Minudasht,4599,21798,17199,Golestan
Minudasht,3870,19196,15326,Golestan
Minudasht,2705,24271,21566,Golestan
Minudasht,1346,23936,22590,Golestan
Minudasht,400,22889,22489,Golestan
Minudasht,123,25129,25006,Golestan
Minudasht,-265,26642,26907,Golestan
Minudasht,-224,23492,23716,Golestan
Minudasht,46,17930,17884,Golestan
Minudasht,1209,20221,19012,Golestan
Minudasht,2926,23972,21046,Golestan
Minudasht,1771,24300,22529,Golestan
Minudasht,2470,25153,22683,Golestan
Minudasht,4881,26910,22029,Golestan
Minudasht,618,22824,22206,Golestan
Minudasht,654,26250,25596,Golestan
Minudasht,1031,24097,23066,Golestan
Minudasht,1198,24806,23608,Golestan
Minudasht,1469,28332,26863,Golestan
Minudasht,4695,32536,27841,Golestan
Minudasht,8101,34016,25915,Golestan
Minudasht,2761,18754,15993,Golestan
Minudasht,749,23650,22901,Golestan
Minudasht,1316,24701,23385,Golestan
Minudasht,1411,24105,22694,Golestan
Minudasht,4061,23439,19378,Golestan
Minudasht,865,22622,21757,Golestan
Minudasht,1146,21675,20529,Golestan
