City,Net,Input,Output,Province
Neka,350,41191,40841,Mazandaran
Neka,224,35195,34971,Mazandaran
Neka,14,36706,36692,Mazandaran
Neka,657,45757,45100,Mazandaran
Neka,906,45297,44391,Mazandaran
Neka,-715,50026,50741,Mazandaran
Neka,-5931,42521,48452,Mazandaran
Neka,-476,52199,52675,Mazandaran
Neka,-1310,43827,45137,Mazandaran
Neka,1153,35012,33859,Mazandaran
Neka,84,31566,31482,Mazandaran
Neka,484,36465,35981,Mazandaran
Neka,367,40552,40185,Mazandaran
Neka,335,44649,44314,Mazandaran
Neka,809,36721,35912,Mazandaran
Neka,-89,34192,34281,Mazandaran
Neka,-293,49522,49815,Mazandaran
Neka,940,47764,46824,Mazandaran
Neka,658,45996,45338,Mazandaran
Neka,487,49966,49479,Mazandaran
Neka,232,46378,46146,Mazandaran
Neka,1124,38624,37500,Mazandaran
Neka,1939,23192,21253,Mazandaran
Neka,2139,41470,39331,Mazandaran
Neka,2267,36442,34175,Mazandaran
Neka,1349,45153,43804,Mazandaran
Neka,786,45199,44413,Mazandaran
Neka,107,43058,42951,Mazandaran
Neka,1285,42409,41124,Mazandaran
