City,Net,Input,Output,Province
Nowshahr,-2173,30261,32434,Mazandaran
Nowshahr,-1557,22930,24487,Mazandaran
Nowshahr,-2936,37197,40133,Mazandaran
Nowshahr,-3625,41364,44989,Mazandaran
Nowshahr,-3403,43947,47350,Mazandaran
Nowshahr,-3391,43089,46480,Mazandaran
Nowshahr,-3637,41200,44837,Mazandaran
Nowshahr,-2433,40472,42905,Mazandaran
Nowshahr,-3151,41928,45079,Mazandaran
Nowshahr,-2352,31912,34264,Mazandaran
Nowshahr,-1348,41644,42992,Mazandaran
Nowshahr,-1074,45143,46217,Mazandaran
Nowshahr,-1335,50064,51399,Mazandaran
Nowshahr,-2762,56666,59428,Mazandaran
Nowshahr,-3201,48210,51411,Mazandaran
Nowshahr,-3322,51756,55078,Mazandaran
Nowshahr,-3963,57470,61433,Mazandaran
Nowshahr,-3867,57101,60968,Mazandaran
Nowshahr,-3924,53062,56986,Mazandaran
Nowshahr,-3774,55041,58815,Mazandaran
Nowshahr,-4549,49523,54072,Mazandaran
Nowshahr,-4500,41234,45734,Mazandaran
Nowshahr,-2451,29437,31888,Mazandaran
Nowshahr,-3062,37524,40586,Mazandaran
Nowshahr,-3010,36026,39036,Mazandaran
Nowshahr,-3514,39661,43175,Mazandaran
Nowshahr,-2647,34622,37269,Mazandaran
Nowshahr,-3082,35111,38193,Mazandaran
Nowshahr,-3962,34781,38743,Mazandaran
