City,Net,Input,Output,Province
Nur,1857,35646,33789,Mazandaran
Nur,1923,28827,26904,Mazandaran
Nur,1875,32894,31019,Mazandaran
Nur,1154,31920,30766,Mazandaran
Nur,2646,38916,36270,Mazandaran
Nur,3265,38497,35232,Mazandaran
Nur,2177,31722,29545,Mazandaran
Nur,2839,39456,36617,Mazandaran
Nur,3341,33123,29782,Mazandaran
Nur,2766,32710,29944,Mazandaran
Nur,3654,35672,32018,Mazandaran
Nur,3288,43335,40047,Mazandaran
Nur,3257,50216,46959,Mazandaran
Nur,5040,59326,54286,Mazandaran
Nur,-64,47237,47301,Mazandaran
Nur,132,41288,41156,Mazandaran
Nur,1200,43844,42644,Mazandaran
Nur,1161,47914,46753,Mazandaran
Nur,37,48183,48146,Mazandaran
Nur,836,47375,46539,Mazandaran
Nur,658,39695,39037,Mazandaran
Nur,258,46147,45889,Mazandaran
Nur,-2179,31545,33724,Mazandaran
Nur,-948,37571,38519,Mazandaran
Nur,224,36704,36480,Mazandaran
Nur,1216,36042,34826,Mazandaran
Nur,-4353,30697,35050,Mazandaran
Nur,-4376,29262,33638,Mazandaran
Nur,-3772,30177,33949,Mazandaran
