City,Net,Input,Output,Province
Panjab,585,16532,15947,Mazandaran
Panjab,-308,10457,10765,Mazandaran
Panjab,-334,10090,10424,Mazandaran
Panjab,2496,19875,17379,Mazandaran
Panjab,5554,20743,15189,Mazandaran
Panjab,-622,20947,21569,Mazandaran
Panjab,-107,21244,21351,Mazandaran
Panjab,-853,22976,23829,Mazandaran
Panjab,-2838,23639,26477,Mazandaran
Panjab,-95,18813,18908,Mazandaran
Panjab,-80,26216,26296,Mazandaran
Panjab,-1332,29164,30496,Mazandaran
Panjab,-493,30978,31471,Mazandaran
Panjab,453,12665,12212,Mazandaran
Panjab,529,30195,29666,Mazandaran
Panjab,34,34307,34273,Mazandaran
Panjab,488,35955,35467,Mazandaran
Panjab,844,31414,30570,Mazandaran
Panjab,1168,31019,29851,Mazandaran
Panjab,949,29670,28721,Mazandaran
Panjab,1418,30100,28682,Mazandaran
Panjab,2368,27379,25011,Mazandaran
Panjab,-118,20717,20835,Mazandaran
Panjab,2044,25884,23840,Mazandaran
Panjab,1504,22222,20718,Mazandaran
Panjab,-266,17812,18078,Mazandaran
Panjab,62,17302,17240,Mazandaran
Panjab,397,18739,18342,Mazandaran
Panjab,1367,17984,16617,Mazandaran
