City,Net,Input,Output,Province
Pirbazar,2127,23535,21408,Gilan
Pirbazar,1427,17814,16387,Gilan
Pirbazar,1971,22980,21009,Gilan
Pirbazar,1750,25574,23824,Gilan
Pirbazar,1702,26499,24797,Gilan
Pirbazar,2179,26666,24487,Gilan
Pirbazar,1298,27650,26352,Gilan
Pirbazar,1741,28735,26994,Gilan
Pirbazar,1513,25703,24190,Gilan
Pirbazar,1421,21524,20103,Gilan
Pirbazar,1250,23991,22741,Gilan
Pirbazar,1074,22955,21881,Gilan
Pirbazar,1057,25936,24879,Gilan
Pirbazar,762,27607,26845,Gilan
Pirbazar,1134,28199,27065,Gilan
Pirbazar,28,26844,26816,Gilan
Pirbazar,1333,27184,25851,Gilan
Pirbazar,1308,28066,26758,Gilan
Pirbazar,960,28029,27069,Gilan
Pirbazar,1455,28071,26616,Gilan
Pirbazar,1357,28487,27130,Gilan
Pirbazar,1498,27916,26418,Gilan
Pirbazar,538,22349,21811,Gilan
Pirbazar,1422,26060,24638,Gilan
Pirbazar,1824,26003,24179,Gilan
Pirbazar,1976,25701,23725,Gilan
Pirbazar,1992,25077,23085,Gilan
Pirbazar,1992,25732,23740,Gilan
Pirbazar,1611,25157,23546,Gilan
