City,Net,Input,Output,Province
Pol-e Sefid,4123,18591,14468,Mazandaran
Pol-e Sefid,-1431,18586,20017,Mazandaran
Pol-e Sefid,-75,14078,14153,Mazandaran
Pol-e Sefid,1345,20153,18808,Mazandaran
Pol-e Sefid,406,20956,20550,Mazandaran
Pol-e Sefid,-1193,23117,24310,Mazandaran
Pol-e Sefid,-302,26615,26917,Mazandaran
Pol-e Sefid,-6718,21840,28558,Mazandaran
Pol-e Sefid,-2929,21669,24598,Mazandaran
Pol-e Sefid,-5380,14681,20061,Mazandaran
Pol-e Sefid,-5238,13533,18771,Mazandaran
Pol-e Sefid,-5799,10791,16590,Mazandaran
Pol-e Sefid,-6471,11966,18437,Mazandaran
Pol-e Sefid,-2119,23289,25408,Mazandaran
Pol-e Sefid,-1322,27372,28694,Mazandaran
Pol-e Sefid,-2735,29932,32667,Mazandaran
Pol-e Sefid,1511,28894,27383,Mazandaran
Pol-e Sefid,8141,31159,23018,Mazandaran
Pol-e Sefid,995,27658,26663,Mazandaran
Pol-e Sefid,-2317,23156,25473,Mazandaran
Pol-e Sefid,4041,27082,23041,Mazandaran
Pol-e Sefid,3807,26333,22526,Mazandaran
Pol-e Sefid,-5574,20424,25998,Mazandaran
Pol-e Sefid,-2995,27142,30137,Mazandaran
Pol-e Sefid,-1307,22541,23848,Mazandaran
Pol-e Sefid,-171,21215,21386,Mazandaran
Pol-e Sefid,-3306,19916,23222,Mazandaran
Pol-e Sefid,-4775,12284,17059,Mazandaran
Pol-e Sefid,3522,12595,9073,Mazandaran
