City,Net,Input,Output,Province
Polur,-4584,5415,9999,Mazandaran
Polur,-8055,3054,11109,Mazandaran
Polur,-7193,8032,15225,Mazandaran
Polur,-3730,16778,20508,Mazandaran
Polur,-4988,17303,22291,Mazandaran
Polur,3429,16425,12996,Mazandaran
Polur,5657,16360,10703,Mazandaran
Polur,10322,21714,11392,Mazandaran
Polur,1977,21755,19778,Mazandaran
Polur,-3952,17343,21295,Mazandaran
Polur,-5317,23317,28634,Mazandaran
Polur,-382,26084,26466,Mazandaran
Polur,-1965,28500,30465,Mazandaran
Polur,4224,20757,16533,Mazandaran
Polur,2728,23062,20334,Mazandaran
Polur,609,29929,29320,Mazandaran
Polur,1588,31550,29962,Mazandaran
Polur,472,27720,27248,Mazandaran
Polur,1206,28492,27286,Mazandaran
Polur,1674,27288,25614,Mazandaran
Polur,1448,27106,25658,Mazandaran
Polur,1151,23142,21991,Mazandaran
Polur,-436,17754,18190,Mazandaran
Polur,-2358,23673,26031,Mazandaran
Polur,-3288,19224,22512,Mazandaran
Polur,1066,16367,15301,Mazandaran
Polur,818,15762,14944,Mazandaran
Polur,644,16354,15710,Mazandaran
Polur,689,14257,13568,Mazandaran
