City,Net,Input,Output,Province
Punel,-595,15194,15789,Gilan
Punel,-451,12186,12637,Gilan
Punel,-884,16440,17324,Gilan
Punel,-1228,17993,19221,Gilan
Punel,-1278,18497,19775,Gilan
Punel,-1058,18009,19067,Gilan
Punel,-993,18433,19426,Gilan
Punel,-1071,19900,20971,Gilan
Punel,-895,18292,19187,Gilan
Punel,-600,14415,15015,Gilan
Punel,-77,19289,19366,Gilan
Punel,419,20889,20470,Gilan
Punel,-244,24436,24680,Gilan
Punel,-1202,25915,27117,Gilan
Punel,-862,25564,26426,Gilan
Punel,-1030,27352,28382,Gilan
Punel,-746,24761,25507,Gilan
Punel,-754,25318,26072,Gilan
Punel,-650,25362,26012,Gilan
Punel,-704,24810,25514,Gilan
Punel,-877,24859,25736,Gilan
Punel,-835,23941,24776,Gilan
Punel,-1633,18102,19735,Gilan
Punel,-717,21777,22494,Gilan
Punel,-246,20642,20888,Gilan
Punel,-547,19087,19634,Gilan
Punel,-551,17967,18518,Gilan
Punel,-885,17780,18665,Gilan
Punel,-564,14460,15024,Gilan
