City,Net,Input,Output,Province
Qaemshahr,25965,86980,61015,Mazandaran
Qaemshahr,-6580,60052,66632,Mazandaran
Qaemshahr,-30290,47196,77486,Mazandaran
Qaemshahr,-5416,83793,89209,Mazandaran
Qaemshahr,17765,107148,89383,Mazandaran
Qaemshahr,21389,101954,80565,Mazandaran
Qaemshahr,32252,105324,73072,Mazandaran
Qaemshahr,27180,105028,77848,Mazandaran
Qaemshahr,-8944,60903,69847,Mazandaran
Qaemshahr,-3980,52559,56539,Mazandaran
Qaemshahr,10616,72022,61406,Mazandaran
Qaemshahr,13894,78854,64960,Mazandaran
Qaemshahr,5576,81717,76141,Mazandaran
Qaemshahr,5315,90014,84699,Mazandaran
Qaemshahr,8875,98544,89669,Mazandaran
Qaemshahr,9726,98127,88401,Mazandaran
Qaemshahr,10734,101594,90860,Mazandaran
Qaemshahr,17695,100491,82796,Mazandaran
Qaemshahr,4903,94710,89807,Mazandaran
Qaemshahr,16591,100345,83754,Mazandaran
Qaemshahr,2064,92002,89938,Mazandaran
Qaemshahr,-934,82235,83169,Mazandaran
Qaemshahr,-8251,54317,62568,Mazandaran
Qaemshahr,-8176,79268,87444,Mazandaran
Qaemshahr,3607,70809,67202,Mazandaran
Qaemshahr,4198,77907,73709,Mazandaran
Qaemshahr,-11090,74816,85906,Mazandaran
Qaemshahr,-9066,73727,82793,Mazandaran
Qaemshahr,8702,86645,77943,Mazandaran
