City,Net,Input,Output,Province
Ramsar,791,42240,41449,Gilan
Ramsar,-912,32144,33056,Gilan
Ramsar,1351,42624,41273,Gilan
Ramsar,817,39842,39025,Gilan
Ramsar,1586,46475,44889,Gilan
Ramsar,2141,43805,41664,Gilan
Ramsar,3409,47328,43919,Gilan
Ramsar,-312,41133,41445,Gilan
Ramsar,3010,46692,43682,Gilan
Ramsar,348,33258,32910,Gilan
Ramsar,6959,49195,42236,Gilan
Ramsar,2901,53262,50361,Gilan
Ramsar,3908,70202,66294,Gilan
Ramsar,1425,75647,74222,Gilan
Ramsar,-1892,65813,67705,Gilan
Ramsar,3855,71184,67329,Gilan
Ramsar,-653,62565,63218,Gilan
Ramsar,6122,65547,59425,Gilan
Ramsar,2668,62974,60306,Gilan
Ramsar,1599,62140,60541,Gilan
Ramsar,345,56917,56572,Gilan
Ramsar,1613,55546,53933,Gilan
Ramsar,866,35472,34606,Gilan
Ramsar,2387,47285,44898,Gilan
Ramsar,1325,42895,41570,Gilan
Ramsar,3557,43066,39509,Gilan
Ramsar,2344,40555,38211,Gilan
Ramsar,2780,43329,40549,Gilan
Ramsar,667,41907,41240,Gilan
