City,Net,Input,Output,Province
Rasht,-29588,83333,112921,Gilan
Rasht,-12797,71073,83870,Gilan
Rasht,-21058,86910,107968,Gilan
Rasht,-25308,99407,124715,Gilan
Rasht,-28239,98770,127009,Gilan
Rasht,-38837,90875,129712,Gilan
Rasht,-28210,102025,130235,Gilan
Rasht,-41128,94582,135710,Gilan
Rasht,-34664,83083,117747,Gilan
Rasht,-39991,63671,103662,Gilan
Rasht,-35250,81654,116904,Gilan
Rasht,-29665,82901,112566,Gilan
Rasht,-30309,99367,129676,Gilan
Rasht,-21423,113119,134542,Gilan
Rasht,-28613,115777,144390,Gilan
Rasht,-22183,116810,138993,Gilan
Rasht,-20731,116813,137544,Gilan
Rasht,-28656,115911,144567,Gilan
Rasht,-26956,113052,140008,Gilan
Rasht,-26768,114524,141292,Gilan
Rasht,-31484,112036,143520,Gilan
Rasht,-42247,98385,140632,Gilan
Rasht,-12436,88997,101433,Gilan
Rasht,-11297,107720,119017,Gilan
Rasht,-23481,102795,126276,Gilan
Rasht,-22251,100228,122479,Gilan
Rasht,-21790,97933,119723,Gilan
Rasht,-22998,89357,112355,Gilan
Rasht,-29616,93162,122778,Gilan
