City,Net,Input,Output,Province
Rezvanshahr,966,6907,5941,Gilan
Rezvanshahr,96,5238,5142,Gilan
Rezvanshahr,491,6599,6108,Gilan
Rezvanshahr,828,7462,6634,Gilan
Rezvanshahr,1104,7839,6735,Gilan
Rezvanshahr,1444,7783,6339,Gilan
Rezvanshahr,472,7718,7246,Gilan
Rezvanshahr,1162,8837,7675,Gilan
Rezvanshahr,1015,8370,7355,Gilan
Rezvanshahr,1093,7259,6166,Gilan
Rezvanshahr,254,9587,9333,Gilan
Rezvanshahr,-50,9968,10018,Gilan
Rezvanshahr,31,11385,11354,Gilan
Rezvanshahr,773,12395,11622,Gilan
Rezvanshahr,1352,12649,11297,Gilan
Rezvanshahr,1410,12995,11585,Gilan
Rezvanshahr,565,10703,10138,Gilan
Rezvanshahr,494,11060,10566,Gilan
Rezvanshahr,479,11254,10775,Gilan
Rezvanshahr,568,10890,10322,Gilan
Rezvanshahr,669,10663,9994,Gilan
Rezvanshahr,1501,10744,9243,Gilan
Rezvanshahr,789,9742,8953,Gilan
Rezvanshahr,-498,7505,8003,Gilan
Rezvanshahr,188,7456,7268,Gilan
Rezvanshahr,479,7612,7133,Gilan
Rezvanshahr,503,7314,6811,Gilan
Rezvanshahr,775,7543,6768,Gilan
Rezvanshahr,1026,7445,6419,Gilan
