City,Net,Input,Output,Province
Rostamabad,4880,63026,58146,Gilan
Rostamabad,680,52294,51614,Gilan
Rostamabad,4592,57914,53322,Gilan
Rostamabad,4194,70494,66300,Gilan
Rostamabad,4146,74374,70228,Gilan
Rostamabad,10496,76852,66356,Gilan
Rostamabad,4726,84910,80184,Gilan
Rostamabad,9154,103044,93890,Gilan
Rostamabad,7812,110766,102954,Gilan
Rostamabad,5694,79182,73488,Gilan
Rostamabad,5906,103024,97118,Gilan
Rostamabad,-25906,59898,85804,Gilan
Rostamabad,-10890,92818,103708,Gilan
Rostamabad,4300,118016,113716,Gilan
Rostamabad,6864,128030,121166,Gilan
Rostamabad,2512,145800,143288,Gilan
Rostamabad,-612,133588,134200,Gilan
Rostamabad,6396,122514,116118,Gilan
Rostamabad,5394,114046,108652,Gilan
Rostamabad,696,110922,110226,Gilan
Rostamabad,3046,116960,113914,Gilan
Rostamabad,906,113316,112410,Gilan
Rostamabad,-5038,83894,88932,Gilan
Rostamabad,-1220,114160,115380,Gilan
Rostamabad,3964,89522,85558,Gilan
Rostamabad,4716,68620,63904,Gilan
Rostamabad,8306,65386,57080,Gilan
Rostamabad,7258,65914,58656,Gilan
Rostamabad,9686,62694,53008,Gilan
