City,Net,Input,Output,Province
Rudbar,-7235,38935,46170,Gilan
Rudbar,2922,38801,35879,Gilan
Rudbar,-3680,38878,42558,Gilan
Rudbar,-6736,45641,52377,Gilan
Rudbar,-7947,48098,56045,Gilan
Rudbar,-15913,42725,58638,Gilan
Rudbar,-13325,53291,66616,Gilan
Rudbar,-26603,58035,84638,Gilan
Rudbar,-33229,61367,94596,Gilan
Rudbar,-23518,44079,67597,Gilan
Rudbar,-33001,56323,89324,Gilan
Rudbar,-2920,40543,43463,Gilan
Rudbar,-8519,62884,71403,Gilan
Rudbar,-10532,77430,87962,Gilan
Rudbar,-2358,88921,91279,Gilan
Rudbar,8062,109374,101312,Gilan
Rudbar,5058,101727,96669,Gilan
Rudbar,-3912,85050,88962,Gilan
Rudbar,2347,79994,77647,Gilan
Rudbar,11140,86723,75583,Gilan
Rudbar,34308,78733,44425,Gilan
Rudbar,31228,92918,61690,Gilan
Rudbar,22795,71292,48497,Gilan
Rudbar,34190,96989,62799,Gilan
Rudbar,11458,68889,57431,Gilan
Rudbar,661,49554,48893,Gilan
Rudbar,-5454,40495,45949,Gilan
Rudbar,-6675,40521,47196,Gilan
Rudbar,-7370,36487,43857,Gilan
