City,Net,Input,Output,Province
Rudsar,-159,39306,39465,Gilan
Rudsar,-503,29709,30212,Gilan
Rudsar,-793,42059,42852,Gilan
Rudsar,-99,43877,43976,Gilan
Rudsar,-756,44191,44947,Gilan
Rudsar,-343,44454,44797,Gilan
Rudsar,-369,46740,47109,Gilan
Rudsar,-138,48493,48631,Gilan
Rudsar,-159,44693,44852,Gilan
Rudsar,11,34877,34866,Gilan
Rudsar,-752,44600,45352,Gilan
Rudsar,-204,48487,48691,Gilan
Rudsar,129,57530,57401,Gilan
Rudsar,-947,62448,63395,Gilan
Rudsar,-1651,60852,62503,Gilan
Rudsar,-2308,58301,60609,Gilan
Rudsar,-1709,57788,59497,Gilan
Rudsar,5955,57695,51740,Gilan
Rudsar,12611,55013,42402,Gilan
Rudsar,12950,55510,42560,Gilan
Rudsar,12170,52518,40348,Gilan
Rudsar,10002,47732,37730,Gilan
Rudsar,4946,28377,23431,Gilan
Rudsar,9934,43829,33895,Gilan
Rudsar,8519,41106,32587,Gilan
Rudsar,8710,40768,32058,Gilan
Rudsar,8487,40010,31523,Gilan
Rudsar,8193,39308,31115,Gilan
Rudsar,7474,37795,30321,Gilan
