City,Net,Input,Output,Province
Sangar,334,9315,8981,Gilan
Sangar,3517,9580,6063,Gilan
Sangar,2515,9724,7209,Gilan
Sangar,443,10958,10515,Gilan
Sangar,-5,11054,11059,Gilan
Sangar,-722,10960,11682,Gilan
Sangar,-2199,11613,13812,Gilan
Sangar,-6863,11016,17879,Gilan
Sangar,-10068,9285,19353,Gilan
Sangar,-7343,6965,14308,Gilan
Sangar,-8447,5465,13912,Gilan
Sangar,-6314,5993,12307,Gilan
Sangar,-4269,8275,12544,Gilan
Sangar,-1214,11198,12412,Gilan
Sangar,1195,12234,11039,Gilan
Sangar,4464,16835,12371,Gilan
Sangar,5488,20708,15220,Gilan
Sangar,3476,17999,14523,Gilan
Sangar,6703,20345,13642,Gilan
Sangar,7211,19315,12104,Gilan
Sangar,10903,22354,11451,Gilan
Sangar,13995,23248,9253,Gilan
Sangar,13236,18957,5721,Gilan
Sangar,15407,22733,7326,Gilan
Sangar,8540,16714,8174,Gilan
Sangar,4179,12051,7872,Gilan
Sangar,2927,10920,7993,Gilan
Sangar,2389,11009,8620,Gilan
Sangar,2016,10707,8691,Gilan
