City,Net,Input,Output,Province
Saravan,-5557,51285,56842,Gilan
Saravan,-7279,41766,49045,Gilan
Saravan,-8253,43728,51981,Gilan
Saravan,-5387,56245,61632,Gilan
Saravan,8739,68395,59656,Gilan
Saravan,56960,103306,46346,Gilan
Saravan,57654,107143,49489,Gilan
Saravan,61959,118655,56696,Gilan
Saravan,61890,120529,58639,Gilan
Saravan,31121,76224,45103,Gilan
Saravan,26917,85747,58830,Gilan
Saravan,11097,73705,62608,Gilan
Saravan,20924,87870,66946,Gilan
Saravan,44301,118085,73784,Gilan
Saravan,13811,87326,73515,Gilan
Saravan,33556,116131,82575,Gilan
Saravan,42408,116080,73672,Gilan
Saravan,19356,87170,67814,Gilan
Saravan,22185,91073,68888,Gilan
Saravan,11422,74767,63345,Gilan
Saravan,11043,75232,64189,Gilan
Saravan,11825,75485,63660,Gilan
Saravan,3063,68654,65591,Gilan
Saravan,8529,68603,60074,Gilan
Saravan,13809,64698,50889,Gilan
Saravan,24333,68588,44255,Gilan
Saravan,22819,63913,41094,Gilan
Saravan,20675,54399,33724,Gilan
Saravan,9459,51607,42148,Gilan
