City,Net,Input,Output,Province
Sari,-19569,102471,122040,Mazandaran
Sari,20529,98064,77535,Mazandaran
Sari,32269,104604,72335,Mazandaran
Sari,6076,122602,116526,Mazandaran
Sari,-11422,126856,138278,Mazandaran
Sari,-8756,126072,134828,Mazandaran
Sari,-17865,107281,125146,Mazandaran
Sari,-18810,118611,137421,Mazandaran
Sari,20961,107313,86352,Mazandaran
Sari,276,86339,86063,Mazandaran
Sari,-8982,86332,95314,Mazandaran
Sari,-3889,99834,103723,Mazandaran
Sari,341,114647,114306,Mazandaran
Sari,2870,123915,121045,Mazandaran
Sari,-1125,113992,115117,Mazandaran
Sari,11297,119007,107710,Mazandaran
Sari,7014,132252,125238,Mazandaran
Sari,-6143,117135,123278,Mazandaran
Sari,3295,125610,122315,Mazandaran
Sari,-7405,120492,127897,Mazandaran
Sari,5021,112241,107220,Mazandaran
Sari,-3671,102906,106577,Mazandaran
Sari,30602,89717,59115,Mazandaran
Sari,22490,111409,88919,Mazandaran
Sari,3998,93262,89264,Mazandaran
Sari,2306,112030,109724,Mazandaran
Sari,18799,127804,109005,Mazandaran
Sari,16786,115717,98931,Mazandaran
Sari,-12543,112864,125407,Mazandaran
