City,Net,Input,Output,Province
Se-rah-e Yasaqi,-305,2988,3293,Golestan
Se-rah-e Yasaqi,-120,2737,2857,Golestan
Se-rah-e Yasaqi,-302,2850,3152,Golestan
Se-rah-e Yasaqi,-363,2736,3099,Golestan
Se-rah-e Yasaqi,-357,3291,3648,Golestan
Se-rah-e Yasaqi,-294,3523,3817,Golestan
Se-rah-e Yasaqi,-627,3463,4090,Golestan
Se-rah-e Yasaqi,-291,3680,3971,Golestan
Se-rah-e Yasaqi,-1208,2303,3511,Golestan
Se-rah-e Yasaqi,-758,1827,2585,Golestan
Se-rah-e Yasaqi,-354,2640,2994,Golestan
Se-rah-e Yasaqi,-191,3149,3340,Golestan
Se-rah-e Yasaqi,-335,3523,3858,Golestan
Se-rah-e Yasaqi,-299,3691,3990,Golestan
Se-rah-e Yasaqi,-433,3721,4154,Golestan
Se-rah-e Yasaqi,-221,3193,3414,Golestan
Se-rah-e Yasaqi,-324,3811,4135,Golestan
Se-rah-e Yasaqi,-559,3154,3713,Golestan
Se-rah-e Yasaqi,-1213,2914,4127,Golestan
Se-rah-e Yasaqi,-819,3571,4390,Golestan
Se-rah-e Yasaqi,-468,3889,4357,Golestan
Se-rah-e Yasaqi,-367,3452,3819,Golestan
Se-rah-e Yasaqi,-153,2182,2335,Golestan
Se-rah-e Yasaqi,-2458,1208,3666,Golestan
Se-rah-e Yasaqi,-804,3075,3879,Golestan
Se-rah-e Yasaqi,-730,3290,4020,Golestan
Se-rah-e Yasaqi,-707,3088,3795,Golestan
Se-rah-e Yasaqi,-670,3207,3877,Golestan
Se-rah-e Yasaqi,-625,3132,3757,Golestan
