City,Net,Input,Output,Province
Se-rah-e Sangchal,-1398,19877,21275,Mazandaran
Se-rah-e Sangchal,-1673,12736,14409,Mazandaran
Se-rah-e Sangchal,207,9889,9682,Mazandaran
Se-rah-e Sangchal,-489,17553,18042,Mazandaran
Se-rah-e Sangchal,-1369,25949,27318,Mazandaran
Se-rah-e Sangchal,-1808,26339,28147,Mazandaran
Se-rah-e Sangchal,-1058,24655,25713,Mazandaran
Se-rah-e Sangchal,-1695,23486,25181,Mazandaran
Se-rah-e Sangchal,-9747,10514,20261,Mazandaran
Se-rah-e Sangchal,811,20762,19951,Mazandaran
Se-rah-e Sangchal,4270,28092,23822,Mazandaran
Se-rah-e Sangchal,-4151,25181,29332,Mazandaran
Se-rah-e Sangchal,-5986,22655,28641,Mazandaran
Se-rah-e Sangchal,-3933,13685,17618,Mazandaran
Se-rah-e Sangchal,918,14309,13391,Mazandaran
Se-rah-e Sangchal,2231,24198,21967,Mazandaran
Se-rah-e Sangchal,-5141,23452,28593,Mazandaran
Se-rah-e Sangchal,-1180,23614,24794,Mazandaran
Se-rah-e Sangchal,631,22821,22190,Mazandaran
Se-rah-e Sangchal,2246,19490,17244,Mazandaran
Se-rah-e Sangchal,-3750,18078,21828,Mazandaran
Se-rah-e Sangchal,-3433,26240,29673,Mazandaran
Se-rah-e Sangchal,-4964,22301,27265,Mazandaran
Se-rah-e Sangchal,-1704,24710,26414,Mazandaran
Se-rah-e Sangchal,-1597,21063,22660,Mazandaran
Se-rah-e Sangchal,-1989,22571,24560,Mazandaran
Se-rah-e Sangchal,-1971,22637,24608,Mazandaran
Se-rah-e Sangchal,-2209,20245,22454,Mazandaran
Se-rah-e Sangchal,-1474,23327,24801,Mazandaran
