City,Net,Input,Output,Province
Se-rah-e Baladeh,-12,18725,18737,Mazandaran
Se-rah-e Baladeh,-193,12413,12606,Mazandaran
Se-rah-e Baladeh,919,12149,11230,Mazandaran
Se-rah-e Baladeh,-1938,18861,20799,Mazandaran
Se-rah-e Baladeh,-5217,18440,23657,Mazandaran
Se-rah-e Baladeh,774,23550,22776,Mazandaran
Se-rah-e Baladeh,334,23565,23231,Mazandaran
Se-rah-e Baladeh,481,25736,25255,Mazandaran
Se-rah-e Baladeh,2690,27958,25268,Mazandaran
Se-rah-e Baladeh,301,19894,19593,Mazandaran
Se-rah-e Baladeh,95,28478,28383,Mazandaran
Se-rah-e Baladeh,907,32931,32024,Mazandaran
Se-rah-e Baladeh,309,34264,33955,Mazandaran
Se-rah-e Baladeh,-167,15363,15530,Mazandaran
Se-rah-e Baladeh,-414,30952,31366,Mazandaran
Se-rah-e Baladeh,-408,35272,35680,Mazandaran
Se-rah-e Baladeh,-465,36921,37386,Mazandaran
Se-rah-e Baladeh,-586,31204,31790,Mazandaran
Se-rah-e Baladeh,-1039,30404,31443,Mazandaran
Se-rah-e Baladeh,-188,31466,31654,Mazandaran
Se-rah-e Baladeh,-1213,29297,30510,Mazandaran
Se-rah-e Baladeh,429,29775,29346,Mazandaran
Se-rah-e Baladeh,-2682,20267,22949,Mazandaran
Se-rah-e Baladeh,-2589,25461,28050,Mazandaran
Se-rah-e Baladeh,-344,24123,24467,Mazandaran
Se-rah-e Baladeh,641,21011,20370,Mazandaran
Se-rah-e Baladeh,335,20579,20244,Mazandaran
Se-rah-e Baladeh,152,21659,21507,Mazandaran
Se-rah-e Baladeh,676,20799,20123,Mazandaran
