City,Net,Input,Output,Province
Shahzeyd,-58,19688,19746,Mazandaran
Shahzeyd,152,13548,13396,Mazandaran
Shahzeyd,-1441,7698,9139,Mazandaran
Shahzeyd,-1215,16523,17738,Mazandaran
Shahzeyd,-57,26482,26539,Mazandaran
Shahzeyd,274,25627,25353,Mazandaran
Shahzeyd,26,25391,25365,Mazandaran
Shahzeyd,1208,25678,24470,Mazandaran
Shahzeyd,9420,19966,10546,Mazandaran
Shahzeyd,-361,20151,20512,Mazandaran
Shahzeyd,-329,29264,29593,Mazandaran
Shahzeyd,4500,30801,26301,Mazandaran
Shahzeyd,5639,29192,23553,Mazandaran
Shahzeyd,2291,12534,10243,Mazandaran
Shahzeyd,-3038,13468,16506,Mazandaran
Shahzeyd,-4951,19744,24695,Mazandaran
Shahzeyd,-1877,28449,30326,Mazandaran
Shahzeyd,-878,23349,24227,Mazandaran
Shahzeyd,-2701,20535,23236,Mazandaran
Shahzeyd,-5443,16429,21872,Mazandaran
Shahzeyd,-3994,20854,24848,Mazandaran
Shahzeyd,-758,29610,30368,Mazandaran
Shahzeyd,1303,22459,21156,Mazandaran
Shahzeyd,-2267,24018,26285,Mazandaran
Shahzeyd,-2250,20277,22527,Mazandaran
Shahzeyd,-315,23016,23331,Mazandaran
Shahzeyd,-163,22821,22984,Mazandaran
Shahzeyd,450,20164,19714,Mazandaran
Shahzeyd,-223,22293,22516,Mazandaran
