City,Net,Input,Output,Province
Shakta,965,10739,9774,Mazandaran
Shakta,-4869,5535,10404,Mazandaran
Shakta,-992,3895,4887,Mazandaran
Shakta,-776,5910,6686,Mazandaran
Shakta,-885,6905,7790,Mazandaran
Shakta,-630,7311,7941,Mazandaran
Shakta,-1235,7467,8702,Mazandaran
Shakta,-28,10190,10218,Mazandaran
Shakta,-780,9491,10271,Mazandaran
Shakta,3259,11315,8056,Mazandaran
Shakta,2406,9696,7290,Mazandaran
Shakta,-732,11215,11947,Mazandaran
Shakta,-2875,12953,15828,Mazandaran
Shakta,-4686,12815,17501,Mazandaran
Shakta,-1270,11328,12598,Mazandaran
Shakta,-4913,9493,14406,Mazandaran
Shakta,-2464,7970,10434,Mazandaran
Shakta,-405,7537,7942,Mazandaran
Shakta,-1694,11166,12860,Mazandaran
Shakta,-1191,9504,10695,Mazandaran
Shakta,934,12080,11146,Mazandaran
Shakta,4764,15297,10533,Mazandaran
Shakta,-6444,9664,16108,Mazandaran
Shakta,-4299,5998,10297,Mazandaran
Shakta,-1070,7623,8693,Mazandaran
Shakta,-1042,7911,8953,Mazandaran
Shakta,-946,8440,9386,Mazandaran
Shakta,-316,8721,9037,Mazandaran
Shakta,3504,12663,9159,Mazandaran
