City,Net,Input,Output,Province
Shirgah,-2865,19825,22690,Mazandaran
Shirgah,-187,25225,25412,Mazandaran
Shirgah,-151,20170,20321,Mazandaran
Shirgah,-1413,24358,25771,Mazandaran
Shirgah,604,26570,25966,Mazandaran
Shirgah,2346,30628,28282,Mazandaran
Shirgah,1990,30921,28931,Mazandaran
Shirgah,6245,39323,33078,Mazandaran
Shirgah,1870,32229,30359,Mazandaran
Shirgah,5103,28603,23500,Mazandaran
Shirgah,3210,27758,24548,Mazandaran
Shirgah,1942,29120,27178,Mazandaran
Shirgah,5071,32590,27519,Mazandaran
Shirgah,733,35162,34429,Mazandaran
Shirgah,1028,35725,34697,Mazandaran
Shirgah,-1177,35573,36750,Mazandaran
Shirgah,-331,33396,33727,Mazandaran
Shirgah,714,29843,29129,Mazandaran
Shirgah,107,33072,32965,Mazandaran
Shirgah,2840,33107,30267,Mazandaran
Shirgah,-4165,29097,33262,Mazandaran
Shirgah,-3767,29347,33114,Mazandaran
Shirgah,-2564,28058,30622,Mazandaran
Shirgah,-2396,32126,34522,Mazandaran
Shirgah,378,28811,28433,Mazandaran
Shirgah,235,27893,27658,Mazandaran
Shirgah,3367,29285,25918,Mazandaran
Shirgah,4136,28838,24702,Mazandaran
Shirgah,-1533,24578,26111,Mazandaran
