City,Net,Input,Output,Province
Siah Bisheh,-259,10425,10684,Mazandaran
Siah Bisheh,108,6131,6023,Mazandaran
Siah Bisheh,-49,1821,1870,Mazandaran
Siah Bisheh,-207,13671,13878,Mazandaran
Siah Bisheh,64,14067,14003,Mazandaran
Siah Bisheh,-258,14734,14992,Mazandaran
Siah Bisheh,177,16239,16062,Mazandaran
Siah Bisheh,-135,19720,19855,Mazandaran
Siah Bisheh,667,23633,22966,Mazandaran
Siah Bisheh,7048,17886,10838,Mazandaran
Siah Bisheh,11633,24370,12737,Mazandaran
Siah Bisheh,570,28869,28299,Mazandaran
Siah Bisheh,128,33966,33838,Mazandaran
Siah Bisheh,2514,22635,20121,Mazandaran
Siah Bisheh,-1177,29869,31046,Mazandaran
Siah Bisheh,-4648,28871,33519,Mazandaran
Siah Bisheh,-1756,32343,34099,Mazandaran
Siah Bisheh,-5747,31055,36802,Mazandaran
Siah Bisheh,-4572,26655,31227,Mazandaran
Siah Bisheh,-3433,28176,31609,Mazandaran
Siah Bisheh,-4062,26701,30763,Mazandaran
Siah Bisheh,-2174,24618,26792,Mazandaran
Siah Bisheh,281,18561,18280,Mazandaran
Siah Bisheh,5612,21957,16345,Mazandaran
Siah Bisheh,-1438,18576,20014,Mazandaran
Siah Bisheh,-506,13719,14225,Mazandaran
Siah Bisheh,-253,12221,12474,Mazandaran
Siah Bisheh,75,13038,12963,Mazandaran
Siah Bisheh,-359,10754,11113,Mazandaran
