City,Net,Input,Output,Province
Siahkal,161,14646,14485,Gilan
Siahkal,-308,11866,12174,Gilan
Siahkal,137,12587,12450,Gilan
Siahkal,187,16196,16009,Gilan
Siahkal,64,17540,17476,Gilan
Siahkal,307,17997,17690,Gilan
Siahkal,467,19186,18719,Gilan
Siahkal,1121,22655,21534,Gilan
Siahkal,1223,22604,21381,Gilan
Siahkal,894,16587,15693,Gilan
Siahkal,1100,22658,21558,Gilan
Siahkal,959,23045,22086,Gilan
Siahkal,1083,26941,25858,Gilan
Siahkal,1216,30357,29141,Gilan
Siahkal,-168,28536,28704,Gilan
Siahkal,-1085,30250,31335,Gilan
Siahkal,-358,26771,27129,Gilan
Siahkal,-207,26383,26590,Gilan
Siahkal,-543,26373,26916,Gilan
Siahkal,-929,24960,25889,Gilan
Siahkal,-1099,24800,25899,Gilan
Siahkal,-1847,24382,26229,Gilan
Siahkal,-2036,18968,21004,Gilan
Siahkal,-1838,20915,22753,Gilan
Siahkal,-803,17305,18108,Gilan
Siahkal,-41,15852,15893,Gilan
Siahkal,112,14902,14790,Gilan
Siahkal,142,14981,14839,Gilan
Siahkal,-46,15134,15180,Gilan
