City,Net,Input,Output,Province
Talesh,611,7443,6832,Gilan
Talesh,856,6598,5742,Gilan
Talesh,1285,7979,6694,Gilan
Talesh,768,8433,7665,Gilan
Talesh,866,8789,7923,Gilan
Talesh,491,8017,7526,Gilan
Talesh,804,8328,7524,Gilan
Talesh,70,8725,8655,Gilan
Talesh,-663,7823,8486,Gilan
Talesh,437,6995,6558,Gilan
Talesh,931,8839,7908,Gilan
Talesh,1209,9818,8609,Gilan
Talesh,1259,11105,9846,Gilan
Talesh,658,10141,9483,Gilan
Talesh,538,11280,10742,Gilan
Talesh,695,11757,11062,Gilan
Talesh,578,11037,10459,Gilan
Talesh,1001,11055,10054,Gilan
Talesh,1158,10823,9665,Gilan
Talesh,1684,11196,9512,Gilan
Talesh,1942,11315,9373,Gilan
Talesh,1894,10979,9085,Gilan
Talesh,773,7025,6252,Gilan
Talesh,2707,10489,7782,Gilan
Talesh,2666,10256,7590,Gilan
Talesh,1919,9395,7476,Gilan
Talesh,1478,8921,7443,Gilan
Talesh,1149,8600,7451,Gilan
Talesh,799,8044,7245,Gilan
