City,Net,Input,Output,Province
Tangrah,20,3234,3214,Golestan
Tangrah,-255,5550,5805,Golestan
Tangrah,-48,3442,3490,Golestan
Tangrah,-15,5803,5818,Golestan
Tangrah,447,7282,6835,Golestan
Tangrah,71,7109,7038,Golestan
Tangrah,-87,4741,4828,Golestan
Tangrah,282,8723,8441,Golestan
Tangrah,106,9668,9562,Golestan
Tangrah,111,7380,7269,Golestan
Tangrah,149,10020,9871,Golestan
Tangrah,180,11190,11010,Golestan
Tangrah,275,13086,12811,Golestan
Tangrah,138,13721,13583,Golestan
Tangrah,286,13640,13354,Golestan
Tangrah,-48,15005,15053,Golestan
Tangrah,-71,12526,12597,Golestan
Tangrah,145,11087,10942,Golestan
Tangrah,118,13132,13014,Golestan
Tangrah,262,12873,12611,Golestan
Tangrah,317,13426,13109,Golestan
Tangrah,554,13550,12996,Golestan
Tangrah,-821,11389,12210,Golestan
Tangrah,-242,10221,10463,Golestan
Tangrah,10,9114,9104,Golestan
Tangrah,-15,8871,8886,Golestan
Tangrah,-39,8224,8263,Golestan
Tangrah,59,7799,7740,Golestan
Tangrah,122,8028,7906,Golestan
