City,Net,Input,Output,Province
Tonekabon,-610,36926,37536,Mazandaran
Tonekabon,17,27798,27781,Mazandaran
Tonekabon,-2377,34246,36623,Mazandaran
Tonekabon,259,38883,38624,Mazandaran
Tonekabon,-1087,41627,42714,Mazandaran
Tonekabon,-1910,37821,39731,Mazandaran
Tonekabon,-2676,39753,42429,Mazandaran
Tonekabon,1839,36328,34489,Mazandaran
Tonekabon,-119,39891,40010,Mazandaran
Tonekabon,92,23199,23107,Mazandaran
Tonekabon,-3335,30845,34180,Mazandaran
Tonekabon,2158,45573,43415,Mazandaran
Tonekabon,558,52471,51913,Mazandaran
Tonekabon,-1237,54761,55998,Mazandaran
Tonekabon,241,50597,50356,Mazandaran
Tonekabon,-6816,47605,54421,Mazandaran
Tonekabon,-341,55226,55567,Mazandaran
Tonekabon,-6136,44243,50379,Mazandaran
Tonekabon,-2876,44405,47281,Mazandaran
Tonekabon,-3354,47100,50454,Mazandaran
Tonekabon,-3369,43847,47216,Mazandaran
Tonekabon,-6286,38534,44820,Mazandaran
Tonekabon,-4016,25378,29394,Mazandaran
Tonekabon,-4529,37051,41580,Mazandaran
Tonekabon,-1964,36269,38233,Mazandaran
Tonekabon,-3268,36086,39354,Mazandaran
Tonekabon,-1960,34960,36920,Mazandaran
Tonekabon,-2197,34929,37126,Mazandaran
Tonekabon,-828,34576,35404,Mazandaran
