City,Net,Input,Output,Province
Veresk,-796,11431,12227,Mazandaran
Veresk,416,13145,12729,Mazandaran
Veresk,-304,10284,10588,Mazandaran
Veresk,-529,15013,15542,Mazandaran
Veresk,-1083,16109,17192,Mazandaran
Veresk,672,14945,14273,Mazandaran
Veresk,5411,11846,6435,Mazandaran
Veresk,8559,14196,5637,Mazandaran
Veresk,10121,14770,4649,Mazandaran
Veresk,7108,9949,2841,Mazandaran
Veresk,4749,11843,7094,Mazandaran
Veresk,189,15917,15728,Mazandaran
Veresk,-53,16488,16541,Mazandaran
Veresk,-917,19666,20583,Mazandaran
Veresk,539,20273,19734,Mazandaran
Veresk,245,24505,24260,Mazandaran
Veresk,765,21423,20658,Mazandaran
Veresk,239,18637,18398,Mazandaran
Veresk,-180,19380,19560,Mazandaran
Veresk,-50,18063,18113,Mazandaran
Veresk,236,19426,19190,Mazandaran
Veresk,521,20495,19974,Mazandaran
Veresk,-53,15668,15721,Mazandaran
Veresk,-1729,19981,21710,Mazandaran
Veresk,-135,16720,16855,Mazandaran
Veresk,-441,13793,14234,Mazandaran
Veresk,-395,12707,13102,Mazandaran
Veresk,-535,13433,13968,Mazandaran
Veresk,-636,11966,12602,Mazandaran
