City,Net,Input,Output,Province
Zagheh Marz,28,1360,1332,Mazandaran
Zagheh Marz,-117,1326,1443,Mazandaran
Zagheh Marz,266,1440,1174,Mazandaran
Zagheh Marz,-203,1071,1274,Mazandaran
Zagheh Marz,-114,1150,1264,Mazandaran
Zagheh Marz,-259,1085,1344,Mazandaran
Zagheh Marz,-200,1072,1272,Mazandaran
Zagheh Marz,-257,1200,1457,Mazandaran
Zagheh Marz,-134,973,1107,Mazandaran
Zagheh Marz,-193,829,1022,Mazandaran
Zagheh Marz,-89,879,968,Mazandaran
Zagheh Marz,-157,862,1019,Mazandaran
Zagheh Marz,-180,1040,1220,Mazandaran
Zagheh Marz,-254,1123,1377,Mazandaran
Zagheh Marz,-238,1121,1359,Mazandaran
Zagheh Marz,-181,1022,1203,Mazandaran
Zagheh Marz,-169,1044,1213,Mazandaran
Zagheh Marz,-33,1144,1177,Mazandaran
Zagheh Marz,-168,1281,1449,Mazandaran
Zagheh Marz,-194,1159,1353,Mazandaran
Zagheh Marz,-259,1164,1423,Mazandaran
Zagheh Marz,-178,1019,1197,Mazandaran
Zagheh Marz,-206,1013,1219,Mazandaran
Zagheh Marz,-163,929,1092,Mazandaran
Zagheh Marz,-242,912,1154,Mazandaran
Zagheh Marz,-280,935,1215,Mazandaran
Zagheh Marz,-207,1001,1208,Mazandaran
Zagheh Marz,0,0,0,Mazandaran
Zagheh Marz,0,0,0,Mazandaran
