City,Net,Input,Output,Province
Ziabar,985,22030,21045,Gilan
Ziabar,-597,16800,17397,Gilan
Ziabar,661,21677,21016,Gilan
Ziabar,1177,24919,23742,Gilan
Ziabar,1216,25544,24328,Gilan
Ziabar,2087,26118,24031,Gilan
Ziabar,1293,26951,25658,Gilan
Ziabar,2734,30540,27806,Gilan
Ziabar,2938,28282,25344,Gilan
Ziabar,3170,22621,19451,Gilan
Ziabar,3756,29054,25298,Gilan
Ziabar,2860,29256,26396,Gilan
Ziabar,2888,33938,31050,Gilan
Ziabar,2423,36019,33596,Gilan
Ziabar,1594,35922,34328,Gilan
Ziabar,1680,36713,35033,Gilan
Ziabar,647,33800,33153,Gilan
Ziabar,1926,34857,32931,Gilan
Ziabar,1404,34875,33471,Gilan
Ziabar,395,33318,32923,Gilan
Ziabar,120,33318,33198,Gilan
Ziabar,-15,32637,32652,Gilan
Ziabar,-1630,24300,25930,Gilan
Ziabar,-2826,28043,30869,Gilan
Ziabar,-516,27119,27635,Gilan
Ziabar,643,25683,25040,Gilan
Ziabar,587,23210,22623,Gilan
Ziabar,1424,25158,23734,Gilan
Ziabar,1784,21939,20155,Gilan
