City,Net,Input,Output,Province
Abbasabad,148,57355,57207,Mazandaran
Abbasabad,835,52773,51938,Mazandaran
Abbasabad,657,62773,62116,Mazandaran
Abbasabad,338,63611,63273,Mazandaran
Abbasabad,2124,62551,60427,Mazandaran
Abbasabad,1944,59487,57543,Mazandaran
Abbasabad,551,60951,60400,Mazandaran
Abbasabad,455,75985,75530,Mazandaran
Abbasabad,-895,78170,79065,Mazandaran
Abbasabad,-2040,79867,81907,Mazandaran
Abbasabad,-1381,82750,84131,Mazandaran
Abbasabad,-674,79061,79735,Mazandaran
Abbasabad,-589,81195,81784,Mazandaran
Abbasabad,-1103,83071,84174,Mazandaran
Abbasabad,-1876,81174,83050,Mazandaran
Abbasabad,-7079,53109,60188,Mazandaran
Abbasabad,-3502,56350,59852,Mazandaran
Abbasabad,-2501,49951,52452,Mazandaran
Abbasabad,-2637,58101,60738,Mazandaran
Abbasabad,-1148,55846,56994,Mazandaran
Abbasabad,-98,51050,51148,Mazandaran
Abbasabad,-512,54077,54589,Mazandaran
Abbasabad,-1024,46255,47279,Mazandaran
