City,Net,Input,Output,Province
Aliabad,4302,148002,143700,Golestan
Aliabad,-5071,149761,154832,Golestan
Aliabad,-1394,168467,169861,Golestan
Aliabad,8232,178529,170297,Golestan
Aliabad,8225,167495,159270,Golestan
Aliabad,0,0,0,Golestan
Aliabad,0,0,0,Golestan
Aliabad,0,0,0,Golestan
Aliabad,0,0,0,Golestan
Aliabad,0,0,0,Golestan
Aliabad,0,0,0,Golestan
Aliabad,0,0,0,Golestan
Aliabad,0,0,0,Golestan
Aliabad,0,0,0,Golestan
Aliabad,0,0,0,Golestan
Aliabad,0,0,0,Golestan
Aliabad,0,0,0,Golestan
Aliabad,0,0,0,Golestan
Aliabad,0,0,0,Golestan
Aliabad,0,0,0,Golestan
Aliabad,0,0,0,Golestan
Aliabad,0,0,0,Golestan
Aliabad,0,0,0,Golestan
