City,Net,Input,Output,Province
Amlash,1220,11215,9995,Gilan
Amlash,667,10250,9583,Gilan
Amlash,1174,12236,11062,Gilan
Amlash,1802,12260,10458,Gilan
Amlash,1739,12160,10421,Gilan
Amlash,1497,11112,9615,Gilan
Amlash,578,10488,9910,Gilan
Amlash,671,13303,12632,Gilan
Amlash,408,13241,12833,Gilan
Amlash,513,13161,12648,Gilan
Amlash,974,12798,11824,Gilan
Amlash,1085,13090,12005,Gilan
Amlash,957,13757,12800,Gilan
Amlash,936,13792,12856,Gilan
Amlash,972,13986,13014,Gilan
Amlash,2491,6288,3797,Gilan
Amlash,-78,10610,10688,Gilan
Amlash,-716,9938,10654,Gilan
Amlash,-466,9863,10329,Gilan
Amlash,478,10133,9655,Gilan
Amlash,896,9546,8650,Gilan
Amlash,892,10134,9242,Gilan
Amlash,216,8157,7941,Gilan
