City,Net,Input,Output,Province
Amol,1543,142648,141105,Mazandaran
Amol,2509,132375,129866,Mazandaran
Amol,-11553,148511,160064,Mazandaran
Amol,-17878,138529,156407,Mazandaran
Amol,-14915,121490,136405,Mazandaran
Amol,-13021,119974,132995,Mazandaran
Amol,-17260,121595,138855,Mazandaran
Amol,-11605,147139,158744,Mazandaran
Amol,-25681,153136,178817,Mazandaran
Amol,-30785,156904,187689,Mazandaran
Amol,-37285,138013,175298,Mazandaran
Amol,-33781,139994,173775,Mazandaran
Amol,-20317,151515,171832,Mazandaran
Amol,-33422,141742,175164,Mazandaran
Amol,-36446,138721,175167,Mazandaran
Amol,-23622,115637,139259,Mazandaran
Amol,-31180,114182,145362,Mazandaran
Amol,-13994,114796,128790,Mazandaran
Amol,-19450,127791,147241,Mazandaran
Amol,-16600,125960,142560,Mazandaran
Amol,-22481,120518,142999,Mazandaran
Amol,-26396,114268,140664,Mazandaran
Amol,-8664,112939,121603,Mazandaran
