City,Net,Input,Output,Province
Anzali,4156,47248,43092,Gilan
Anzali,624,40533,39909,Gilan
Anzali,1255,41357,40102,Gilan
Anzali,4165,48732,44567,Gilan
Anzali,5111,48179,43068,Gilan
Anzali,3157,51450,48293,Gilan
Anzali,1245,54279,53034,Gilan
Anzali,5115,67885,62770,Gilan
Anzali,4530,68894,64364,Gilan
Anzali,3084,58327,55243,Gilan
Anzali,3642,63160,59518,Gilan
Anzali,2685,59945,57260,Gilan
Anzali,3148,57154,54006,Gilan
Anzali,2278,61241,58963,Gilan
Anzali,732,74064,73332,Gilan
Anzali,-6674,36474,43148,Gilan
Anzali,-1925,63053,64978,Gilan
Anzali,-1817,63153,64970,Gilan
Anzali,-7475,46558,54033,Gilan
Anzali,-2625,44168,46793,Gilan
Anzali,-2135,41304,43439,Gilan
Anzali,2195,57209,55014,Gilan
Anzali,-3951,48139,52090,Gilan
