City,Net,Input,Output,Province
Aq Chay,1037,6333,5296,Gilan
Aq Chay,940,8892,7952,Gilan
Aq Chay,1537,8902,7365,Gilan
Aq Chay,317,4898,4581,Gilan
Aq Chay,-2948,8218,11166,Gilan
Aq Chay,-4044,8623,12667,Gilan
Aq Chay,-4,12103,12107,Gilan
Aq Chay,2898,15401,12503,Gilan
Aq Chay,2600,13057,10457,Gilan
Aq Chay,6748,16615,9867,Gilan
Aq Chay,5147,11582,6435,Gilan
Aq Chay,5195,14395,9200,Gilan
Aq Chay,4466,14513,10047,Gilan
Aq Chay,2369,12683,10314,Gilan
Aq Chay,3344,13883,10539,Gilan
Aq Chay,64,734,670,Gilan
Aq Chay,976,10334,9358,Gilan
Aq Chay,4343,12723,8380,Gilan
Aq Chay,-5887,312,6199,Gilan
Aq Chay,-741,5835,6576,Gilan
Aq Chay,-116,5515,5631,Gilan
Aq Chay,806,5537,4731,Gilan
Aq Chay,1709,9150,7441,Gilan
