City,Net,Input,Output,Province
Aq Qala,222,32819,32597,Golestan
Aq Qala,-1274,29540,30814,Golestan
Aq Qala,-424,31423,31847,Golestan
Aq Qala,-1480,42220,43700,Golestan
Aq Qala,-1036,40106,41142,Golestan
Aq Qala,0,0,0,Golestan
Aq Qala,0,0,0,Golestan
Aq Qala,0,0,0,Golestan
Aq Qala,0,0,0,Golestan
Aq Qala,0,0,0,Golestan
Aq Qala,0,0,0,Golestan
Aq Qala,0,0,0,Golestan
Aq Qala,0,0,0,Golestan
Aq Qala,0,0,0,Golestan
Aq Qala,0,0,0,Golestan
Aq Qala,0,0,0,Golestan
Aq Qala,0,0,0,Golestan
Aq Qala,0,0,0,Golestan
Aq Qala,0,0,0,Golestan
Aq Qala,0,0,0,Golestan
Aq Qala,0,0,0,Golestan
Aq Qala,0,0,0,Golestan
Aq Qala,0,0,0,Golestan
