City,Net,Input,Output,Province
Asalem,1491,16437,14946,Gilan
Asalem,950,16291,15341,Gilan
Asalem,922,19061,18139,Gilan
Asalem,1222,19380,18158,Gilan
Asalem,2501,19772,17271,Gilan
Asalem,-307,18753,19060,Gilan
Asalem,542,20647,20105,Gilan
Asalem,268,28945,28677,Gilan
Asalem,-334,30881,31215,Gilan
Asalem,-608,25832,26440,Gilan
Asalem,-208,27677,27885,Gilan
Asalem,-434,25306,25740,Gilan
Asalem,421,27473,27052,Gilan
Asalem,-135,28379,28514,Gilan
Asalem,-1513,26872,28385,Gilan
Asalem,-5257,9970,15227,Gilan
Asalem,-3050,17823,20873,Gilan
Asalem,-2675,19958,22633,Gilan
Asalem,-5258,16790,22048,Gilan
Asalem,-3263,15891,19154,Gilan
Asalem,-795,14886,15681,Gilan
Asalem,-518,15212,15730,Gilan
Asalem,-2010,15347,17357,Gilan
