City,Net,Input,Output,Province
Astaneh,6681,80333,73652,Gilan
Astaneh,4111,76622,72511,Gilan
Astaneh,1674,84951,83277,Gilan
Astaneh,3401,79132,75731,Gilan
Astaneh,5760,78237,72477,Gilan
Astaneh,4584,75952,71368,Gilan
Astaneh,2359,80279,77920,Gilan
Astaneh,5641,103076,97435,Gilan
Astaneh,7762,107745,99983,Gilan
Astaneh,-4548,101903,106451,Gilan
Astaneh,1414,103387,101973,Gilan
Astaneh,-878,86054,86932,Gilan
Astaneh,4387,102937,98550,Gilan
Astaneh,1132,104155,103023,Gilan
Astaneh,4026,103556,99530,Gilan
Astaneh,8829,46789,37960,Gilan
Astaneh,-1115,81670,82785,Gilan
Astaneh,-1446,74929,76375,Gilan
Astaneh,-3156,75710,78866,Gilan
Astaneh,-1326,74291,75617,Gilan
Astaneh,-983,67945,68928,Gilan
Astaneh,295,75746,75451,Gilan
Astaneh,-540,66042,66582,Gilan
