City,Net,Input,Output,Province
Astara,-659,15575,16234,Gilan
Astara,-719,18224,18943,Gilan
Astara,-1135,19326,20461,Gilan
Astara,-192,16972,17164,Gilan
Astara,2199,23188,20989,Gilan
Astara,26,24082,24056,Gilan
Astara,-183,27544,27727,Gilan
Astara,-721,30476,31197,Gilan
Astara,2441,30442,28001,Gilan
Astara,-1930,28974,30904,Gilan
Astara,-934,24618,25552,Gilan
Astara,-2101,25352,27453,Gilan
Astara,-1481,26579,28060,Gilan
Astara,-183,26956,27139,Gilan
Astara,-2020,24532,26552,Gilan
Astara,2189,8720,6531,Gilan
Astara,-1380,21279,22659,Gilan
Astara,-3885,17990,21875,Gilan
Astara,4856,16052,11196,Gilan
Astara,-735,15884,16619,Gilan
Astara,-680,13976,14656,Gilan
Astara,-1242,14068,15310,Gilan
Astara,-1993,16302,18295,Gilan
