City,Net,Input,Output,Province
Azadshahr,19396,39007,19611,Golestan
Azadshahr,20154,56274,36120,Golestan
Azadshahr,23196,63083,39887,Golestan
Azadshahr,21510,65380,43870,Golestan
Azadshahr,20514,65080,44566,Golestan
Azadshahr,0,0,0,Golestan
Azadshahr,0,0,0,Golestan
Azadshahr,0,0,0,Golestan
Azadshahr,0,0,0,Golestan
Azadshahr,0,0,0,Golestan
Azadshahr,0,0,0,Golestan
Azadshahr,0,0,0,Golestan
Azadshahr,0,0,0,Golestan
Azadshahr,0,0,0,Golestan
Azadshahr,0,0,0,Golestan
Azadshahr,0,0,0,Golestan
Azadshahr,0,0,0,Golestan
Azadshahr,0,0,0,Golestan
Azadshahr,0,0,0,Golestan
Azadshahr,0,0,0,Golestan
Azadshahr,0,0,0,Golestan
Azadshahr,0,0,0,Golestan
Azadshahr,0,0,0,Golestan
