City,Net,Input,Output,Province
Babolsar,4529,47875,43346,Mazandaran
Babolsar,4258,49354,45096,Mazandaran
Babolsar,3495,53802,50307,Mazandaran
Babolsar,5680,53902,48222,Mazandaran
Babolsar,3962,72261,68299,Mazandaran
Babolsar,3869,76237,72368,Mazandaran
Babolsar,-1962,80749,82711,Mazandaran
Babolsar,520,91940,91420,Mazandaran
Babolsar,-5056,93746,98802,Mazandaran
Babolsar,-2002,99116,101118,Mazandaran
Babolsar,-1303,97105,98408,Mazandaran
Babolsar,-276,97744,98020,Mazandaran
Babolsar,1958,94417,92459,Mazandaran
Babolsar,-9416,89661,99077,Mazandaran
Babolsar,-3084,99936,103020,Mazandaran
Babolsar,-5963,78976,84939,Mazandaran
Babolsar,-6477,65862,72339,Mazandaran
Babolsar,6059,74960,68901,Mazandaran
Babolsar,6034,76571,70537,Mazandaran
Babolsar,4264,68757,64493,Mazandaran
Babolsar,354,61496,61142,Mazandaran
Babolsar,1635,63639,62004,Mazandaran
Babolsar,926,56956,56030,Mazandaran
