City,Net,Input,Output,Province
Babol,9171,191116,181945,Mazandaran
Babol,7304,176147,168843,Mazandaran
Babol,8672,192908,184236,Mazandaran
Babol,10699,187577,176878,Mazandaran
Babol,11204,159893,148689,Mazandaran
Babol,8056,155772,147716,Mazandaran
Babol,7639,159515,151876,Mazandaran
Babol,2483,174613,172130,Mazandaran
Babol,7477,198080,190603,Mazandaran
Babol,5137,197358,192221,Mazandaran
Babol,8948,194062,185114,Mazandaran
Babol,9563,190461,180898,Mazandaran
Babol,8411,167251,158840,Mazandaran
Babol,20337,165492,145155,Mazandaran
Babol,7920,169236,161316,Mazandaran
Babol,3025,142766,139741,Mazandaran
Babol,11476,137321,125845,Mazandaran
Babol,975,120828,119853,Mazandaran
Babol,4963,150223,145260,Mazandaran
Babol,5996,151569,145573,Mazandaran
Babol,10002,156819,146817,Mazandaran
Babol,9435,153895,144460,Mazandaran
Babol,5425,130827,125402,Mazandaran
