City,Net,Input,Output,Province
Bandar Torkaman,1245,24262,23017,Golestan
Bandar Torkaman,1192,23710,22518,Golestan
Bandar Torkaman,2549,24381,21832,Golestan
Bandar Torkaman,5107,25355,20248,Golestan
Bandar Torkaman,4597,24307,19710,Golestan
Bandar Torkaman,0,0,0,Golestan
Bandar Torkaman,0,0,0,Golestan
Bandar Torkaman,0,0,0,Golestan
Bandar Torkaman,0,0,0,Golestan
Bandar Torkaman,0,0,0,Golestan
Bandar Torkaman,0,0,0,Golestan
Bandar Torkaman,0,0,0,Golestan
Bandar Torkaman,0,0,0,Golestan
Bandar Torkaman,0,0,0,Golestan
Bandar Torkaman,0,0,0,Golestan
Bandar Torkaman,0,0,0,Golestan
Bandar Torkaman,0,0,0,Golestan
Bandar Torkaman,0,0,0,Golestan
Bandar Torkaman,0,0,0,Golestan
Bandar Torkaman,0,0,0,Golestan
Bandar Torkaman,0,0,0,Golestan
Bandar Torkaman,0,0,0,Golestan
Bandar Torkaman,0,0,0,Golestan
