City,Net,Input,Output,Province
Bazar Jomeh,1822,18357,16535,Gilan
Bazar Jomeh,1343,14379,13036,Gilan
Bazar Jomeh,1037,15726,14689,Gilan
Bazar Jomeh,1085,15152,14067,Gilan
Bazar Jomeh,593,13669,13076,Gilan
Bazar Jomeh,70,13720,13650,Gilan
Bazar Jomeh,850,15420,14570,Gilan
Bazar Jomeh,1770,23061,21291,Gilan
Bazar Jomeh,1500,19652,18152,Gilan
Bazar Jomeh,1057,19735,18678,Gilan
Bazar Jomeh,466,18998,18532,Gilan
Bazar Jomeh,664,17697,17033,Gilan
Bazar Jomeh,325,19497,19172,Gilan
Bazar Jomeh,533,20119,19586,Gilan
Bazar Jomeh,1634,23113,21479,Gilan
Bazar Jomeh,3755,10448,6693,Gilan
Bazar Jomeh,-454,13741,14195,Gilan
Bazar Jomeh,1903,17640,15737,Gilan
Bazar Jomeh,2419,15475,13056,Gilan
Bazar Jomeh,506,13919,13413,Gilan
Bazar Jomeh,594,12670,12076,Gilan
Bazar Jomeh,429,16309,15880,Gilan
Bazar Jomeh,1490,14884,13394,Gilan
