City,Net,Input,Output,Province
Behnamir,-271,10993,11264,Mazandaran
Behnamir,-534,14767,15301,Mazandaran
Behnamir,-98,17218,17316,Mazandaran
Behnamir,-804,16650,17454,Mazandaran
Behnamir,-1582,15280,16862,Mazandaran
Behnamir,-1699,14770,16469,Mazandaran
Behnamir,-893,14623,15516,Mazandaran
Behnamir,-1637,17540,19177,Mazandaran
Behnamir,-509,19280,19789,Mazandaran
Behnamir,-384,19853,20237,Mazandaran
Behnamir,-142,19322,19464,Mazandaran
Behnamir,-751,19255,20006,Mazandaran
Behnamir,-4341,13135,17476,Mazandaran
Behnamir,-956,18155,19111,Mazandaran
Behnamir,-476,20398,20874,Mazandaran
Behnamir,-595,15394,15989,Mazandaran
Behnamir,-6092,7425,13517,Mazandaran
Behnamir,-6130,7959,14089,Mazandaran
Behnamir,-7187,7923,15110,Mazandaran
Behnamir,-3869,4082,7951,Mazandaran
Behnamir,0,0,0,Mazandaran
Behnamir,0,0,0,Mazandaran
Behnamir,0,0,0,Mazandaran
