City,Net,Input,Output,Province
Behshahr,12743,47831,35088,Mazandaran
Behshahr,1639,48249,46610,Mazandaran
Behshahr,11943,50121,38178,Mazandaran
Behshahr,11839,54480,42641,Mazandaran
Behshahr,11858,50900,39042,Mazandaran
Behshahr,11252,47992,36740,Mazandaran
Behshahr,21107,51148,30041,Mazandaran
Behshahr,20197,52529,32332,Mazandaran
Behshahr,23789,59419,35630,Mazandaran
Behshahr,875,56202,55327,Mazandaran
Behshahr,-3817,56524,60341,Mazandaran
Behshahr,-3258,53400,56658,Mazandaran
Behshahr,-3953,50603,54556,Mazandaran
Behshahr,1223,52247,51024,Mazandaran
Behshahr,357,54384,54027,Mazandaran
Behshahr,-5033,46824,51857,Mazandaran
Behshahr,-3761,39999,43760,Mazandaran
Behshahr,-3076,37897,40973,Mazandaran
Behshahr,-3492,42984,46476,Mazandaran
Behshahr,-3058,39490,42548,Mazandaran
Behshahr,-1762,38256,40018,Mazandaran
Behshahr,-1951,39131,41082,Mazandaran
Behshahr,-2427,36835,39262,Mazandaran
