City,Net,Input,Output,Province
Chaboksar,2592,47769,45177,Gilan
Chaboksar,1632,45083,43451,Gilan
Chaboksar,226,38751,38525,Gilan
Chaboksar,4460,92400,87940,Gilan
Chaboksar,5825,94043,88218,Gilan
Chaboksar,8147,84641,76494,Gilan
Chaboksar,-34,50892,50926,Gilan
Chaboksar,2659,86544,83885,Gilan
Chaboksar,5537,85979,80442,Gilan
Chaboksar,1142,92473,91331,Gilan
Chaboksar,4255,82937,78682,Gilan
Chaboksar,5681,81131,75450,Gilan
Chaboksar,5381,76756,71375,Gilan
Chaboksar,4740,58863,54123,Gilan
Chaboksar,9534,93759,84225,Gilan
Chaboksar,2176,14446,12270,Gilan
Chaboksar,8486,102445,93959,Gilan
Chaboksar,3407,90264,86857,Gilan
Chaboksar,993,87555,86562,Gilan
Chaboksar,345,76462,76117,Gilan
Chaboksar,2353,68474,66121,Gilan
Chaboksar,2371,80723,78352,Gilan
Chaboksar,775,80262,79487,Gilan
