City,Net,Input,Output,Province
Chalus,-3006,75734,78740,Mazandaran
Chalus,-707,72476,73183,Mazandaran
Chalus,-2275,77862,80137,Mazandaran
Chalus,-623,93533,94156,Mazandaran
Chalus,1328,89603,88275,Mazandaran
Chalus,-2146,92780,94926,Mazandaran
Chalus,-1868,89562,91430,Mazandaran
Chalus,-3044,94771,97815,Mazandaran
Chalus,-641,96371,97012,Mazandaran
Chalus,761,104528,103767,Mazandaran
Chalus,-698,106607,107305,Mazandaran
Chalus,-1450,104824,106274,Mazandaran
Chalus,-4951,97748,102699,Mazandaran
Chalus,-2317,90385,92702,Mazandaran
Chalus,-3798,107120,110918,Mazandaran
Chalus,12016,74773,62757,Mazandaran
Chalus,1231,101218,99987,Mazandaran
Chalus,6534,95871,89337,Mazandaran
Chalus,4692,93111,88419,Mazandaran
Chalus,3133,91077,87944,Mazandaran
Chalus,1865,84438,82573,Mazandaran
Chalus,-328,84294,84622,Mazandaran
Chalus,3528,80483,76955,Mazandaran
