City,Net,Input,Output,Province
Dabudsht,-217,8070,8287,Mazandaran
Dabudsht,-20,8065,8085,Mazandaran
Dabudsht,-109,8070,8179,Mazandaran
Dabudsht,-631,7920,8551,Mazandaran
Dabudsht,-1085,7011,8096,Mazandaran
Dabudsht,-782,7817,8599,Mazandaran
Dabudsht,298,7453,7155,Mazandaran
Dabudsht,213,7453,7240,Mazandaran
Dabudsht,518,8147,7629,Mazandaran
Dabudsht,802,8520,7718,Mazandaran
Dabudsht,513,8588,8075,Mazandaran
Dabudsht,374,8471,8097,Mazandaran
Dabudsht,368,8550,8182,Mazandaran
Dabudsht,386,8952,8566,Mazandaran
Dabudsht,528,9352,8824,Mazandaran
Dabudsht,1356,8268,6912,Mazandaran
Dabudsht,1387,7492,6105,Mazandaran
Dabudsht,1476,8131,6655,Mazandaran
Dabudsht,1502,8454,6952,Mazandaran
Dabudsht,836,8034,7198,Mazandaran
Dabudsht,267,7891,7624,Mazandaran
Dabudsht,78,7977,7899,Mazandaran
Dabudsht,1080,7891,6811,Mazandaran
