City,Net,Input,Output,Province
Deylaman,323,1397,1074,Gilan
Deylaman,82,1573,1491,Gilan
Deylaman,226,1697,1471,Gilan
Deylaman,497,1921,1424,Gilan
Deylaman,883,2280,1397,Gilan
Deylaman,862,2661,1799,Gilan
Deylaman,-40,1738,1778,Gilan
Deylaman,505,3672,3167,Gilan
Deylaman,-174,4466,4640,Gilan
Deylaman,-123,3439,3562,Gilan
Deylaman,-99,3329,3428,Gilan
Deylaman,65,3222,3157,Gilan
Deylaman,202,3993,3791,Gilan
Deylaman,113,4780,4667,Gilan
Deylaman,-6,4153,4159,Gilan
Deylaman,465,1450,985,Gilan
Deylaman,-117,2445,2562,Gilan
Deylaman,-433,4300,4733,Gilan
Deylaman,-737,1374,2111,Gilan
Deylaman,-77,1464,1541,Gilan
Deylaman,61,1310,1249,Gilan
Deylaman,380,1751,1371,Gilan
Deylaman,-284,2908,3192,Gilan
