City,Net,Input,Output,Province
Doab,5933,21514,15581,Mazandaran
Doab,6363,23444,17081,Mazandaran
Doab,9792,28359,18567,Mazandaran
Doab,15992,30617,14625,Mazandaran
Doab,22543,35578,13035,Mazandaran
Doab,18654,31069,12415,Mazandaran
Doab,12829,23688,10859,Mazandaran
Doab,7354,21192,13838,Mazandaran
Doab,-1694,14044,15738,Mazandaran
Doab,-4824,16667,21491,Mazandaran
Doab,-4300,25545,29845,Mazandaran
Doab,-1205,26497,27702,Mazandaran
Doab,1072,28328,27256,Mazandaran
Doab,1036,31331,30295,Mazandaran
Doab,-6299,28974,35273,Mazandaran
Doab,-13760,10007,23767,Mazandaran
Doab,-15673,10636,26309,Mazandaran
Doab,-19792,16216,36008,Mazandaran
Doab,-15632,13524,29156,Mazandaran
Doab,-5966,15947,21913,Mazandaran
Doab,-120,17521,17641,Mazandaran
Doab,-850,19268,20118,Mazandaran
Doab,-6635,16111,22746,Mazandaran
