City,Net,Input,Output,Province
Fereydunkenar,-10530,20085,30615,Mazandaran
Fereydunkenar,-10896,19389,30285,Mazandaran
Fereydunkenar,-11075,20357,31432,Mazandaran
Fereydunkenar,-11931,21234,33165,Mazandaran
Fereydunkenar,-7425,46765,54190,Mazandaran
Fereydunkenar,-6623,56293,62916,Mazandaran
Fereydunkenar,-5212,60780,65992,Mazandaran
Fereydunkenar,-7671,66985,74656,Mazandaran
Fereydunkenar,-10094,70020,80114,Mazandaran
Fereydunkenar,-10959,70061,81020,Mazandaran
Fereydunkenar,-12493,68163,80656,Mazandaran
Fereydunkenar,-13963,65958,79921,Mazandaran
Fereydunkenar,-5865,73291,79156,Mazandaran
Fereydunkenar,3763,85873,82110,Mazandaran
Fereydunkenar,342,83305,82963,Mazandaran
Fereydunkenar,4839,71985,67146,Mazandaran
Fereydunkenar,8953,62668,53715,Mazandaran
Fereydunkenar,-14236,48541,62777,Mazandaran
Fereydunkenar,-13331,45030,58361,Mazandaran
Fereydunkenar,-12542,43540,56082,Mazandaran
Fereydunkenar,-14073,41974,56047,Mazandaran
Fereydunkenar,-14281,42431,56712,Mazandaran
Fereydunkenar,-14505,38996,53501,Mazandaran
