City,Net,Input,Output,Province
Fuman,41977,106737,64760,Gilan
Fuman,39322,99518,60196,Gilan
Fuman,44568,105590,61022,Gilan
Fuman,54276,122955,68679,Gilan
Fuman,69085,135492,66407,Gilan
Fuman,66843,130150,63307,Gilan
Fuman,53344,124487,71143,Gilan
Fuman,54404,154383,99979,Gilan
Fuman,31347,146873,115526,Gilan
Fuman,29539,148126,118587,Gilan
Fuman,35787,138917,103130,Gilan
Fuman,32203,137636,105433,Gilan
Fuman,37655,143803,106148,Gilan
Fuman,33954,134791,100837,Gilan
Fuman,20276,139721,119445,Gilan
Fuman,4056,44362,40306,Gilan
Fuman,-11234,95399,106633,Gilan
Fuman,-15040,88929,103969,Gilan
Fuman,-16678,90701,107379,Gilan
Fuman,7334,91543,84209,Gilan
Fuman,20557,82908,62351,Gilan
Fuman,24906,98466,73560,Gilan
Fuman,8321,81682,73361,Gilan
