City,Net,Input,Output,Province
Gaduk,-7132,9133,16265,Mazandaran
Gaduk,-5246,11494,16740,Mazandaran
Gaduk,-4937,10423,15360,Mazandaran
Gaduk,-12558,9574,22132,Mazandaran
Gaduk,-16624,8222,24846,Mazandaran
Gaduk,-10957,8416,19373,Mazandaran
Gaduk,-8437,11439,19876,Mazandaran
Gaduk,-6901,14036,20937,Mazandaran
Gaduk,-1617,22543,24160,Mazandaran
Gaduk,979,22944,21965,Mazandaran
Gaduk,2557,20430,17873,Mazandaran
Gaduk,-2281,16524,18805,Mazandaran
Gaduk,-3462,14257,17719,Mazandaran
Gaduk,-2360,14387,16747,Mazandaran
Gaduk,921,16409,15488,Mazandaran
Gaduk,9569,21485,11916,Mazandaran
Gaduk,14607,23223,8616,Mazandaran
Gaduk,16223,22760,6537,Mazandaran
Gaduk,15079,21346,6267,Mazandaran
Gaduk,5099,11976,6877,Mazandaran
Gaduk,525,8608,8083,Mazandaran
Gaduk,721,8771,8050,Mazandaran
Gaduk,5573,12681,7108,Mazandaran
