City,Net,Input,Output,Province
Galikesh,47,16195,16148,Golestan
Galikesh,-109,15167,15276,Golestan
Galikesh,846,18097,17251,Golestan
Galikesh,1009,18915,17906,Golestan
Galikesh,1437,18748,17311,Golestan
Galikesh,0,0,0,Golestan
Galikesh,0,0,0,Golestan
Galikesh,0,0,0,Golestan
Galikesh,0,0,0,Golestan
Galikesh,0,0,0,Golestan
Galikesh,0,0,0,Golestan
Galikesh,0,0,0,Golestan
Galikesh,0,0,0,Golestan
Galikesh,0,0,0,Golestan
Galikesh,0,0,0,Golestan
Galikesh,0,0,0,Golestan
Galikesh,0,0,0,Golestan
Galikesh,0,0,0,Golestan
Galikesh,0,0,0,Golestan
Galikesh,0,0,0,Golestan
Galikesh,0,0,0,Golestan
Galikesh,0,0,0,Golestan
Galikesh,0,0,0,Golestan
