City,Net,Input,Output,Province
Galugah,-23030,79895,102925,Mazandaran
Galugah,-9519,102123,111642,Mazandaran
Galugah,-22508,86282,108790,Mazandaran
Galugah,-30146,96835,126981,Mazandaran
Galugah,-24100,71429,95529,Mazandaran
Galugah,-9615,55448,65063,Mazandaran
Galugah,-17428,52198,69626,Mazandaran
Galugah,-15152,56192,71344,Mazandaran
Galugah,-20922,61628,82550,Mazandaran
Galugah,1625,76772,75147,Mazandaran
Galugah,5460,80006,74546,Mazandaran
Galugah,5479,74873,69394,Mazandaran
Galugah,4642,70307,65665,Mazandaran
Galugah,-1009,62257,63266,Mazandaran
Galugah,1860,70390,68530,Mazandaran
Galugah,5666,70375,64709,Mazandaran
Galugah,4559,59329,54770,Mazandaran
Galugah,2046,54211,52165,Mazandaran
Galugah,4988,56675,51687,Mazandaran
Galugah,4573,50116,45543,Mazandaran
Galugah,2228,45241,43013,Mazandaran
Galugah,3004,48702,45698,Mazandaran
Galugah,2367,49607,47240,Mazandaran
