City,Net,Input,Output,Province
Garmab,-212,2551,2763,Mazandaran
Garmab,1126,4473,3347,Mazandaran
Garmab,329,3184,2855,Mazandaran
Garmab,237,3752,3515,Mazandaran
Garmab,110,4358,4248,Mazandaran
Garmab,-1152,4097,5249,Mazandaran
Garmab,866,2982,2116,Mazandaran
Garmab,1004,5371,4367,Mazandaran
Garmab,1047,6538,5491,Mazandaran
Garmab,707,5362,4655,Mazandaran
Garmab,331,4979,4648,Mazandaran
Garmab,296,4420,4124,Mazandaran
Garmab,538,4259,3721,Mazandaran
Garmab,-40,4445,4485,Mazandaran
Garmab,-1302,4666,5968,Mazandaran
Garmab,-85,4862,4947,Mazandaran
Garmab,-817,3733,4550,Mazandaran
Garmab,1274,5329,4055,Mazandaran
Garmab,-54,2947,3001,Mazandaran
Garmab,-199,2327,2526,Mazandaran
Garmab,-206,2237,2443,Mazandaran
Garmab,-1678,2398,4076,Mazandaran
Garmab,1568,4869,3301,Mazandaran
