City,Net,Input,Output,Province
Garzin Kheil,-16321,9799,26120,Mazandaran
Garzin Kheil,-17034,13173,30207,Mazandaran
Garzin Kheil,-16781,11726,28507,Mazandaran
Garzin Kheil,-7441,26462,33903,Mazandaran
Garzin Kheil,-925,34387,35312,Mazandaran
Garzin Kheil,-692,28301,28993,Mazandaran
Garzin Kheil,-1403,31580,32983,Mazandaran
Garzin Kheil,-400,36275,36675,Mazandaran
Garzin Kheil,-1735,50032,51767,Mazandaran
Garzin Kheil,-621,49160,49781,Mazandaran
Garzin Kheil,-1405,40906,42311,Mazandaran
Garzin Kheil,-1352,36446,37798,Mazandaran
Garzin Kheil,-1328,33129,34457,Mazandaran
Garzin Kheil,-2199,31610,33809,Mazandaran
Garzin Kheil,-2071,32568,34639,Mazandaran
Garzin Kheil,-2624,35364,37988,Mazandaran
Garzin Kheil,-2238,34022,36260,Mazandaran
Garzin Kheil,-1729,31605,33334,Mazandaran
Garzin Kheil,-1220,29132,30352,Mazandaran
Garzin Kheil,-798,19488,20286,Mazandaran
Garzin Kheil,-659,16863,17522,Mazandaran
Garzin Kheil,-574,17334,17908,Mazandaran
Garzin Kheil,-1296,20953,22249,Mazandaran
