City,Net,Input,Output,Province
Gatab,1565,22815,21250,Mazandaran
Gatab,-507,20804,21311,Mazandaran
Gatab,51,21877,21826,Mazandaran
Gatab,892,21500,20608,Mazandaran
Gatab,2661,20856,18195,Mazandaran
Gatab,2237,22143,19906,Mazandaran
Gatab,-917,18659,19576,Mazandaran
Gatab,137,18581,18444,Mazandaran
Gatab,-679,19109,19788,Mazandaran
Gatab,52,20339,20287,Mazandaran
Gatab,436,20860,20424,Mazandaran
Gatab,289,20911,20622,Mazandaran
Gatab,157,1097,940,Mazandaran
Gatab,0,0,0,Mazandaran
Gatab,0,0,0,Mazandaran
Gatab,0,0,0,Mazandaran
Gatab,0,0,0,Mazandaran
Gatab,0,0,0,Mazandaran
Gatab,0,0,0,Mazandaran
Gatab,0,0,0,Mazandaran
Gatab,0,0,0,Mazandaran
Gatab,0,0,0,Mazandaran
Gatab,0,0,0,Mazandaran
