City,Net,Input,Output,Province
Gazanak,-361,26932,27293,Mazandaran
Gazanak,-613,28605,29218,Mazandaran
Gazanak,-586,30145,30731,Mazandaran
Gazanak,30,34505,34475,Mazandaran
Gazanak,-2067,34840,36907,Mazandaran
Gazanak,-564,33081,33645,Mazandaran
Gazanak,-52,35937,35989,Mazandaran
Gazanak,2461,40205,37744,Mazandaran
Gazanak,-1169,41064,42233,Mazandaran
Gazanak,1220,41608,40388,Mazandaran
Gazanak,-2575,44746,47321,Mazandaran
Gazanak,-545,39387,39932,Mazandaran
Gazanak,-1029,40180,41209,Mazandaran
Gazanak,-1138,40397,41535,Mazandaran
Gazanak,-945,38951,39896,Mazandaran
Gazanak,-8658,28415,37073,Mazandaran
Gazanak,-1213,33426,34639,Mazandaran
Gazanak,-2451,28349,30800,Mazandaran
Gazanak,-1488,29389,30877,Mazandaran
Gazanak,-636,24485,25121,Mazandaran
Gazanak,-995,21164,22159,Mazandaran
Gazanak,-211,20898,21109,Mazandaran
Gazanak,-1584,21913,23497,Mazandaran
