City,Net,Input,Output,Province
Gilvan,101,1793,1692,Gilan
Gilvan,-29,2288,2317,Gilan
Gilvan,140,2606,2466,Gilan
Gilvan,119,2558,2439,Gilan
Gilvan,651,3526,2875,Gilan
Gilvan,-373,2415,2788,Gilan
Gilvan,-48,2204,2252,Gilan
Gilvan,-3,2909,2912,Gilan
Gilvan,240,3544,3304,Gilan
Gilvan,361,3206,2845,Gilan
Gilvan,547,3190,2643,Gilan
Gilvan,475,3049,2574,Gilan
Gilvan,401,2810,2409,Gilan
Gilvan,262,2800,2538,Gilan
Gilvan,155,2890,2735,Gilan
Gilvan,563,1350,787,Gilan
Gilvan,159,2578,2419,Gilan
Gilvan,-726,2388,3114,Gilan
Gilvan,-1524,1855,3379,Gilan
Gilvan,-378,1911,2289,Gilan
Gilvan,-17,1726,1743,Gilan
Gilvan,-47,1774,1821,Gilan
Gilvan,-281,1723,2004,Gilan
