City,Net,Input,Output,Province
Gomishan,34,7453,7419,Golestan
Gomishan,-321,6448,6769,Golestan
Gomishan,-443,7201,7644,Golestan
Gomishan,-288,7427,7715,Golestan
Gomishan,73,7146,7073,Golestan
Gomishan,0,0,0,Golestan
Gomishan,0,0,0,Golestan
Gomishan,0,0,0,Golestan
Gomishan,0,0,0,Golestan
Gomishan,0,0,0,Golestan
Gomishan,0,0,0,Golestan
Gomishan,0,0,0,Golestan
Gomishan,0,0,0,Golestan
Gomishan,0,0,0,Golestan
Gomishan,0,0,0,Golestan
Gomishan,0,0,0,Golestan
Gomishan,0,0,0,Golestan
Gomishan,0,0,0,Golestan
Gomishan,0,0,0,Golestan
Gomishan,0,0,0,Golestan
Gomishan,0,0,0,Golestan
Gomishan,0,0,0,Golestan
Gomishan,0,0,0,Golestan
