City,Net,Input,Output,Province
Gonbad,-17619,24437,42056,Golestan
Gonbad,-16993,24729,41722,Golestan
Gonbad,-21606,26481,48087,Golestan
Gonbad,-17010,39825,56835,Golestan
Gonbad,-16168,34453,50621,Golestan
Gonbad,0,0,0,Golestan
Gonbad,0,0,0,Golestan
Gonbad,0,0,0,Golestan
Gonbad,0,0,0,Golestan
Gonbad,0,0,0,Golestan
Gonbad,0,0,0,Golestan
Gonbad,0,0,0,Golestan
Gonbad,0,0,0,Golestan
Gonbad,0,0,0,Golestan
Gonbad,0,0,0,Golestan
Gonbad,0,0,0,Golestan
Gonbad,0,0,0,Golestan
Gonbad,0,0,0,Golestan
Gonbad,0,0,0,Golestan
Gonbad,0,0,0,Golestan
Gonbad,0,0,0,Golestan
Gonbad,0,0,0,Golestan
Gonbad,0,0,0,Golestan
