City,Net,Input,Output,Province
Gorgan,-3974,171109,175083,Golestan
Gorgan,8833,162462,153629,Golestan
Gorgan,2060,177835,175775,Golestan
Gorgan,-10120,174569,184689,Golestan
Gorgan,-8745,159650,168395,Golestan
Gorgan,0,0,0,Golestan
Gorgan,0,0,0,Golestan
Gorgan,0,0,0,Golestan
Gorgan,0,0,0,Golestan
Gorgan,0,0,0,Golestan
Gorgan,0,0,0,Golestan
Gorgan,0,0,0,Golestan
Gorgan,0,0,0,Golestan
Gorgan,0,0,0,Golestan
Gorgan,0,0,0,Golestan
Gorgan,0,0,0,Golestan
Gorgan,0,0,0,Golestan
Gorgan,0,0,0,Golestan
Gorgan,0,0,0,Golestan
Gorgan,0,0,0,Golestan
Gorgan,0,0,0,Golestan
Gorgan,0,0,0,Golestan
Gorgan,0,0,0,Golestan
