City,Net,Input,Output,Province
Hasanrud,5994,11625,5631,Gilan
Hasanrud,6855,7837,982,Gilan
Hasanrud,7351,7735,384,Gilan
Hasanrud,4857,12794,7937,Gilan
Hasanrud,5694,17707,12013,Gilan
Hasanrud,7657,14514,6857,Gilan
Hasanrud,10441,16059,5618,Gilan
Hasanrud,11130,20730,9600,Gilan
Hasanrud,11315,20272,8957,Gilan
Hasanrud,12460,13563,1103,Gilan
Hasanrud,11981,16225,4244,Gilan
Hasanrud,11169,17491,6322,Gilan
Hasanrud,11591,12503,912,Gilan
Hasanrud,12388,14925,2537,Gilan
Hasanrud,11730,25783,14053,Gilan
Hasanrud,4188,9365,5177,Gilan
Hasanrud,10196,30257,20061,Gilan
Hasanrud,7508,25556,18048,Gilan
Hasanrud,9086,17452,8366,Gilan
Hasanrud,7817,15110,7293,Gilan
Hasanrud,6949,14985,8036,Gilan
Hasanrud,6597,22554,15957,Gilan
Hasanrud,8544,14416,5872,Gilan
