City,Net,Input,Output,Province
Hazarcham,6915,13049,6134,Mazandaran
Hazarcham,6579,13679,7100,Mazandaran
Hazarcham,5511,10006,4495,Mazandaran
Hazarcham,13217,17100,3883,Mazandaran
Hazarcham,24240,28105,3865,Mazandaran
Hazarcham,20361,23975,3614,Mazandaran
Hazarcham,3078,3796,718,Mazandaran
Hazarcham,2988,6775,3787,Mazandaran
Hazarcham,-4515,487,5002,Mazandaran
Hazarcham,-7065,5041,12106,Mazandaran
Hazarcham,-5735,15852,21587,Mazandaran
Hazarcham,366,19441,19075,Mazandaran
Hazarcham,-691,19905,20596,Mazandaran
Hazarcham,558,19434,18876,Mazandaran
Hazarcham,-7086,15545,22631,Mazandaran
Hazarcham,-2249,2121,4370,Mazandaran
Hazarcham,-2879,488,3367,Mazandaran
Hazarcham,-24998,3216,28214,Mazandaran
Hazarcham,-20623,4523,25146,Mazandaran
Hazarcham,-9113,9620,18733,Mazandaran
Hazarcham,-592,9398,9990,Mazandaran
Hazarcham,-476,10462,10938,Mazandaran
Hazarcham,-8306,7021,15327,Mazandaran
