City,Net,Input,Output,Province
Imamzadeh Hashem,-6405,133501,139906,Gilan
Imamzadeh Hashem,2594,132764,130170,Gilan
Imamzadeh Hashem,-3784,128485,132269,Gilan
Imamzadeh Hashem,-6905,138481,145386,Gilan
Imamzadeh Hashem,-32945,172887,205832,Gilan
Imamzadeh Hashem,-35194,167619,202813,Gilan
Imamzadeh Hashem,-35226,162774,198000,Gilan
Imamzadeh Hashem,-9693,204789,214482,Gilan
Imamzadeh Hashem,-8884,204772,213656,Gilan
Imamzadeh Hashem,-27844,191366,219210,Gilan
Imamzadeh Hashem,-18232,193746,211978,Gilan
Imamzadeh Hashem,-2428,203554,205982,Gilan
Imamzadeh Hashem,658,188506,187848,Gilan
Imamzadeh Hashem,-2292,181884,184176,Gilan
Imamzadeh Hashem,-18490,176178,194668,Gilan
Imamzadeh Hashem,-23638,113506,137144,Gilan
Imamzadeh Hashem,1104,179564,178460,Gilan
Imamzadeh Hashem,20092,195346,175254,Gilan
Imamzadeh Hashem,45709,209707,163998,Gilan
Imamzadeh Hashem,23651,168912,145261,Gilan
Imamzadeh Hashem,3559,130008,126449,Gilan
Imamzadeh Hashem,5890,150572,144682,Gilan
Imamzadeh Hashem,15247,147428,132181,Gilan
