City,Net,Input,Output,Province
Incheh Borun,-594,6285,6879,Golestan
Incheh Borun,-691,13264,13955,Golestan
Incheh Borun,-149,7494,7643,Golestan
Incheh Borun,143,8548,8405,Golestan
Incheh Borun,193,9067,8874,Golestan
Incheh Borun,0,0,0,Golestan
Incheh Borun,0,0,0,Golestan
Incheh Borun,0,0,0,Golestan
Incheh Borun,0,0,0,Golestan
Incheh Borun,0,0,0,Golestan
Incheh Borun,0,0,0,Golestan
Incheh Borun,0,0,0,Golestan
Incheh Borun,0,0,0,Golestan
Incheh Borun,0,0,0,Golestan
Incheh Borun,0,0,0,Golestan
Incheh Borun,0,0,0,Golestan
Incheh Borun,0,0,0,Golestan
Incheh Borun,0,0,0,Golestan
Incheh Borun,0,0,0,Golestan
Incheh Borun,0,0,0,Golestan
Incheh Borun,0,0,0,Golestan
Incheh Borun,0,0,0,Golestan
Incheh Borun,0,0,0,Golestan
