City,Net,Input,Output,Province
Jirdeh,-9923,0,9923,Gilan
Jirdeh,-9548,0,9548,Gilan
Jirdeh,-7802,0,7802,Gilan
Jirdeh,-10283,0,10283,Gilan
Jirdeh,-9527,0,9527,Gilan
Jirdeh,-9138,0,9138,Gilan
Jirdeh,-9063,0,9063,Gilan
Jirdeh,-11323,0,11323,Gilan
Jirdeh,-12919,0,12919,Gilan
Jirdeh,-11335,0,11335,Gilan
Jirdeh,-12348,0,12348,Gilan
Jirdeh,-11658,0,11658,Gilan
Jirdeh,-10710,0,10710,Gilan
Jirdeh,-10970,0,10970,Gilan
Jirdeh,-11576,0,11576,Gilan
Jirdeh,-1570,0,1570,Gilan
Jirdeh,-9530,0,9530,Gilan
Jirdeh,-9638,0,9638,Gilan
Jirdeh,-10975,0,10975,Gilan
Jirdeh,-10319,0,10319,Gilan
Jirdeh,-8307,0,8307,Gilan
Jirdeh,-10769,0,10769,Gilan
Jirdeh,-11260,0,11260,Gilan
