City,Net,Input,Output,Province
Juybar,8514,31054,22540,Mazandaran
Juybar,8484,32213,23729,Mazandaran
Juybar,9183,33107,23924,Mazandaran
Juybar,-1613,18452,20065,Mazandaran
Juybar,-5119,6333,11452,Mazandaran
Juybar,-615,6572,7187,Mazandaran
Juybar,-3991,6455,10446,Mazandaran
Juybar,-3335,6532,9867,Mazandaran
Juybar,1625,8387,6762,Mazandaran
Juybar,4102,7860,3758,Mazandaran
Juybar,-4724,8007,12731,Mazandaran
Juybar,-5323,7974,13297,Mazandaran
Juybar,-5320,8010,13330,Mazandaran
Juybar,2842,13969,11127,Mazandaran
Juybar,-4709,14896,19605,Mazandaran
Juybar,80,16939,16859,Mazandaran
Juybar,2173,14457,12284,Mazandaran
Juybar,2067,13998,11931,Mazandaran
Juybar,16,19349,19333,Mazandaran
Juybar,-2127,18353,20480,Mazandaran
Juybar,-1407,14640,16047,Mazandaran
Juybar,-1845,18906,20751,Mazandaran
Juybar,609,18223,17614,Mazandaran
