City,Net,Input,Output,Province
Kalardasht,107,1953,1846,Mazandaran
Kalardasht,-83,2203,2286,Mazandaran
Kalardasht,-150,2004,2154,Mazandaran
Kalardasht,-177,2198,2375,Mazandaran
Kalardasht,-411,2529,2940,Mazandaran
Kalardasht,-637,2597,3234,Mazandaran
Kalardasht,-498,2612,3110,Mazandaran
Kalardasht,-717,4497,5214,Mazandaran
Kalardasht,382,5983,5601,Mazandaran
Kalardasht,582,5155,4573,Mazandaran
Kalardasht,703,5530,4827,Mazandaran
Kalardasht,483,5178,4695,Mazandaran
Kalardasht,209,5366,5157,Mazandaran
Kalardasht,50,6015,5965,Mazandaran
Kalardasht,835,6437,5602,Mazandaran
Kalardasht,1842,3255,1413,Mazandaran
Kalardasht,1034,3558,2524,Mazandaran
Kalardasht,327,5966,5639,Mazandaran
Kalardasht,583,2703,2120,Mazandaran
Kalardasht,231,2138,1907,Mazandaran
Kalardasht,236,2117,1881,Mazandaran
Kalardasht,190,2665,2475,Mazandaran
Kalardasht,273,3352,3079,Mazandaran
