City,Net,Input,Output,Province
Kalaleh,-2828,11301,14129,Golestan
Kalaleh,-2111,10480,12591,Golestan
Kalaleh,-3803,6515,10318,Golestan
Kalaleh,-2960,13307,16267,Golestan
Kalaleh,-2598,11115,13713,Golestan
Kalaleh,0,0,0,Golestan
Kalaleh,0,0,0,Golestan
Kalaleh,0,0,0,Golestan
Kalaleh,0,0,0,Golestan
Kalaleh,0,0,0,Golestan
Kalaleh,0,0,0,Golestan
Kalaleh,0,0,0,Golestan
Kalaleh,0,0,0,Golestan
Kalaleh,0,0,0,Golestan
Kalaleh,0,0,0,Golestan
Kalaleh,0,0,0,Golestan
Kalaleh,0,0,0,Golestan
Kalaleh,0,0,0,Golestan
Kalaleh,0,0,0,Golestan
Kalaleh,0,0,0,Golestan
Kalaleh,0,0,0,Golestan
Kalaleh,0,0,0,Golestan
Kalaleh,0,0,0,Golestan
