City,Net,Input,Output,Province
Kalan Kalaye,-140,3744,3884,Gilan
Kalan Kalaye,47,3667,3620,Gilan
Kalan Kalaye,-65,3836,3901,Gilan
Kalan Kalaye,-178,3923,4101,Gilan
Kalan Kalaye,-102,4427,4529,Gilan
Kalan Kalaye,21,3957,3936,Gilan
Kalan Kalaye,95,3823,3728,Gilan
Kalan Kalaye,-144,5117,5261,Gilan
Kalan Kalaye,-331,5191,5522,Gilan
Kalan Kalaye,-367,4792,5159,Gilan
Kalan Kalaye,-69,4565,4634,Gilan
Kalan Kalaye,-80,4843,4923,Gilan
Kalan Kalaye,-99,4804,4903,Gilan
Kalan Kalaye,40,4920,4880,Gilan
Kalan Kalaye,31,5144,5113,Gilan
Kalan Kalaye,-806,1508,2314,Gilan
Kalan Kalaye,19,3784,3765,Gilan
Kalan Kalaye,-77,4471,4548,Gilan
Kalan Kalaye,121,3568,3447,Gilan
Kalan Kalaye,-39,3359,3398,Gilan
Kalan Kalaye,-141,2999,3140,Gilan
Kalan Kalaye,89,3534,3445,Gilan
Kalan Kalaye,-79,3027,3106,Gilan
