City,Net,Input,Output,Province
Kalachay,1390,30371,28981,Gilan
Kalachay,1102,30384,29282,Gilan
Kalachay,1030,31546,30516,Gilan
Kalachay,2279,44507,42228,Gilan
Kalachay,1956,45846,43890,Gilan
Kalachay,2725,43891,41166,Gilan
Kalachay,2379,37926,35547,Gilan
Kalachay,445,53280,52835,Gilan
Kalachay,-129,53748,53877,Gilan
Kalachay,1344,53635,52291,Gilan
Kalachay,481,39238,38757,Gilan
Kalachay,-8,38537,38545,Gilan
Kalachay,452,50247,49795,Gilan
Kalachay,121,39293,39172,Gilan
Kalachay,-721,44110,44831,Gilan
Kalachay,3066,17942,14876,Gilan
Kalachay,-1054,41059,42113,Gilan
Kalachay,-882,36743,37625,Gilan
Kalachay,-1603,38175,39778,Gilan
Kalachay,302,34741,34439,Gilan
Kalachay,660,32014,31354,Gilan
Kalachay,827,36211,35384,Gilan
Kalachay,79,33862,33783,Gilan
