City,Net,Input,Output,Province
Kalarabad,4113,26377,22264,Mazandaran
Kalarabad,3329,23542,20213,Mazandaran
Kalarabad,5448,29272,23824,Mazandaran
Kalarabad,7160,30528,23368,Mazandaran
Kalarabad,8405,20880,12475,Mazandaran
Kalarabad,7896,26485,18589,Mazandaran
Kalarabad,7652,29861,22209,Mazandaran
Kalarabad,3538,32829,29291,Mazandaran
Kalarabad,-511,28208,28719,Mazandaran
Kalarabad,-1649,30051,31700,Mazandaran
Kalarabad,-1897,23270,25167,Mazandaran
Kalarabad,775,25760,24985,Mazandaran
Kalarabad,4097,24622,20525,Mazandaran
Kalarabad,2324,18533,16209,Mazandaran
Kalarabad,-917,24237,25154,Mazandaran
Kalarabad,-9654,21677,31331,Mazandaran
Kalarabad,-10227,23146,33373,Mazandaran
Kalarabad,-10618,17219,27837,Mazandaran
Kalarabad,-7597,16279,23876,Mazandaran
Kalarabad,-3385,20295,23680,Mazandaran
Kalarabad,-206,20984,21190,Mazandaran
Kalarabad,304,19007,18703,Mazandaran
Kalarabad,-3502,17551,21053,Mazandaran
