City,Net,Input,Output,Province
Khalkhal,-94,2883,2977,Gilan
Khalkhal,-242,4260,4502,Gilan
Khalkhal,-45,3998,4043,Gilan
Khalkhal,223,4119,3896,Gilan
Khalkhal,564,4775,4211,Gilan
Khalkhal,-195,4931,5126,Gilan
Khalkhal,-877,4215,5092,Gilan
Khalkhal,86,7791,7705,Gilan
Khalkhal,-12,10180,10192,Gilan
Khalkhal,-216,7165,7381,Gilan
Khalkhal,70,7241,7171,Gilan
Khalkhal,-337,6340,6677,Gilan
Khalkhal,-329,4204,4533,Gilan
Khalkhal,-1374,6161,7535,Gilan
Khalkhal,-144,8033,8177,Gilan
Khalkhal,-222,2628,2850,Gilan
Khalkhal,-75,5617,5692,Gilan
Khalkhal,161,11958,11797,Gilan
Khalkhal,-1420,3498,4918,Gilan
Khalkhal,-797,3244,4041,Gilan
Khalkhal,-564,3237,3801,Gilan
Khalkhal,128,4691,4563,Gilan
Khalkhal,-1205,7158,8363,Gilan
