City,Net,Input,Output,Province
Khazarabad,-8264,18917,27181,Mazandaran
Khazarabad,-14515,11545,26060,Mazandaran
Khazarabad,-16761,12182,28943,Mazandaran
Khazarabad,-15241,11988,27229,Mazandaran
Khazarabad,-12102,11416,23518,Mazandaran
Khazarabad,-10329,10930,21259,Mazandaran
Khazarabad,-11526,10815,22341,Mazandaran
Khazarabad,-13574,12379,25953,Mazandaran
Khazarabad,-15716,12915,28631,Mazandaran
Khazarabad,-16189,13277,29466,Mazandaran
Khazarabad,-16278,13199,29477,Mazandaran
Khazarabad,-15815,12938,28753,Mazandaran
Khazarabad,-26694,2508,29202,Mazandaran
Khazarabad,-30757,0,30757,Mazandaran
Khazarabad,-30354,657,31011,Mazandaran
Khazarabad,557,24370,23813,Mazandaran
Khazarabad,1369,23168,21799,Mazandaran
Khazarabad,-668,26542,27210,Mazandaran
Khazarabad,-47,28792,28839,Mazandaran
Khazarabad,661,29407,28746,Mazandaran
Khazarabad,693,29438,28745,Mazandaran
Khazarabad,2459,29903,27444,Mazandaran
Khazarabad,-1267,24211,25478,Mazandaran
