City,Net,Input,Output,Province
Khomam,591,72349,71758,Gilan
Khomam,-664,71242,71906,Gilan
Khomam,-750,76997,77747,Gilan
Khomam,172,74022,73850,Gilan
Khomam,-201,66561,66762,Gilan
Khomam,1655,67309,65654,Gilan
Khomam,483,76852,76369,Gilan
Khomam,415,92565,92150,Gilan
Khomam,-1664,95068,96732,Gilan
Khomam,-1555,91863,93418,Gilan
Khomam,-1265,93503,94768,Gilan
Khomam,-266,88485,88751,Gilan
Khomam,-1193,84498,85691,Gilan
Khomam,-307,93800,94107,Gilan
Khomam,123,95500,95377,Gilan
Khomam,-277,59051,59328,Gilan
Khomam,331,71585,71254,Gilan
Khomam,-898,70234,71132,Gilan
Khomam,-2723,73398,76121,Gilan
Khomam,-491,69928,70419,Gilan
Khomam,70,65018,64948,Gilan
Khomam,914,75608,74694,Gilan
Khomam,-144,76267,76411,Gilan
