City,Net,Input,Output,Province
Kiasar,894,9951,9057,Mazandaran
Kiasar,-2063,11675,13738,Mazandaran
Kiasar,-297,9974,10271,Mazandaran
Kiasar,-127,12529,12656,Mazandaran
Kiasar,172,14693,14521,Mazandaran
Kiasar,2855,16897,14042,Mazandaran
Kiasar,-785,10772,11557,Mazandaran
Kiasar,-1459,16040,17499,Mazandaran
Kiasar,-2127,19460,21587,Mazandaran
Kiasar,-2170,14765,16935,Mazandaran
Kiasar,-3128,13221,16349,Mazandaran
Kiasar,-1810,12716,14526,Mazandaran
Kiasar,-1792,11974,13766,Mazandaran
Kiasar,332,14972,14640,Mazandaran
Kiasar,1787,17811,16024,Mazandaran
Kiasar,401,17508,17107,Mazandaran
Kiasar,-199,13349,13548,Mazandaran
Kiasar,-3218,14506,17724,Mazandaran
Kiasar,74,9996,9922,Mazandaran
Kiasar,675,8235,7560,Mazandaran
Kiasar,670,7829,7159,Mazandaran
Kiasar,3842,11954,8112,Mazandaran
Kiasar,-3408,10727,14135,Mazandaran
