City,Net,Input,Output,Province
Kiashahr,-6078,9167,15245,Gilan
Kiashahr,-6981,9135,16116,Gilan
Kiashahr,-7445,10380,17825,Gilan
Kiashahr,-7128,10488,17616,Gilan
Kiashahr,-6416,10431,16847,Gilan
Kiashahr,-7381,8843,16224,Gilan
Kiashahr,-9945,9255,19200,Gilan
Kiashahr,-11021,11743,22764,Gilan
Kiashahr,-11857,11775,23632,Gilan
Kiashahr,-12873,10268,23141,Gilan
Kiashahr,-11697,13027,24724,Gilan
Kiashahr,-10000,10664,20664,Gilan
Kiashahr,-11424,11990,23414,Gilan
Kiashahr,-11775,13899,25674,Gilan
Kiashahr,-11767,12572,24339,Gilan
Kiashahr,-8426,4695,13121,Gilan
Kiashahr,-9518,10281,19799,Gilan
Kiashahr,-8317,10285,18602,Gilan
Kiashahr,-8462,9000,17462,Gilan
Kiashahr,-6540,8582,15122,Gilan
Kiashahr,-5910,7927,13837,Gilan
Kiashahr,-6838,8427,15265,Gilan
Kiashahr,-8277,7869,16146,Gilan
