City,Net,Input,Output,Province
Kiyakala,-933,5517,6450,Mazandaran
Kiyakala,-859,4920,5779,Mazandaran
Kiyakala,-1122,5445,6567,Mazandaran
Kiyakala,-1018,5245,6263,Mazandaran
Kiyakala,-362,4651,5013,Mazandaran
Kiyakala,-354,4615,4969,Mazandaran
Kiyakala,-506,4273,4779,Mazandaran
Kiyakala,-486,4198,4684,Mazandaran
Kiyakala,-464,4561,5025,Mazandaran
Kiyakala,43,1188,1145,Mazandaran
Kiyakala,-948,3651,4599,Mazandaran
Kiyakala,40,256,216,Mazandaran
Kiyakala,0,0,0,Mazandaran
Kiyakala,0,0,0,Mazandaran
Kiyakala,-990,3754,4744,Mazandaran
Kiyakala,-877,3785,4662,Mazandaran
Kiyakala,-605,3694,4299,Mazandaran
Kiyakala,-977,3375,4352,Mazandaran
Kiyakala,-1726,4163,5889,Mazandaran
Kiyakala,-1555,4270,5825,Mazandaran
Kiyakala,-1538,4466,6004,Mazandaran
Kiyakala,-1422,4603,6025,Mazandaran
Kiyakala,-1181,3716,4897,Mazandaran
