City,Net,Input,Output,Province
Kordkuy,10042,92164,82122,Mazandaran
Kordkuy,4692,98369,93677,Mazandaran
Kordkuy,8887,96195,87308,Mazandaran
Kordkuy,20645,114151,93506,Mazandaran
Kordkuy,13415,81313,67898,Mazandaran
Kordkuy,-2270,41642,43912,Mazandaran
Kordkuy,-9634,42288,51922,Mazandaran
Kordkuy,-13178,42728,55906,Mazandaran
Kordkuy,-10866,50762,61628,Mazandaran
Kordkuy,-9560,47012,56572,Mazandaran
Kordkuy,-8124,45898,54022,Mazandaran
Kordkuy,-7988,42816,50804,Mazandaran
Kordkuy,-5666,41150,46816,Mazandaran
Kordkuy,-5270,37548,42818,Mazandaran
Kordkuy,-6290,41982,48272,Mazandaran
Kordkuy,-5428,41908,47336,Mazandaran
Kordkuy,-5408,34826,40234,Mazandaran
Kordkuy,-5682,31482,37164,Mazandaran
Kordkuy,-9460,29644,39104,Mazandaran
Kordkuy,-6812,26706,33518,Mazandaran
Kordkuy,-3988,25502,29490,Mazandaran
Kordkuy,-4108,27438,31546,Mazandaran
Kordkuy,-4926,28278,33204,Mazandaran
