City,Net,Input,Output,Province
Kuchesfahan,2644,75533,72889,Gilan
Kuchesfahan,1700,67398,65698,Gilan
Kuchesfahan,1383,75470,74087,Gilan
Kuchesfahan,2627,72612,69985,Gilan
Kuchesfahan,3985,71446,67461,Gilan
Kuchesfahan,3548,70294,66746,Gilan
Kuchesfahan,3174,74803,71629,Gilan
Kuchesfahan,1583,95867,94284,Gilan
Kuchesfahan,-1603,97401,99004,Gilan
Kuchesfahan,-184,99653,99837,Gilan
Kuchesfahan,232,96584,96352,Gilan
Kuchesfahan,550,85546,84996,Gilan
Kuchesfahan,1379,88733,87354,Gilan
Kuchesfahan,1392,93113,91721,Gilan
Kuchesfahan,746,92656,91910,Gilan
Kuchesfahan,-4910,40903,45813,Gilan
Kuchesfahan,-910,73196,74106,Gilan
Kuchesfahan,-1770,70292,72062,Gilan
Kuchesfahan,-2174,70877,73051,Gilan
Kuchesfahan,-348,66764,67112,Gilan
Kuchesfahan,368,65897,65529,Gilan
Kuchesfahan,1345,66645,65300,Gilan
Kuchesfahan,339,61440,61101,Gilan
