City,Net,Input,Output,Province
Lahijan,10613,95114,84501,Gilan
Lahijan,12875,90970,78095,Gilan
Lahijan,18842,99019,80177,Gilan
Lahijan,-1503,101533,103036,Gilan
Lahijan,-254,97685,97939,Gilan
Lahijan,-904,93028,93932,Gilan
Lahijan,-3289,99077,102366,Gilan
Lahijan,-8288,112483,120771,Gilan
Lahijan,-22345,111954,134299,Gilan
Lahijan,-12496,115566,128062,Gilan
Lahijan,-10239,117295,127534,Gilan
Lahijan,-6914,102469,109383,Gilan
Lahijan,-9059,115762,124821,Gilan
Lahijan,-5695,123016,128711,Gilan
Lahijan,-11068,113839,124907,Gilan
Lahijan,-12005,65425,77430,Gilan
Lahijan,-6589,97863,104452,Gilan
Lahijan,-5327,83677,89004,Gilan
Lahijan,-2639,95757,98396,Gilan
Lahijan,-2350,88509,90859,Gilan
Lahijan,-542,83303,83845,Gilan
Lahijan,-775,89101,89876,Gilan
Lahijan,-4020,80647,84667,Gilan
