City,Net,Input,Output,Province
Lakan,-1151,9145,10296,Gilan
Lakan,-1145,6465,7610,Gilan
Lakan,-1491,8711,10202,Gilan
Lakan,-1592,7258,8850,Gilan
Lakan,-626,5520,6146,Gilan
Lakan,2,4560,4558,Gilan
Lakan,-697,4234,4931,Gilan
Lakan,-849,6043,6892,Gilan
Lakan,-1386,6299,7685,Gilan
Lakan,-1040,7736,8776,Gilan
Lakan,-976,8116,9092,Gilan
Lakan,-840,8393,9233,Gilan
Lakan,-1059,8694,9753,Gilan
Lakan,-1095,8988,10083,Gilan
Lakan,-539,8665,9204,Gilan
Lakan,721,2958,2237,Gilan
Lakan,194,5910,5716,Gilan
Lakan,1084,9000,7916,Gilan
Lakan,-1184,8213,9397,Gilan
Lakan,-1019,8812,9831,Gilan
Lakan,-850,8058,8908,Gilan
Lakan,-540,9058,9598,Gilan
Lakan,-928,6806,7734,Gilan
