City,Net,Input,Output,Province
Langarud,-12729,58065,70794,Gilan
Langarud,-13970,53297,67267,Gilan
Langarud,-17542,53431,70973,Gilan
Langarud,4016,77658,73642,Gilan
Langarud,5915,73821,67906,Gilan
Langarud,6462,68929,62467,Gilan
Langarud,4241,80070,75829,Gilan
Langarud,3705,90949,87244,Gilan
Langarud,8192,102786,94594,Gilan
Langarud,9667,97738,88071,Gilan
Langarud,6584,94543,87959,Gilan
Langarud,5576,86368,80792,Gilan
Langarud,2743,91180,88437,Gilan
Langarud,1674,94607,92933,Gilan
Langarud,3702,87047,83345,Gilan
Langarud,4608,57140,52532,Gilan
Langarud,-2404,70488,72892,Gilan
Langarud,-4276,56983,61259,Gilan
Langarud,-4878,65977,70855,Gilan
Langarud,-675,60953,61628,Gilan
Langarud,252,59516,59264,Gilan
Langarud,564,63301,62737,Gilan
Langarud,561,59120,58559,Gilan
