City,Net,Input,Output,Province
Lowshan,-3184,4061,7245,Gilan
Lowshan,-3182,3117,6299,Gilan
Lowshan,-3157,3921,7078,Gilan
Lowshan,-1185,3419,4604,Gilan
Lowshan,-4142,2292,6434,Gilan
Lowshan,-3148,1425,4573,Gilan
Lowshan,-5172,1497,6669,Gilan
Lowshan,-2649,1849,4498,Gilan
Lowshan,-2347,2824,5171,Gilan
Lowshan,-3058,3370,6428,Gilan
Lowshan,-2624,3955,6579,Gilan
Lowshan,-2838,3289,6127,Gilan
Lowshan,-306,3042,3348,Gilan
Lowshan,182,2873,2691,Gilan
Lowshan,-1058,2909,3967,Gilan
Lowshan,-1713,1188,2901,Gilan
Lowshan,-1959,3521,5480,Gilan
Lowshan,-1595,2436,4031,Gilan
Lowshan,-6434,6428,12862,Gilan
Lowshan,-10464,29256,39720,Gilan
Lowshan,-2906,19240,22146,Gilan
Lowshan,-6105,17891,23996,Gilan
Lowshan,-8506,15556,24062,Gilan
