City,Net,Input,Output,Province
Mahmudabad,9007,66770,57763,Mazandaran
Mahmudabad,14336,69595,55259,Mazandaran
Mahmudabad,27767,88100,60333,Mazandaran
Mahmudabad,35874,92975,57101,Mazandaran
Mahmudabad,36320,88191,51871,Mazandaran
Mahmudabad,30153,88085,57932,Mazandaran
Mahmudabad,43816,100569,56753,Mazandaran
Mahmudabad,44165,116416,72251,Mazandaran
Mahmudabad,58175,126908,68733,Mazandaran
Mahmudabad,54878,124212,69334,Mazandaran
Mahmudabad,57315,118424,61109,Mazandaran
Mahmudabad,55282,117196,61914,Mazandaran
Mahmudabad,38484,115993,77509,Mazandaran
Mahmudabad,34533,118541,84008,Mazandaran
Mahmudabad,38015,118319,80304,Mazandaran
Mahmudabad,28417,100245,71828,Mazandaran
Mahmudabad,9296,82734,73438,Mazandaran
Mahmudabad,21871,83884,62013,Mazandaran
Mahmudabad,20896,78363,57467,Mazandaran
Mahmudabad,24505,75166,50661,Mazandaran
Mahmudabad,33854,75000,41146,Mazandaran
Mahmudabad,37113,75209,38096,Mazandaran
Mahmudabad,22730,68133,45403,Mazandaran
