City,Net,Input,Output,Province
Makarud,-5619,5836,11455,Mazandaran
Makarud,-4486,6676,11162,Mazandaran
Makarud,-6832,5718,12550,Mazandaran
Makarud,-16052,5071,21123,Mazandaran
Makarud,-25284,3889,29173,Mazandaran
Makarud,-20601,3631,24232,Mazandaran
Makarud,-13284,3482,16766,Mazandaran
Makarud,-5397,5030,10427,Mazandaran
Makarud,4513,5140,627,Mazandaran
Makarud,7083,11791,4708,Mazandaran
Makarud,6255,21697,15442,Mazandaran
Makarud,784,19958,19174,Mazandaran
Makarud,-104,17834,17938,Mazandaran
Makarud,-858,12369,13227,Mazandaran
Makarud,7350,21705,14355,Mazandaran
Makarud,3309,5334,2025,Mazandaran
Makarud,22158,26394,4236,Mazandaran
Makarud,24242,27517,3275,Mazandaran
Makarud,19587,24037,4450,Mazandaran
Makarud,8571,18165,9594,Mazandaran
Makarud,354,10128,9774,Mazandaran
Makarud,674,11624,10950,Mazandaran
Makarud,8280,15354,7074,Mazandaran
