City,Net,Input,Output,Province
Manjil,-11501,21864,33365,Gilan
Manjil,-14299,28180,42479,Gilan
Manjil,-16326,26608,42934,Gilan
Manjil,-25475,26898,52373,Gilan
Manjil,-25390,26898,52288,Gilan
Manjil,-24994,23224,48218,Gilan
Manjil,-7396,29053,36449,Gilan
Manjil,-7134,36310,43444,Gilan
Manjil,12757,56333,43576,Gilan
Manjil,18189,56221,38032,Gilan
Manjil,16124,58604,42480,Gilan
Manjil,10815,46867,36052,Gilan
Manjil,-1172,46930,48102,Gilan
Manjil,2143,46937,44794,Gilan
Manjil,8841,51603,42762,Gilan
Manjil,13316,37325,24009,Gilan
Manjil,41786,67417,25631,Gilan
Manjil,43390,60925,17535,Gilan
Manjil,42887,64612,21725,Gilan
Manjil,18457,42253,23796,Gilan
Manjil,3647,27257,23610,Gilan
Manjil,3102,29345,26243,Gilan
Manjil,12722,33860,21138,Gilan
