City,Net,Input,Output,Province
Marzanabad,-3812,30194,34006,Mazandaran
Marzanabad,-6849,32087,38936,Mazandaran
Marzanabad,-9075,34663,43738,Mazandaran
Marzanabad,-13535,39924,53459,Mazandaran
Marzanabad,-18297,44318,62615,Mazandaran
Marzanabad,-14910,40311,55221,Mazandaran
Marzanabad,-8107,29159,37266,Mazandaran
Marzanabad,-6525,26309,32834,Mazandaran
Marzanabad,-129,19588,19717,Mazandaran
Marzanabad,4230,35839,31609,Mazandaran
Marzanabad,3463,62009,58546,Mazandaran
Marzanabad,3368,63399,60031,Mazandaran
Marzanabad,-544,58862,59406,Mazandaran
Marzanabad,32,54183,54151,Mazandaran
Marzanabad,7384,68811,61427,Mazandaran
Marzanabad,14341,29197,14856,Mazandaran
Marzanabad,16004,55127,39123,Mazandaran
Marzanabad,13054,58838,45784,Mazandaran
Marzanabad,12328,53350,41022,Mazandaran
Marzanabad,5196,45743,40547,Mazandaran
Marzanabad,1256,36386,35130,Mazandaran
Marzanabad,3406,42477,39071,Mazandaran
Marzanabad,3693,41594,37901,Mazandaran
