City,Net,Input,Output,Province
Marzpol,27,1576,1549,Golestan
Marzpol,34,3741,3707,Golestan
Marzpol,4,1474,1470,Golestan
Marzpol,-4,1732,1736,Golestan
Marzpol,-8,2286,2294,Golestan
Marzpol,0,0,0,Golestan
Marzpol,0,0,0,Golestan
Marzpol,0,0,0,Golestan
Marzpol,0,0,0,Golestan
Marzpol,0,0,0,Golestan
Marzpol,0,0,0,Golestan
Marzpol,0,0,0,Golestan
Marzpol,0,0,0,Golestan
Marzpol,0,0,0,Golestan
Marzpol,0,0,0,Golestan
Marzpol,0,0,0,Golestan
Marzpol,0,0,0,Golestan
Marzpol,0,0,0,Golestan
Marzpol,0,0,0,Golestan
Marzpol,0,0,0,Golestan
Marzpol,0,0,0,Golestan
Marzpol,0,0,0,Golestan
Marzpol,0,0,0,Golestan
