City,Net,Input,Output,Province
Masouleh,164,1424,1260,Gilan
Masouleh,1,2001,2000,Gilan
Masouleh,67,1774,1707,Gilan
Masouleh,174,1959,1785,Gilan
Masouleh,359,2515,2156,Gilan
Masouleh,428,3694,3266,Gilan
Masouleh,66,4504,4438,Gilan
Masouleh,-5,7140,7145,Gilan
Masouleh,-26,7526,7552,Gilan
Masouleh,-375,6007,6382,Gilan
Masouleh,-154,5729,5883,Gilan
Masouleh,-39,5436,5475,Gilan
Masouleh,126,5730,5604,Gilan
Masouleh,23,6577,6554,Gilan
Masouleh,-224,5726,5950,Gilan
Masouleh,400,2549,2149,Gilan
Masouleh,-77,4214,4291,Gilan
Masouleh,-280,5104,5384,Gilan
Masouleh,-624,2280,2904,Gilan
Masouleh,6,1975,1969,Gilan
Masouleh,31,1779,1748,Gilan
Masouleh,218,2321,2103,Gilan
Masouleh,-255,3800,4055,Gilan
