City,Net,Input,Output,Province
Minudasht,69,44508,44439,Golestan
Minudasht,-737,41755,42492,Golestan
Minudasht,-46,48154,48200,Golestan
Minudasht,-437,50867,51304,Golestan
Minudasht,-2654,45687,48341,Golestan
Minudasht,0,0,0,Golestan
Minudasht,0,0,0,Golestan
Minudasht,0,0,0,Golestan
Minudasht,0,0,0,Golestan
Minudasht,0,0,0,Golestan
Minudasht,0,0,0,Golestan
Minudasht,0,0,0,Golestan
Minudasht,0,0,0,Golestan
Minudasht,0,0,0,Golestan
Minudasht,0,0,0,Golestan
Minudasht,0,0,0,Golestan
Minudasht,0,0,0,Golestan
Minudasht,0,0,0,Golestan
Minudasht,0,0,0,Golestan
Minudasht,0,0,0,Golestan
Minudasht,0,0,0,Golestan
Minudasht,0,0,0,Golestan
Minudasht,0,0,0,Golestan
