City,Net,Input,Output,Province
Neka,6121,65631,59510,Mazandaran
Neka,5834,63813,57979,Mazandaran
Neka,7961,71062,63101,Mazandaran
Neka,7369,73083,65714,Mazandaran
Neka,7809,63838,56029,Mazandaran
Neka,8271,58739,50468,Mazandaran
Neka,7505,61606,54101,Mazandaran
Neka,8278,65062,56784,Mazandaran
Neka,8254,71479,63225,Mazandaran
Neka,5915,73076,67161,Mazandaran
Neka,9037,73318,64281,Mazandaran
Neka,7028,71039,64011,Mazandaran
Neka,8372,68331,59959,Mazandaran
Neka,13635,69042,55407,Mazandaran
Neka,11439,70483,59044,Mazandaran
Neka,6254,60855,54601,Mazandaran
Neka,7887,53927,46040,Mazandaran
Neka,4487,48990,44503,Mazandaran
Neka,6335,62584,56249,Mazandaran
Neka,4469,55255,50786,Mazandaran
Neka,4785,56932,52147,Mazandaran
Neka,5899,56654,50755,Mazandaran
Neka,-943,44064,45007,Mazandaran
