City,Net,Input,Output,Province
Nowshahr,-8710,24581,33291,Mazandaran
Nowshahr,-9391,21992,31383,Mazandaran
Nowshahr,-10555,20609,31164,Mazandaran
Nowshahr,-6768,32541,39309,Mazandaran
Nowshahr,-7162,36493,43655,Mazandaran
Nowshahr,-9320,36411,45731,Mazandaran
Nowshahr,-15880,35218,51098,Mazandaran
Nowshahr,-16862,33761,50623,Mazandaran
Nowshahr,-17688,41490,59178,Mazandaran
Nowshahr,-22415,39766,62181,Mazandaran
Nowshahr,-22086,38042,60128,Mazandaran
Nowshahr,-20383,35553,55936,Mazandaran
Nowshahr,-18171,35176,53347,Mazandaran
Nowshahr,-17850,33676,51526,Mazandaran
Nowshahr,-18509,37492,56001,Mazandaran
Nowshahr,-15441,18216,33657,Mazandaran
Nowshahr,-11199,40312,51511,Mazandaran
Nowshahr,-6306,39294,45600,Mazandaran
Nowshahr,-6574,41209,47783,Mazandaran
Nowshahr,-3728,41078,44806,Mazandaran
Nowshahr,-535,40130,40665,Mazandaran
Nowshahr,-260,41188,41448,Mazandaran
Nowshahr,-969,35883,36852,Mazandaran
