City,Net,Input,Output,Province
Nur,-12858,31469,44327,Mazandaran
Nur,-14202,31376,45578,Mazandaran
Nur,-14772,32510,47282,Mazandaran
Nur,-13575,36759,50334,Mazandaran
Nur,-12526,39855,52381,Mazandaran
Nur,-12876,39689,52565,Mazandaran
Nur,-15903,41138,57041,Mazandaran
Nur,-19788,54512,74300,Mazandaran
Nur,-24570,59508,84078,Mazandaran
Nur,-23829,58819,82648,Mazandaran
Nur,-22793,43610,66403,Mazandaran
Nur,-22226,43959,66185,Mazandaran
Nur,-22578,45808,68386,Mazandaran
Nur,-22198,46325,68523,Mazandaran
Nur,-23093,50072,73165,Mazandaran
Nur,-26868,35975,62843,Mazandaran
Nur,-17103,35069,52172,Mazandaran
Nur,-19100,34249,53349,Mazandaran
Nur,-16717,29446,46163,Mazandaran
Nur,-13481,28197,41678,Mazandaran
Nur,-12132,26971,39103,Mazandaran
Nur,-12033,30130,42163,Mazandaran
Nur,-13181,25775,38956,Mazandaran
