City,Net,Input,Output,Province
Panjab,-60,27542,27602,Mazandaran
Panjab,-322,29684,30006,Mazandaran
Panjab,-405,31128,31533,Mazandaran
Panjab,714,33440,32726,Mazandaran
Panjab,-215,37200,37415,Mazandaran
Panjab,-30,34444,34474,Mazandaran
Panjab,-1,35702,35703,Mazandaran
Panjab,-350,41051,41401,Mazandaran
Panjab,-811,42620,43431,Mazandaran
Panjab,4755,45868,41113,Mazandaran
Panjab,-3707,44168,47875,Mazandaran
Panjab,113,40319,40206,Mazandaran
Panjab,1577,41337,39760,Mazandaran
Panjab,-758,41362,42120,Mazandaran
Panjab,531,41104,40573,Mazandaran
Panjab,-3243,14401,17644,Mazandaran
Panjab,8532,35807,27275,Mazandaran
Panjab,3508,30521,27013,Mazandaran
Panjab,7565,30682,23117,Mazandaran
Panjab,9215,25878,16663,Mazandaran
Panjab,10388,21406,11018,Mazandaran
Panjab,10592,21947,11355,Mazandaran
Panjab,9603,23534,13931,Mazandaran
