City,Net,Input,Output,Province
Pirbazar,1303,32732,31429,Gilan
Pirbazar,1088,29085,27997,Gilan
Pirbazar,1575,35401,33826,Gilan
Pirbazar,1949,34543,32594,Gilan
Pirbazar,1547,30379,28832,Gilan
Pirbazar,999,26875,25876,Gilan
Pirbazar,849,28359,27510,Gilan
Pirbazar,278,35278,35000,Gilan
Pirbazar,900,36751,35851,Gilan
Pirbazar,728,37296,36568,Gilan
Pirbazar,1041,37618,36577,Gilan
Pirbazar,1370,36952,35582,Gilan
Pirbazar,920,36720,35800,Gilan
Pirbazar,1101,38367,37266,Gilan
Pirbazar,1106,37636,36530,Gilan
Pirbazar,3306,16395,13089,Gilan
Pirbazar,933,30896,29963,Gilan
Pirbazar,1170,30611,29441,Gilan
Pirbazar,993,32692,31699,Gilan
Pirbazar,1234,31303,30069,Gilan
Pirbazar,1078,29541,28463,Gilan
Pirbazar,1550,32619,31069,Gilan
Pirbazar,1315,29504,28189,Gilan
