City,Net,Input,Output,Province
Pol-e Sefid,-1893,31604,33497,Mazandaran
Pol-e Sefid,-252,33941,34193,Mazandaran
Pol-e Sefid,-2261,33063,35324,Mazandaran
Pol-e Sefid,-2341,38537,40878,Mazandaran
Pol-e Sefid,-590,39549,40139,Mazandaran
Pol-e Sefid,530,34205,33675,Mazandaran
Pol-e Sefid,-2576,36823,39399,Mazandaran
Pol-e Sefid,-1248,41362,42610,Mazandaran
Pol-e Sefid,-564,56508,57072,Mazandaran
Pol-e Sefid,-2482,54231,56713,Mazandaran
Pol-e Sefid,-2544,46332,48876,Mazandaran
Pol-e Sefid,-1914,42528,44442,Mazandaran
Pol-e Sefid,-1366,39510,40876,Mazandaran
Pol-e Sefid,-377,38824,39201,Mazandaran
Pol-e Sefid,162,41447,41285,Mazandaran
Pol-e Sefid,-2296,38730,41026,Mazandaran
Pol-e Sefid,-883,39670,40553,Mazandaran
Pol-e Sefid,-4391,35594,39985,Mazandaran
Pol-e Sefid,-2293,33982,36275,Mazandaran
Pol-e Sefid,-1738,24647,26385,Mazandaran
Pol-e Sefid,-1412,22407,23819,Mazandaran
Pol-e Sefid,-68,23904,23972,Mazandaran
Pol-e Sefid,-2803,25878,28681,Mazandaran
