City,Net,Input,Output,Province
Polur,201,26938,26737,Mazandaran
Polur,-162,28437,28599,Mazandaran
Polur,-382,29019,29401,Mazandaran
Polur,-3560,29727,33287,Mazandaran
Polur,-2072,30322,32394,Mazandaran
Polur,313,32634,32321,Mazandaran
Polur,-4156,29463,33619,Mazandaran
Polur,-5748,26816,32564,Mazandaran
Polur,-502,37105,37607,Mazandaran
Polur,-2037,37150,39187,Mazandaran
Polur,2125,39045,36920,Mazandaran
Polur,-2261,34472,36733,Mazandaran
Polur,77,35931,35854,Mazandaran
Polur,-950,35614,36564,Mazandaran
Polur,2009,35117,33108,Mazandaran
Polur,2877,33826,30949,Mazandaran
Polur,3751,32193,28442,Mazandaran
Polur,940,30181,29241,Mazandaran
Polur,6742,28705,21963,Mazandaran
Polur,1164,23140,21976,Mazandaran
Polur,452,20096,19644,Mazandaran
Polur,803,21002,20199,Mazandaran
Polur,1104,20625,19521,Mazandaran
