City,Net,Input,Output,Province
Punel,-427,23407,23834,Gilan
Punel,-257,25022,25279,Gilan
Punel,-558,28172,28730,Gilan
Punel,802,29322,28520,Gilan
Punel,1308,29559,28251,Gilan
Punel,1953,28888,26935,Gilan
Punel,1094,30667,29573,Gilan
Punel,33,41534,41501,Gilan
Punel,-996,44152,45148,Gilan
Punel,-894,38535,39429,Gilan
Punel,-1339,40136,41475,Gilan
Punel,-640,36852,37492,Gilan
Punel,-689,36671,37360,Gilan
Punel,101,39743,39642,Gilan
Punel,-1070,39320,40390,Gilan
Punel,1970,18640,16670,Gilan
Punel,-1216,28985,30201,Gilan
Punel,-2565,32896,35461,Gilan
Punel,-774,28673,29447,Gilan
Punel,-352,26284,26636,Gilan
Punel,-1011,22418,23429,Gilan
Punel,-565,24402,24967,Gilan
Punel,430,26208,25778,Gilan
