City,Net,Input,Output,Province
Qaemshahr,12053,136441,124388,Mazandaran
Qaemshahr,12375,129001,116626,Mazandaran
Qaemshahr,14386,145671,131285,Mazandaran
Qaemshahr,18257,144572,126315,Mazandaran
Qaemshahr,10181,121585,111404,Mazandaran
Qaemshahr,3577,110825,107248,Mazandaran
Qaemshahr,48835,117879,69044,Mazandaran
Qaemshahr,12831,132468,119637,Mazandaran
Qaemshahr,9085,154145,145060,Mazandaran
Qaemshahr,39393,154208,114815,Mazandaran
Qaemshahr,38404,143826,105422,Mazandaran
Qaemshahr,41334,145738,104404,Mazandaran
Qaemshahr,30775,138703,107928,Mazandaran
Qaemshahr,8445,124444,115999,Mazandaran
Qaemshahr,39449,146472,107023,Mazandaran
Qaemshahr,37184,130095,92911,Mazandaran
Qaemshahr,23065,115117,92052,Mazandaran
Qaemshahr,25550,103999,78449,Mazandaran
Qaemshahr,13874,125667,111793,Mazandaran
Qaemshahr,5294,125228,119934,Mazandaran
Qaemshahr,4665,123566,118901,Mazandaran
Qaemshahr,26371,124030,97659,Mazandaran
Qaemshahr,24831,109142,84311,Mazandaran
