City,Net,Input,Output,Province
Ramsar,6862,68373,61511,Gilan
Ramsar,2115,62293,60178,Gilan
Ramsar,4991,59852,54861,Gilan
Ramsar,1637,100551,98914,Gilan
Ramsar,1964,97985,96021,Gilan
Ramsar,-413,85049,85462,Gilan
Ramsar,31005,72291,41286,Gilan
Ramsar,37161,104657,67496,Gilan
Ramsar,34000,103906,69906,Gilan
Ramsar,7047,115711,108664,Gilan
Ramsar,12366,110183,97817,Gilan
Ramsar,27581,106919,79338,Gilan
Ramsar,30480,91706,61226,Gilan
Ramsar,31667,81911,50244,Gilan
Ramsar,26305,106469,80164,Gilan
Ramsar,26710,38440,11730,Gilan
Ramsar,12056,102301,90245,Gilan
Ramsar,15863,89541,73678,Gilan
Ramsar,22434,93605,71171,Gilan
Ramsar,23427,85419,61992,Gilan
Ramsar,12185,77307,65122,Gilan
Ramsar,3206,87926,84720,Gilan
Ramsar,1637,85780,84143,Gilan
