City,Net,Input,Output,Province
Rasht,-26359,135517,161876,Gilan
Rasht,-12452,126092,138544,Gilan
Rasht,-18869,143185,162054,Gilan
Rasht,-19095,137942,157037,Gilan
Rasht,-21006,124729,145735,Gilan
Rasht,-26017,113322,139339,Gilan
Rasht,-16098,124463,140561,Gilan
Rasht,-19744,157865,177609,Gilan
Rasht,-11752,164510,176262,Gilan
Rasht,-16551,163712,180263,Gilan
Rasht,-21539,167663,189202,Gilan
Rasht,-20580,152377,172957,Gilan
Rasht,-20960,148946,169906,Gilan
Rasht,-25951,160555,186506,Gilan
Rasht,-28780,157883,186663,Gilan
Rasht,-8760,89824,98584,Gilan
Rasht,-29950,119914,149864,Gilan
Rasht,-13624,132034,145658,Gilan
Rasht,-6279,140623,146902,Gilan
Rasht,-17953,130324,148277,Gilan
Rasht,-18447,123967,142414,Gilan
Rasht,-28667,128203,156870,Gilan
Rasht,-8034,129387,137421,Gilan
