City,Net,Input,Output,Province
Rezvanshahr,-924,8108,9032,Gilan
Rezvanshahr,-180,8255,8435,Gilan
Rezvanshahr,-631,9530,10161,Gilan
Rezvanshahr,84,7886,7802,Gilan
Rezvanshahr,410,5373,4963,Gilan
Rezvanshahr,882,13137,12255,Gilan
Rezvanshahr,1091,13048,11957,Gilan
Rezvanshahr,-1410,12024,13434,Gilan
Rezvanshahr,-2254,11100,13354,Gilan
Rezvanshahr,-1796,10611,12407,Gilan
Rezvanshahr,-2208,13733,15941,Gilan
Rezvanshahr,-2242,11237,13479,Gilan
Rezvanshahr,-783,12962,13745,Gilan
Rezvanshahr,-944,14926,15870,Gilan
Rezvanshahr,-1228,15685,16913,Gilan
Rezvanshahr,2222,7792,5570,Gilan
Rezvanshahr,-1027,9857,10884,Gilan
Rezvanshahr,-556,13437,13993,Gilan
Rezvanshahr,428,9538,9110,Gilan
Rezvanshahr,-141,8532,8673,Gilan
Rezvanshahr,36,7875,7839,Gilan
Rezvanshahr,-331,8520,8851,Gilan
Rezvanshahr,595,9678,9083,Gilan
