City,Net,Input,Output,Province
Rostamabad,1932,114090,112158,Gilan
Rostamabad,-686,125222,125908,Gilan
Rostamabad,3508,119780,116272,Gilan
Rostamabad,8746,136698,127952,Gilan
Rostamabad,14444,169244,154800,Gilan
Rostamabad,14068,157464,143396,Gilan
Rostamabad,9802,150308,140506,Gilan
Rostamabad,4506,184576,180070,Gilan
Rostamabad,-5288,199372,204660,Gilan
Rostamabad,9158,204520,195362,Gilan
Rostamabad,560,188966,188406,Gilan
Rostamabad,-6200,172530,178730,Gilan
Rostamabad,-6864,168124,174988,Gilan
Rostamabad,-3592,168834,172426,Gilan
Rostamabad,-8086,168610,176696,Gilan
Rostamabad,5500,133430,127930,Gilan
Rostamabad,-7940,162092,170032,Gilan
Rostamabad,-11570,131492,143062,Gilan
Rostamabad,-13508,136698,150206,Gilan
Rostamabad,-5686,103994,109680,Gilan
Rostamabad,3180,82032,78852,Gilan
Rostamabad,-1594,88458,90052,Gilan
Rostamabad,-5602,92150,97752,Gilan
