City,Net,Input,Output,Province
Rudbar,-19087,73501,92588,Gilan
Rudbar,-17384,87592,104976,Gilan
Rudbar,-18181,86025,104206,Gilan
Rudbar,-31055,91866,122921,Gilan
Rudbar,-61453,89612,151065,Gilan
Rudbar,-58027,81590,139617,Gilan
Rudbar,-46642,81958,128600,Gilan
Rudbar,-45488,106518,152006,Gilan
Rudbar,-16845,142576,159421,Gilan
Rudbar,-24507,133678,158185,Gilan
Rudbar,-19668,132483,152151,Gilan
Rudbar,-9585,124068,133653,Gilan
Rudbar,-3246,130524,133770,Gilan
Rudbar,-411,130849,131260,Gilan
Rudbar,21107,142203,121096,Gilan
Rudbar,19519,108135,88616,Gilan
Rudbar,48014,152256,104242,Gilan
Rudbar,38323,123073,84750,Gilan
Rudbar,41784,134950,93166,Gilan
Rudbar,20624,96509,75885,Gilan
Rudbar,1580,64228,62648,Gilan
Rudbar,7111,74362,67251,Gilan
Rudbar,14114,80943,66829,Gilan
