City,Net,Input,Output,Province
Rudsar,-1960,58971,60931,Gilan
Rudsar,-1562,55192,56754,Gilan
Rudsar,-1329,61448,62777,Gilan
Rudsar,-2302,63250,65552,Gilan
Rudsar,-372,61073,61445,Gilan
Rudsar,-1193,53048,54241,Gilan
Rudsar,-858,65786,66644,Gilan
Rudsar,-1796,82100,83896,Gilan
Rudsar,-1247,89760,91007,Gilan
Rudsar,-1690,89122,90812,Gilan
Rudsar,-2738,80015,82753,Gilan
Rudsar,-2688,76875,79563,Gilan
Rudsar,-2204,80177,82381,Gilan
Rudsar,-2432,75407,77839,Gilan
Rudsar,-2534,73238,75772,Gilan
Rudsar,-11180,35315,46495,Gilan
Rudsar,-3446,59710,63156,Gilan
Rudsar,-3288,47425,50713,Gilan
Rudsar,-2457,54119,56576,Gilan
Rudsar,-2557,49540,52097,Gilan
Rudsar,-2104,46507,48611,Gilan
Rudsar,-1938,50876,52814,Gilan
Rudsar,-2443,45687,48130,Gilan
