City,Net,Input,Output,Province
Sangar,-5781,26923,32704,Gilan
Sangar,-6064,24922,30986,Gilan
Sangar,-6691,26603,33294,Gilan
Sangar,-9503,27625,37128,Gilan
Sangar,-18374,25892,44266,Gilan
Sangar,-15421,20910,36331,Gilan
Sangar,-11522,24727,36249,Gilan
Sangar,-8328,33385,41713,Gilan
Sangar,2718,42327,39609,Gilan
Sangar,4871,47911,43040,Gilan
Sangar,1954,41805,39851,Gilan
Sangar,1165,36876,35711,Gilan
Sangar,-185,38373,38558,Gilan
Sangar,1130,39904,38774,Gilan
Sangar,7287,40318,33031,Gilan
Sangar,11440,21440,10000,Gilan
Sangar,20269,44574,24305,Gilan
Sangar,20135,40872,20737,Gilan
Sangar,15979,38226,22247,Gilan
Sangar,6524,29916,23392,Gilan
Sangar,2279,25701,23422,Gilan
Sangar,2025,26415,24390,Gilan
Sangar,5354,24967,19613,Gilan
