City,Net,Input,Output,Province
Saravan,17808,150034,132226,Gilan
Saravan,9819,133703,123884,Gilan
Saravan,14721,146008,131287,Gilan
Saravan,18300,158621,140321,Gilan
Saravan,47692,215346,167654,Gilan
Saravan,54113,209826,155713,Gilan
Saravan,43489,201002,157513,Gilan
Saravan,25500,225941,200441,Gilan
Saravan,15312,220235,204923,Gilan
Saravan,28097,224447,196350,Gilan
Saravan,18568,210388,191820,Gilan
Saravan,6668,216565,209897,Gilan
Saravan,1904,201566,199662,Gilan
Saravan,3831,195792,191961,Gilan
Saravan,14380,201080,186700,Gilan
Saravan,-5665,95137,100802,Gilan
Saravan,-26927,161194,188121,Gilan
Saravan,-40558,172453,213011,Gilan
Saravan,-57273,163030,220303,Gilan
Saravan,-26956,156140,183096,Gilan
Saravan,-3793,138030,141823,Gilan
Saravan,-6182,160575,166757,Gilan
Saravan,-17224,143451,160675,Gilan
