City,Net,Input,Output,Province
Sari,-9919,140923,150842,Mazandaran
Sari,2630,137720,135090,Mazandaran
Sari,-858,149311,150169,Mazandaran
Sari,2042,138180,136138,Mazandaran
Sari,6968,118964,111996,Mazandaran
Sari,-1468,111644,113112,Mazandaran
Sari,-28723,76756,105479,Mazandaran
Sari,5467,120121,114654,Mazandaran
Sari,14699,142422,127723,Mazandaran
Sari,-19889,107427,127316,Mazandaran
Sari,-14540,112058,126598,Mazandaran
Sari,-13727,113907,127634,Mazandaran
Sari,5543,116071,110528,Mazandaran
Sari,19390,122303,102913,Mazandaran
Sari,-10015,118331,128346,Mazandaran
Sari,-32418,103685,136103,Mazandaran
Sari,-29404,96633,126037,Mazandaran
Sari,-15639,106602,122241,Mazandaran
Sari,-12307,126842,139149,Mazandaran
Sari,-1886,133887,135773,Mazandaran
Sari,-1707,130764,132471,Mazandaran
Sari,-34763,110726,145489,Mazandaran
Sari,-7754,109512,117266,Mazandaran
