City,Net,Input,Output,Province
Se-rah-e Yasaqi,-921,3545,4466,Golestan
Se-rah-e Yasaqi,-489,3717,4206,Golestan
Se-rah-e Yasaqi,-2067,2685,4752,Golestan
Se-rah-e Yasaqi,-4406,380,4786,Golestan
Se-rah-e Yasaqi,-4169,38,4207,Golestan
Se-rah-e Yasaqi,0,0,0,Golestan
Se-rah-e Yasaqi,0,0,0,Golestan
Se-rah-e Yasaqi,0,0,0,Golestan
Se-rah-e Yasaqi,0,0,0,Golestan
Se-rah-e Yasaqi,0,0,0,Golestan
Se-rah-e Yasaqi,0,0,0,Golestan
Se-rah-e Yasaqi,0,0,0,Golestan
Se-rah-e Yasaqi,0,0,0,Golestan
Se-rah-e Yasaqi,0,0,0,Golestan
Se-rah-e Yasaqi,0,0,0,Golestan
Se-rah-e Yasaqi,0,0,0,Golestan
Se-rah-e Yasaqi,0,0,0,Golestan
Se-rah-e Yasaqi,0,0,0,Golestan
Se-rah-e Yasaqi,0,0,0,Golestan
Se-rah-e Yasaqi,0,0,0,Golestan
Se-rah-e Yasaqi,0,0,0,Golestan
Se-rah-e Yasaqi,0,0,0,Golestan
Se-rah-e Yasaqi,0,0,0,Golestan
