City,Net,Input,Output,Province
Se-rah-e Sangchal,-886,31998,32884,Mazandaran
Se-rah-e Sangchal,-2283,32208,34491,Mazandaran
Se-rah-e Sangchal,-4018,29068,33086,Mazandaran
Se-rah-e Sangchal,-450,34276,34726,Mazandaran
Se-rah-e Sangchal,-629,37890,38519,Mazandaran
Se-rah-e Sangchal,-348,35940,36288,Mazandaran
Se-rah-e Sangchal,-1446,35423,36869,Mazandaran
Se-rah-e Sangchal,1557,25535,23978,Mazandaran
Se-rah-e Sangchal,-6531,32966,39497,Mazandaran
Se-rah-e Sangchal,-8715,38704,47419,Mazandaran
Se-rah-e Sangchal,-2260,45145,47405,Mazandaran
Se-rah-e Sangchal,-1401,42738,44139,Mazandaran
Se-rah-e Sangchal,-1804,43015,44819,Mazandaran
Se-rah-e Sangchal,-1594,45051,46645,Mazandaran
Se-rah-e Sangchal,-2169,43894,46063,Mazandaran
Se-rah-e Sangchal,-132,25659,25791,Mazandaran
Se-rah-e Sangchal,743,36145,35402,Mazandaran
Se-rah-e Sangchal,-8074,30315,38389,Mazandaran
Se-rah-e Sangchal,-2644,32453,35097,Mazandaran
Se-rah-e Sangchal,-1893,30061,31954,Mazandaran
Se-rah-e Sangchal,-799,26691,27490,Mazandaran
Se-rah-e Sangchal,-1376,27812,29188,Mazandaran
Se-rah-e Sangchal,-4195,12957,17152,Mazandaran
