City,Net,Input,Output,Province
Se-rah-e Baladeh,1709,30843,29134,Mazandaran
Se-rah-e Baladeh,1669,32941,31272,Mazandaran
Se-rah-e Baladeh,1299,34196,32897,Mazandaran
Se-rah-e Baladeh,1815,35541,33726,Mazandaran
Se-rah-e Baladeh,1257,39569,38312,Mazandaran
Se-rah-e Baladeh,2042,37390,35348,Mazandaran
Se-rah-e Baladeh,1554,37286,35732,Mazandaran
Se-rah-e Baladeh,2804,45183,42379,Mazandaran
Se-rah-e Baladeh,522,43647,43125,Mazandaran
Se-rah-e Baladeh,-455,43686,44141,Mazandaran
Se-rah-e Baladeh,1760,47347,45587,Mazandaran
Se-rah-e Baladeh,1167,43371,42204,Mazandaran
Se-rah-e Baladeh,-722,41777,42499,Mazandaran
Se-rah-e Baladeh,2311,44888,42577,Mazandaran
Se-rah-e Baladeh,2417,44807,42390,Mazandaran
Se-rah-e Baladeh,9697,24634,14937,Mazandaran
Se-rah-e Baladeh,-5194,32048,37242,Mazandaran
Se-rah-e Baladeh,-2295,30695,32990,Mazandaran
Se-rah-e Baladeh,-5302,27218,32520,Mazandaran
Se-rah-e Baladeh,-4984,23358,28342,Mazandaran
Se-rah-e Baladeh,-7555,15612,23167,Mazandaran
Se-rah-e Baladeh,-8586,14570,23156,Mazandaran
Se-rah-e Baladeh,-8808,17378,26186,Mazandaran
