City,Net,Input,Output,Province
Shahzeyd,-2441,31195,33636,Mazandaran
Shahzeyd,-1575,32808,34383,Mazandaran
Shahzeyd,1321,32201,30880,Mazandaran
Shahzeyd,-1488,35220,36708,Mazandaran
Shahzeyd,-1578,38783,40361,Mazandaran
Shahzeyd,-1890,36136,38026,Mazandaran
Shahzeyd,-1042,36416,37458,Mazandaran
Shahzeyd,-1684,44989,46673,Mazandaran
Shahzeyd,66,44860,44794,Mazandaran
Shahzeyd,-152,45347,45499,Mazandaran
Shahzeyd,-1342,46634,47976,Mazandaran
Shahzeyd,-1087,43302,44389,Mazandaran
Shahzeyd,-512,44163,44675,Mazandaran
Shahzeyd,-1137,45176,46313,Mazandaran
Shahzeyd,-1197,45095,46292,Mazandaran
Shahzeyd,-2894,29750,32644,Mazandaran
Shahzeyd,255,38393,38138,Mazandaran
Shahzeyd,1912,34153,32241,Mazandaran
Shahzeyd,-2177,33898,36075,Mazandaran
Shahzeyd,-4599,30360,34959,Mazandaran
Shahzeyd,-2925,26082,29007,Mazandaran
Shahzeyd,-1056,26559,27615,Mazandaran
Shahzeyd,-1632,28210,29842,Mazandaran
