City,Net,Input,Output,Province
Shakta,1390,11444,10054,Mazandaran
Shakta,-2766,11804,14570,Mazandaran
Shakta,-1190,9049,10239,Mazandaran
Shakta,860,10903,10043,Mazandaran
Shakta,1559,12245,10686,Mazandaran
Shakta,4694,16465,11771,Mazandaran
Shakta,-1315,11046,12361,Mazandaran
Shakta,-1138,12857,13995,Mazandaran
Shakta,-2114,16167,18281,Mazandaran
Shakta,-1640,13711,15351,Mazandaran
Shakta,-525,13940,14465,Mazandaran
Shakta,-1536,11818,13354,Mazandaran
Shakta,-1817,11083,12900,Mazandaran
Shakta,116,13931,13815,Mazandaran
Shakta,3082,18250,15168,Mazandaran
Shakta,-627,13255,13882,Mazandaran
Shakta,1886,12301,10415,Mazandaran
Shakta,-5469,15354,20823,Mazandaran
Shakta,-1776,8923,10699,Mazandaran
Shakta,195,9307,9112,Mazandaran
Shakta,679,10010,9331,Mazandaran
Shakta,5215,15470,10255,Mazandaran
Shakta,-5185,13608,18793,Mazandaran
