City,Net,Input,Output,Province
Shaqaji,189,3114,2925,Gilan
Shaqaji,706,3112,2406,Gilan
Shaqaji,292,2395,2103,Gilan
Shaqaji,1279,4052,2773,Gilan
Shaqaji,99,166,67,Gilan
Shaqaji,1178,2619,1441,Gilan
Shaqaji,1354,3596,2242,Gilan
Shaqaji,287,724,437,Gilan
Shaqaji,0,0,0,Gilan
Shaqaji,0,0,0,Gilan
Shaqaji,0,0,0,Gilan
Shaqaji,0,0,0,Gilan
Shaqaji,0,0,0,Gilan
Shaqaji,0,0,0,Gilan
Shaqaji,0,0,0,Gilan
Shaqaji,0,0,0,Gilan
Shaqaji,0,0,0,Gilan
Shaqaji,0,0,0,Gilan
Shaqaji,-2075,1988,4063,Gilan
Shaqaji,-903,2053,2956,Gilan
Shaqaji,-63,303,366,Gilan
Shaqaji,0,0,0,Gilan
Shaqaji,-13,33,46,Gilan
