City,Net,Input,Output,Province
Shirgah,2214,43347,41133,Mazandaran
Shirgah,-1957,40854,42811,Mazandaran
Shirgah,1202,43519,42317,Mazandaran
Shirgah,3897,49874,45977,Mazandaran
Shirgah,3316,48474,45158,Mazandaran
Shirgah,3291,44151,40860,Mazandaran
Shirgah,1764,46725,44961,Mazandaran
Shirgah,2675,51105,48430,Mazandaran
Shirgah,-7348,57521,64869,Mazandaran
Shirgah,-3049,59976,63025,Mazandaran
Shirgah,285,54855,54570,Mazandaran
Shirgah,-22,51591,51613,Mazandaran
Shirgah,1905,49128,47223,Mazandaran
Shirgah,-223,46940,47163,Mazandaran
Shirgah,20,50134,50114,Mazandaran
Shirgah,-2231,43774,46005,Mazandaran
Shirgah,-8006,40377,48383,Mazandaran
Shirgah,-5446,41841,47287,Mazandaran
Shirgah,-3598,40521,44119,Mazandaran
Shirgah,-961,33403,34364,Mazandaran
Shirgah,-27,32095,32122,Mazandaran
Shirgah,378,33494,33116,Mazandaran
Shirgah,-1453,33923,35376,Mazandaran
