City,Net,Input,Output,Province
Siah Bisheh,-10575,8840,19415,Mazandaran
Siah Bisheh,-13811,9826,23637,Mazandaran
Siah Bisheh,-11219,7770,18989,Mazandaran
Siah Bisheh,-15120,7211,22331,Mazandaran
Siah Bisheh,-17917,14081,31998,Mazandaran
Siah Bisheh,-16146,10946,27092,Mazandaran
Siah Bisheh,-3433,4417,7850,Mazandaran
Siah Bisheh,-3989,7586,11575,Mazandaran
Siah Bisheh,2446,6960,4514,Mazandaran
Siah Bisheh,-2013,13452,15465,Mazandaran
Siah Bisheh,-5717,26633,32350,Mazandaran
Siah Bisheh,-15822,22532,38354,Mazandaran
Siah Bisheh,-15646,23973,39619,Mazandaran
Siah Bisheh,-17920,21572,39492,Mazandaran
Siah Bisheh,-12415,25532,37947,Mazandaran
Siah Bisheh,-1222,5822,7044,Mazandaran
Siah Bisheh,-3728,14060,17788,Mazandaran
Siah Bisheh,11453,33954,22501,Mazandaran
Siah Bisheh,5003,28332,23329,Mazandaran
Siah Bisheh,-8217,20271,28488,Mazandaran
Siah Bisheh,-8075,12151,20226,Mazandaran
Siah Bisheh,-8805,13365,22170,Mazandaran
Siah Bisheh,-5561,18148,23709,Mazandaran
