City,Net,Input,Output,Province
Siahkal,390,26132,25742,Gilan
Siahkal,11,25530,25519,Gilan
Siahkal,423,25892,25469,Gilan
Siahkal,257,27111,26854,Gilan
Siahkal,2507,34302,31795,Gilan
Siahkal,2016,29493,27477,Gilan
Siahkal,2717,31195,28478,Gilan
Siahkal,3568,39200,35632,Gilan
Siahkal,1654,42108,40454,Gilan
Siahkal,81,42264,42183,Gilan
Siahkal,263,40066,39803,Gilan
Siahkal,190,35551,35361,Gilan
Siahkal,787,37400,36613,Gilan
Siahkal,1906,38236,36330,Gilan
Siahkal,-470,37541,38011,Gilan
Siahkal,-2173,19750,21923,Gilan
Siahkal,-3298,31806,35104,Gilan
Siahkal,-3941,29015,32956,Gilan
Siahkal,-1883,27746,29629,Gilan
Siahkal,-1121,22258,23379,Gilan
Siahkal,-311,18631,18942,Gilan
Siahkal,-386,20382,20768,Gilan
Siahkal,-1236,20842,22078,Gilan
