City,Net,Input,Output,Province
Someh Sara,1648,11641,9993,Gilan
Someh Sara,2031,11422,9391,Gilan
Someh Sara,1447,10198,8751,Gilan
Someh Sara,3918,16806,12888,Gilan
Someh Sara,8088,19695,11607,Gilan
Someh Sara,5618,16701,11083,Gilan
Someh Sara,4816,17041,12225,Gilan
Someh Sara,3682,18188,14506,Gilan
Someh Sara,-138,18944,19082,Gilan
Someh Sara,-871,18731,19602,Gilan
Someh Sara,-152,19111,19263,Gilan
Someh Sara,-452,18044,18496,Gilan
Someh Sara,941,17883,16942,Gilan
Someh Sara,-260,11635,11895,Gilan
Someh Sara,-2617,17278,19895,Gilan
Someh Sara,-332,1895,2227,Gilan
Someh Sara,-6460,11374,17834,Gilan
Someh Sara,-6995,9215,16210,Gilan
Someh Sara,-8751,10064,18815,Gilan
Someh Sara,-4929,10049,14978,Gilan
Someh Sara,-1906,9184,11090,Gilan
Someh Sara,-1865,10938,12803,Gilan
Someh Sara,-3303,8543,11846,Gilan
