City,Net,Input,Output,Province
Talesh,-378,9901,10279,Gilan
Talesh,-221,10051,10272,Gilan
Talesh,-402,11559,11961,Gilan
Talesh,-125,12266,12391,Gilan
Talesh,749,12771,12022,Gilan
Talesh,4018,15433,11415,Gilan
Talesh,187,15624,15437,Gilan
Talesh,-2177,15796,17973,Gilan
Talesh,-5041,14944,19985,Gilan
Talesh,-4818,14289,19107,Gilan
Talesh,-4213,13970,18183,Gilan
Talesh,-3094,13058,16152,Gilan
Talesh,-2985,13547,16532,Gilan
Talesh,-2186,14456,16642,Gilan
Talesh,-1324,12669,13993,Gilan
Talesh,-2253,5797,8050,Gilan
Talesh,404,12325,11921,Gilan
Talesh,-458,9152,9610,Gilan
Talesh,1031,10884,9853,Gilan
Talesh,1476,10784,9308,Gilan
Talesh,796,9141,8345,Gilan
Talesh,436,9773,9337,Gilan
Talesh,284,9145,8861,Gilan
