City,Net,Input,Output,Province
Tangrah,1436,9662,8226,Golestan
Tangrah,2203,20218,18015,Golestan
Tangrah,-1147,16468,17615,Golestan
Tangrah,-2130,21486,23616,Golestan
Tangrah,1427,27592,26165,Golestan
Tangrah,0,0,0,Golestan
Tangrah,0,0,0,Golestan
Tangrah,0,0,0,Golestan
Tangrah,0,0,0,Golestan
Tangrah,0,0,0,Golestan
Tangrah,0,0,0,Golestan
Tangrah,0,0,0,Golestan
Tangrah,0,0,0,Golestan
Tangrah,0,0,0,Golestan
Tangrah,0,0,0,Golestan
Tangrah,0,0,0,Golestan
Tangrah,0,0,0,Golestan
Tangrah,0,0,0,Golestan
Tangrah,0,0,0,Golestan
Tangrah,0,0,0,Golestan
Tangrah,0,0,0,Golestan
Tangrah,0,0,0,Golestan
Tangrah,0,0,0,Golestan
