City,Net,Input,Output,Province
Tonekabon,-6760,46580,53340,Mazandaran
Tonekabon,-1152,46490,47642,Mazandaran
Tonekabon,-1630,53004,54634,Mazandaran
Tonekabon,520,54136,53616,Mazandaran
Tonekabon,1308,53464,52156,Mazandaran
Tonekabon,509,49608,49099,Mazandaran
Tonekabon,-26655,28757,55412,Mazandaran
Tonekabon,-32776,35690,68466,Mazandaran
Tonekabon,-40367,33769,74136,Mazandaran
Tonekabon,-11765,63947,75712,Mazandaran
Tonekabon,-17626,56119,73745,Mazandaran
Tonekabon,-34020,36053,70073,Mazandaran
Tonekabon,-35084,36141,71225,Mazandaran
Tonekabon,-35560,36816,72376,Mazandaran
Tonekabon,-37806,34820,72626,Mazandaran
Tonekabon,-29815,20011,49826,Mazandaran
Tonekabon,-27314,25380,52694,Mazandaran
Tonekabon,-26267,17151,43418,Mazandaran
Tonekabon,-29635,23500,53135,Mazandaran
Tonekabon,-25978,23816,49794,Mazandaran
Tonekabon,-15271,29506,44777,Mazandaran
Tonekabon,-6303,43117,49420,Mazandaran
Tonekabon,-4829,37627,42456,Mazandaran
