City,Net,Input,Output,Province
Veresk,16984,26117,9133,Mazandaran
Veresk,18295,29789,11494,Mazandaran
Veresk,16767,27190,10423,Mazandaran
Veresk,8156,33170,25014,Mazandaran
Veresk,1414,34437,33023,Mazandaran
Veresk,2025,28918,26893,Mazandaran
Veresk,1356,32141,30785,Mazandaran
Veresk,1898,36430,34532,Mazandaran
Veresk,1134,49073,47939,Mazandaran
Veresk,2992,48377,45385,Mazandaran
Veresk,2571,40794,38223,Mazandaran
Veresk,3492,37613,34121,Mazandaran
Veresk,2529,33739,31210,Mazandaran
Veresk,3253,32834,29581,Mazandaran
Veresk,3710,34072,30362,Mazandaran
Veresk,4500,36963,32463,Mazandaran
Veresk,4648,35718,31070,Mazandaran
Veresk,3282,32199,28917,Mazandaran
Veresk,2905,29965,27060,Mazandaran
Veresk,1622,20070,18448,Mazandaran
Veresk,1643,17576,15933,Mazandaran
Veresk,1305,17579,16274,Mazandaran
Veresk,1877,21260,19383,Mazandaran
