City,Net,Input,Output,Province
Ziabar,-589,18805,19394,Gilan
Ziabar,-1209,18653,19862,Gilan
Ziabar,-969,21993,22962,Gilan
Ziabar,-2172,20727,22899,Gilan
Ziabar,-3220,19689,22909,Gilan
Ziabar,145,19967,19822,Gilan
Ziabar,-676,20646,21322,Gilan
Ziabar,694,27296,26602,Gilan
Ziabar,1554,29280,27726,Gilan
Ziabar,2103,29743,27640,Gilan
Ziabar,2397,29041,26644,Gilan
Ziabar,1817,26883,25066,Gilan
Ziabar,1413,27381,25968,Gilan
Ziabar,2339,28880,26541,Gilan
Ziabar,4414,29367,24953,Gilan
Ziabar,1552,11032,9480,Gilan
Ziabar,4868,23587,18719,Gilan
Ziabar,3829,23547,19718,Gilan
Ziabar,4832,24540,19708,Gilan
Ziabar,3578,21597,18019,Gilan
Ziabar,1837,19069,17232,Gilan
Ziabar,1475,20548,19073,Gilan
Ziabar,1572,19583,18011,Gilan
