City,Net,Input,Output,Province
Golestan Forest,-229,1393,1622,Golestan
Golestan Forest,186,2059,1873,Golestan
Golestan Forest,67,983,916,Golestan
Golestan Forest,-274,1618,1892,Golestan
Golestan Forest,-50,2210,2260,Golestan
Golestan Forest,180,2322,2142,Golestan
Golestan Forest,284,2352,2068,Golestan
Golestan Forest,298,2948,2650,Golestan
Golestan Forest,203,3376,3173,Golestan
Golestan Forest,-79,2593,2672,Golestan
Golestan Forest,-963,3330,4293,Golestan
Golestan Forest,-1502,3581,5083,Golestan
Golestan Forest,-1367,4315,5682,Golestan
Golestan Forest,-762,4895,5657,Golestan
Golestan Forest,-398,5053,5451,Golestan
Golestan Forest,634,6829,6195,Golestan
Golestan Forest,207,5057,4850,Golestan
Golestan Forest,-169,4292,4461,Golestan
Golestan Forest,-353,4737,5090,Golestan
Golestan Forest,-342,4408,4750,Golestan
Golestan Forest,-284,4652,4936,Golestan
Golestan Forest,466,5131,4665,Golestan
Golestan Forest,1259,4945,3686,Golestan
Golestan Forest,1262,4679,3417,Golestan
Golestan Forest,-87,3273,3360,Golestan
Golestan Forest,-200,3010,3210,Golestan
Golestan Forest,43,2836,2793,Golestan
Golestan Forest,-67,2590,2657,Golestan
Golestan Forest,-177,2433,2610,Golestan
