City,Net,Input,Output,Province
Se-rah-e Kalaleh,133,5202,5069,Golestan
Se-rah-e Kalaleh,-195,6187,6382,Golestan
Se-rah-e Kalaleh,-19,4391,4410,Golestan
Se-rah-e Kalaleh,170,7816,7646,Golestan
Se-rah-e Kalaleh,-663,8403,9066,Golestan
Se-rah-e Kalaleh,-323,8911,9234,Golestan
Se-rah-e Kalaleh,-320,7046,7366,Golestan
Se-rah-e Kalaleh,-616,10332,10948,Golestan
Se-rah-e Kalaleh,-554,9842,10396,Golestan
Se-rah-e Kalaleh,55,7565,7510,Golestan
Se-rah-e Kalaleh,671,9771,9100,Golestan
Se-rah-e Kalaleh,1037,10871,9834,Golestan
Se-rah-e Kalaleh,687,12372,11685,Golestan
Se-rah-e Kalaleh,77,12639,12562,Golestan
Se-rah-e Kalaleh,-59,12526,12585,Golestan
Se-rah-e Kalaleh,-1278,11163,12441,Golestan
Se-rah-e Kalaleh,-500,11838,12338,Golestan
Se-rah-e Kalaleh,-340,10277,10617,Golestan
Se-rah-e Kalaleh,-49,12228,12277,Golestan
Se-rah-e Kalaleh,-20,13012,13032,Golestan
Se-rah-e Kalaleh,-444,13252,13696,Golestan
Se-rah-e Kalaleh,-1016,12265,13281,Golestan
Se-rah-e Kalaleh,-1044,9913,10957,Golestan
Se-rah-e Kalaleh,-1451,9650,11101,Golestan
Se-rah-e Kalaleh,-222,9987,10209,Golestan
Se-rah-e Kalaleh,148,10135,9987,Golestan
Se-rah-e Kalaleh,-361,9429,9790,Golestan
Se-rah-e Kalaleh,-189,9304,9493,Golestan
Se-rah-e Kalaleh,107,9674,9567,Golestan
