City,Net,Input,Output,Province
Shahroud,172,3304,3132,Golestan
Shahroud,1,2968,2967,Golestan
Shahroud,-158,1217,1375,Golestan
Shahroud,99,2619,2520,Golestan
Shahroud,-245,2445,2690,Golestan
Shahroud,-237,3224,3461,Golestan
Shahroud,-558,3001,3559,Golestan
Shahroud,-1041,3326,4367,Golestan
Shahroud,-1073,3716,4789,Golestan
Shahroud,-73,2651,2724,Golestan
Shahroud,162,3647,3485,Golestan
Shahroud,110,3916,3806,Golestan
Shahroud,-153,4606,4759,Golestan
Shahroud,6,5497,5491,Golestan
Shahroud,383,5515,5132,Golestan
Shahroud,-383,5147,5530,Golestan
Shahroud,-96,4027,4123,Golestan
Shahroud,-133,3200,3333,Golestan
Shahroud,-65,5513,5578,Golestan
Shahroud,174,4575,4401,Golestan
Shahroud,366,5081,4715,Golestan
Shahroud,1432,6337,4905,Golestan
Shahroud,754,6950,6196,Golestan
Shahroud,1990,5704,3714,Golestan
Shahroud,960,4396,3436,Golestan
Shahroud,303,3870,3567,Golestan
Shahroud,149,3574,3425,Golestan
Shahroud,201,3542,3341,Golestan
Shahroud,656,4274,3618,Golestan
