City,Net,Input,Output,Province
Astara,-893,13333,14226,Gilan
Aq Chay,-325,5167,5492,Gilan
Talesh,1218,9059,7841,Gilan
Asalem,-492,15011,15503,Gilan
Astaneh,-5306,67140,72446,Gilan
Lahijan,4700,86244,81544,Gilan
Kuchesfahan,1485,64442,62957,Gilan
Kiashahr,-5899,8715,14614,Gilan
Siahkal,-6916,13609,20525,Gilan
Langarud,833,60711,59878,Gilan
Rasht,-12291,109873,122164,Gilan
Sangar,5171,15596,10425,Gilan
Hasanrud,5866,5866,0,Gilan
Khalkhal,-131,1795,1926,Gilan
Punel,-1026,21320,22346,Gilan
Ziabar,664,12770,12106,Gilan
Imamzadeh Hashem,-2750,125790,128540,Gilan
Rostamabad,-1472,74342,75814,Gilan
Saravan,-8982,115178,124160,Gilan
Shaqaji,0,0,0,Gilan
Rudbar,16202,61508,45306,Gilan
Fuman,23929,56076,32147,Gilan
Amlash,637,9312,8675,Gilan
Rudsar,-1843,50116,51959,Gilan
Kalan Kalaye,38,3139,3101,Gilan
Kalachay,1554,35348,33794,Gilan
Anzali,103,36409,36306,Gilan
Khomam,-426,67585,68011,Gilan
Rezvanshahr,308,8154,7846,Gilan
Pirbazar,2727,25379,22652,Gilan
Bazar Jomeh,497,11696,11199,Gilan
Someh Sara,0,0,0,Gilan
Masouleh,-13,1765,1778,Gilan
Jirdeh,0,0,0,Gilan
Lakan,-68,8287,8355,Gilan
Deylaman,139,1270,1131,Gilan
Ramsar,13977,54923,40946,Gilan
Chaboksar,-468,44882,45350,Gilan
Tonekabon,-13192,35470,48662,Mazandaran
Manjil,-17521,7895,25416,Gilan
Lowshan,16455,33658,17203,Gilan
Gilvan,-32,1640,1672,Gilan
Ghazvin,-29751,309,30060,Gilan
Gilan Border,13683,13683,0,Gilan
Azadshahr,-51,43797,43848,Golestan
Khosh Yeylagh,26,2486,2460,Golestan
Aliabad,-3888,128718,132606,Golestan
Minudasht,157,29313,29156,Golestan
Gonbad,-42,43388,43430,Golestan
Shahroud,126,3382,3256,Golestan
Gorgan,5265,145732,140467,Golestan
Galikesh,-401,12004,12405,Golestan
Aq Qala,-514,37439,37953,Golestan
Incheh Borun,-59,4152,4211,Golestan
Se-rah-e Kalaleh,295,10007,9712,Golestan
Bandar Torkaman,1645,18481,16836,Golestan
Marzpol,0,0,0,Golestan
Se-rah-e Yasaqi,-236,3547,3783,Golestan
Kordkuy,-1224,7789,9013,Mazandaran
Gomishan,-717,5133,5850,Golestan
Galugah,-453,14291,14744,Mazandaran
Tangrah,-15,9273,9288,Golestan
Golestan Forest,-367,3331,3698,Golestan
Kalaleh,-2432,0,2432,Golestan
Maraveh Tappeh,2432,2432,0,Golestan
Behshahr,538,35996,35458,Mazandaran
Amol,-36346,91957,128303,Mazandaran
Babol,47445,155890,108445,Mazandaran
Qaemshahr,14842,94969,80127,Mazandaran
Mahmudabad,5902,72760,66858,Mazandaran
Park Jangali,2309,31887,29578,Mazandaran
Babolsar,-35745,38849,74594,Mazandaran
Fereydunkenar,10756,56218,45462,Mazandaran
Kiyakala,-5240,0,5240,Mazandaran
Gatab,480,16937,16457,Mazandaran
Juybar,-2627,9776,12403,Mazandaran
Sari,-5407,123213,128620,Mazandaran
Shirgah,7989,31542,23553,Mazandaran
Nur,2304,39876,37572,Mazandaran
Se-rah-e Sangchal,-1930,26565,28495,Mazandaran
Imamzadeh Hashem Tehran,-2099,8853,10952,Mazandaran
Polur,288,20312,20024,Mazandaran
Gazanak,-72,20504,20576,Mazandaran
Behnamir,1758,11443,9685,Mazandaran
Dabudsht,-3556,3237,6793,Mazandaran
Bandar-e Amirabad,0,0,0,Mazandaran
Neka,87,49147,49060,Mazandaran
Zagheh Marz,0,0,0,Mazandaran
Abbasabad,-710,52525,53235,Mazandaran
Chalus,1437,95724,94287,Mazandaran
Kalardasht,1639,1912,273,Mazandaran
Khazarabad,2072,30307,28235,Mazandaran
Shakta,-419,8541,8960,Mazandaran
Kiasar,759,7162,6403,Mazandaran
Doab,1356,18892,17536,Mazandaran
Marzanabad,264,37732,37468,Mazandaran
Makarud,-3487,9481,12968,Mazandaran
Nowshahr,-2994,45916,48910,Mazandaran
Kalarabad,1589,24621,23032,Mazandaran
Semnan,-214,934,1148,Mazandaran
Garmab,-227,2005,2232,Mazandaran
Se-rah-e Baladeh,1017,24092,23075,Mazandaran
Shahzeyd,-752,25747,26499,Mazandaran
Panjab,386,21378,20992,Mazandaran
Siah Bisheh,-4889,17022,21911,Mazandaran
Hazarcham,3178,12954,9776,Mazandaran
Kandovan,1711,8957,7246,Mazandaran
Sisangan,-1961,35212,37173,Mazandaran
Pol-e Sefid,-1635,21538,23173,Mazandaran
Garzin Kheil,972,16778,15806,Mazandaran
Veresk,-411,15809,16220,Mazandaran
Gaduk,-293,7936,8229,Mazandaran
