City,Net,Input,Output,Province
Astara,-599,14161,14760,Gilan
Aq Chay,-490,5380,5870,Gilan
Talesh,1089,9380,8291,Gilan
Asalem,-557,13961,14518,Gilan
Astaneh,-800,65206,66006,Gilan
Lahijan,329,81850,81521,Gilan
Kuchesfahan,2873,58805,55932,Gilan
Kiashahr,-6214,7793,14007,Gilan
Siahkal,-8489,13193,21682,Gilan
Langarud,1053,58989,57936,Gilan
Rasht,-18749,101314,120063,Gilan
Sangar,6845,16017,9172,Gilan
Hasanrud,6117,6117,0,Gilan
Khalkhal,-26,1950,1976,Gilan
Punel,-386,19699,20085,Gilan
Ziabar,1502,18148,16646,Gilan
Imamzadeh Hashem,-1852,127494,129346,Gilan
Rostamabad,496,72316,71820,Gilan
Saravan,-10491,113950,124441,Gilan
Shaqaji,0,0,0,Gilan
Rudbar,15085,56890,41805,Gilan
Fuman,25303,58529,33226,Gilan
Amlash,956,9362,8406,Gilan
Rudsar,-1454,47648,49102,Gilan
Kalan Kalaye,-51,3077,3128,Gilan
Kalachay,-206,32051,32257,Gilan
Anzali,1710,37019,35309,Gilan
Khomam,516,68701,68185,Gilan
Rezvanshahr,398,8146,7748,Gilan
Pirbazar,1634,29137,27503,Gilan
Bazar Jomeh,-73,13291,13364,Gilan
Someh Sara,0,0,0,Gilan
Masouleh,-236,1663,1899,Gilan
Jirdeh,0,0,0,Gilan
Lakan,-442,8166,8608,Gilan
Deylaman,309,1327,1018,Gilan
Ramsar,12928,52427,39499,Gilan
Chaboksar,2027,43380,41353,Gilan
Tonekabon,-12933,34405,47338,Mazandaran
Manjil,-16739,7627,24366,Gilan
Lowshan,16955,34188,17233,Gilan
Gilvan,60,1510,1450,Gilan
Ghazvin,-31081,15,31096,Gilan
Gilan Border,14198,14198,0,Gilan
Azadshahr,172,43325,43153,Golestan
Khosh Yeylagh,43,2478,2435,Golestan
Aliabad,2236,128345,126109,Golestan
Minudasht,238,29569,29331,Golestan
Gonbad,-637,43098,43735,Golestan
Shahroud,382,3577,3195,Golestan
Gorgan,-1863,137378,139241,Golestan
Galikesh,-101,12240,12341,Golestan
Aq Qala,-420,36978,37398,Golestan
Incheh Borun,185,4242,4057,Golestan
Se-rah-e Kalaleh,167,9990,9823,Golestan
Bandar Torkaman,1393,18205,16812,Golestan
Marzpol,0,0,0,Golestan
Se-rah-e Yasaqi,-229,3210,3439,Golestan
Kordkuy,-785,7950,8735,Mazandaran
Gomishan,-479,5062,5541,Golestan
Galugah,334,15088,14754,Mazandaran
Tangrah,265,9551,9286,Golestan
Golestan Forest,-567,3363,3930,Golestan
Kalaleh,-2308,0,2308,Golestan
Maraveh Tappeh,2308,2308,0,Golestan
Behshahr,624,36083,35459,Mazandaran
Amol,-35595,86827,122422,Mazandaran
Babol,49392,156848,107456,Mazandaran
Qaemshahr,3474,86540,83066,Mazandaran
Mahmudabad,4735,70020,65285,Mazandaran
Park Jangali,2973,30229,27256,Mazandaran
Babolsar,-31890,41092,72982,Mazandaran
Fereydunkenar,10598,56497,45899,Mazandaran
Kiyakala,-5242,0,5242,Mazandaran
Gatab,1804,18606,16802,Mazandaran
Juybar,-2787,9314,12101,Mazandaran
Sari,-11272,115247,126519,Mazandaran
Shirgah,7690,31801,24111,Mazandaran
Nur,2680,39683,37003,Mazandaran
Se-rah-e Sangchal,-1667,24917,26584,Mazandaran
Imamzadeh Hashem Tehran,-2393,8276,10669,Mazandaran
Polur,465,19429,18964,Mazandaran
Gazanak,254,19816,19562,Mazandaran
Behnamir,1470,11741,10271,Mazandaran
Dabudsht,-2726,4164,6890,Mazandaran
Bandar-e Amirabad,0,0,0,Mazandaran
Neka,564,50451,49887,Mazandaran
Zagheh Marz,0,0,0,Mazandaran
Abbasabad,-1336,49065,50401,Mazandaran
Chalus,7099,99935,92836,Mazandaran
Kalardasht,1898,2058,160,Mazandaran
Khazarabad,2845,28277,25432,Mazandaran
Shakta,2663,11237,8574,Mazandaran
Kiasar,3352,10684,7332,Mazandaran
Doab,1510,19612,18102,Mazandaran
Marzanabad,1638,39019,37381,Mazandaran
Makarud,-2749,9748,12497,Mazandaran
Nowshahr,-10252,44231,54483,Mazandaran
Kalarabad,1323,24320,22997,Mazandaran
Semnan,-163,1254,1417,Mazandaran
Garmab,-1365,2162,3527,Mazandaran
Se-rah-e Baladeh,1464,24053,22589,Mazandaran
Shahzeyd,-1044,25131,26175,Mazandaran
Panjab,956,21297,20341,Mazandaran
Siah Bisheh,206,21982,21776,Mazandaran
Hazarcham,2674,12077,9403,Mazandaran
Kandovan,-2880,9699,12579,Mazandaran
Sisangan,-1737,34617,36354,Mazandaran
Pol-e Sefid,-1118,21560,22678,Mazandaran
Garzin Kheil,1239,16743,15504,Mazandaran
Veresk,-129,15815,15944,Mazandaran
Gaduk,-94,7757,7851,Mazandaran
