City,Net,Input,Output,Province
Astara,-76,16280,16356,Gilan
Aq Chay,-1022,5900,6922,Gilan
Talesh,1098,10456,9358,Gilan
Asalem,2630,16931,14301,Gilan
Astaneh,1396,63705,62309,Gilan
Lahijan,2830,80604,77774,Gilan
Kuchesfahan,-4315,55640,59955,Gilan
Kiashahr,-5107,8243,13350,Gilan
Siahkal,-17461,16440,33901,Gilan
Langarud,5135,63692,58557,Gilan
Rasht,-29488,86537,116025,Gilan
Sangar,11651,25784,14133,Gilan
Hasanrud,5620,5620,0,Gilan
Khalkhal,588,2169,1581,Gilan
Punel,529,22722,22193,Gilan
Ziabar,-1869,16375,18244,Gilan
Imamzadeh Hashem,-32216,178196,210412,Gilan
Rostamabad,-998,126842,127840,Gilan
Saravan,72657,203399,130742,Gilan
Shaqaji,0,0,0,Gilan
Rudbar,-34888,74131,109019,Gilan
Fuman,43685,55519,11834,Gilan
Amlash,1733,10498,8765,Gilan
Rudsar,-1682,60857,62539,Gilan
Kalan Kalaye,-41,3574,3615,Gilan
Kalachay,4787,45528,40741,Gilan
Anzali,2926,32527,29601,Gilan
Khomam,632,48636,48004,Gilan
Rezvanshahr,494,8184,7690,Gilan
Pirbazar,900,22282,21382,Gilan
Bazar Jomeh,0,0,0,Gilan
Someh Sara,0,0,0,Gilan
Masouleh,0,0,0,Gilan
Jirdeh,0,0,0,Gilan
Lakan,-42,4678,4720,Gilan
Deylaman,686,1582,896,Gilan
Ramsar,10721,58798,48077,Gilan
Chaboksar,3192,53759,50567,Gilan
Tonekabon,-9955,32825,42780,Mazandaran
Manjil,-30083,19221,49304,Gilan
Lowshan,79448,94317,14869,Gilan
Gilvan,675,2614,1939,Gilan
Ghazvin,-90536,1672,92208,Gilan
Gilan Border,10736,10736,0,Gilan
Azadshahr,304,49729,49425,Golestan
Khosh Yeylagh,1435,3942,2507,Golestan
Aliabad,12801,135461,122660,Golestan
Minudasht,-1687,36297,37984,Golestan
Gonbad,2446,46305,43859,Golestan
Shahroud,-1833,2303,4136,Golestan
Gorgan,-14651,127133,141784,Golestan
Galikesh,1030,15751,14721,Golestan
Aq Qala,-465,35161,35626,Golestan
Incheh Borun,389,7174,6785,Golestan
Se-rah-e Kalaleh,273,14700,14427,Golestan
Bandar Torkaman,8159,25359,17200,Golestan
Marzpol,-13,1370,1383,Golestan
Se-rah-e Yasaqi,-382,2947,3329,Golestan
Kordkuy,3790,36444,32654,Mazandaran
Gomishan,-6743,5701,12444,Golestan
Galugah,-206,45190,45396,Mazandaran
Tangrah,257,18574,18317,Golestan
Golestan Forest,-290,8008,8298,Golestan
Kalaleh,-2950,0,2950,Golestan
Maraveh Tappeh,2950,2950,0,Golestan
Behshahr,2081,40982,38901,Mazandaran
Amol,-5498,105364,110862,Mazandaran
Babol,28018,132937,104919,Mazandaran
Qaemshahr,-2011,73792,75803,Mazandaran
Mahmudabad,7686,73911,66225,Mazandaran
Park Jangali,939,33503,32564,Mazandaran
Babolsar,-26574,37403,63977,Mazandaran
Fereydunkenar,6696,49067,42371,Mazandaran
Kiyakala,-4358,0,4358,Mazandaran
Gatab,2443,17273,14830,Mazandaran
Juybar,4938,16796,11858,Mazandaran
Sari,-14510,108771,123281,Mazandaran
Shirgah,14094,37519,23425,Mazandaran
Nur,-6367,35805,42172,Mazandaran
Se-rah-e Sangchal,-1002,28712,29714,Mazandaran
Imamzadeh Hashem Tehran,-14880,6170,21050,Mazandaran
Polur,-219,27477,27696,Mazandaran
Gazanak,-261,27906,28167,Mazandaran
Behnamir,810,10389,9579,Mazandaran
Dabudsht,-143,181,324,Mazandaran
Bandar-e Amirabad,0,0,0,Mazandaran
Neka,654,49512,48858,Mazandaran
Zagheh Marz,0,0,0,Mazandaran
Abbasabad,3878,50931,47053,Mazandaran
Chalus,-2866,96285,99151,Mazandaran
Kalardasht,-590,1738,2328,Mazandaran
Khazarabad,3551,24064,20513,Mazandaran
Shakta,1180,10049,8869,Mazandaran
Kiasar,670,11302,10632,Mazandaran
Doab,3036,9432,6396,Mazandaran
Marzanabad,781,33145,32364,Mazandaran
Makarud,-20373,3592,23965,Mazandaran
Nowshahr,-5350,46129,51479,Mazandaran
Kalarabad,10135,30813,20678,Mazandaran
Semnan,-1176,1484,2660,Mazandaran
Garmab,-218,3144,3362,Mazandaran
Se-rah-e Baladeh,-7,30060,30067,Mazandaran
Shahzeyd,578,30585,30007,Mazandaran
Panjab,-111,28351,28462,Mazandaran
Siah Bisheh,-17614,2375,19989,Mazandaran
Hazarcham,14285,16504,2219,Mazandaran
Kandovan,3329,3485,156,Mazandaran
Sisangan,15859,43564,27705,Mazandaran
Pol-e Sefid,-1287,28017,29304,Mazandaran
Garzin Kheil,748,24546,23798,Mazandaran
Veresk,-807,23327,24134,Mazandaran
Gaduk,-9751,6830,16581,Mazandaran
