City,Net,Input,Output,Province
Astara,-596,17451,18047,Gilan
Aq Chay,153,7414,7261,Gilan
Talesh,443,10633,10190,Gilan
Asalem,2112,17652,15540,Gilan
Astaneh,253,76053,75800,Gilan
Lahijan,2455,98201,95746,Gilan
Kuchesfahan,-4822,63830,68652,Gilan
Kiashahr,-7048,9198,16246,Gilan
Siahkal,-12321,20816,33137,Gilan
Langarud,3291,74872,71581,Gilan
Rasht,-20707,111585,132292,Gilan
Sangar,7213,23060,15847,Gilan
Hasanrud,7296,7296,0,Gilan
Khalkhal,77,2093,2016,Gilan
Punel,171,24131,23960,Gilan
Ziabar,-1677,18844,20521,Gilan
Imamzadeh Hashem,-24156,202620,226776,Gilan
Rostamabad,-5700,135020,140720,Gilan
Saravan,59455,215209,155754,Gilan
Shaqaji,0,0,0,Gilan
Rudbar,-28750,82620,111370,Gilan
Fuman,41575,56289,14714,Gilan
Amlash,1204,11019,9815,Gilan
Rudsar,-784,63426,64210,Gilan
Kalan Kalaye,-40,3790,3830,Gilan
Kalachay,4532,48089,43557,Gilan
Anzali,1481,39104,37623,Gilan
Khomam,68,66633,66565,Gilan
Rezvanshahr,74,9065,8991,Gilan
Pirbazar,1128,25354,24226,Gilan
Bazar Jomeh,0,0,0,Gilan
Someh Sara,0,0,0,Gilan
Masouleh,0,0,0,Gilan
Jirdeh,0,0,0,Gilan
Lakan,-751,5983,6734,Gilan
Deylaman,378,1691,1313,Gilan
Ramsar,11348,65775,54427,Gilan
Chaboksar,1805,60853,59048,Gilan
Tonekabon,-10722,33666,44388,Mazandaran
Manjil,-24591,24605,49196,Gilan
Lowshan,69906,91557,21651,Gilan
Gilvan,-15,2127,2142,Gilan
Ghazvin,-85610,2778,88388,Gilan
Gilan Border,15472,15472,0,Gilan
Azadshahr,2666,56221,53555,Golestan
Khosh Yeylagh,1583,5268,3685,Golestan
Aliabad,1731,112277,110546,Golestan
Minudasht,-3395,36756,40151,Golestan
Gonbad,3623,47757,44134,Golestan
Shahroud,-2936,2809,5745,Golestan
Gorgan,-2953,114626,117579,Golestan
Galikesh,1246,15965,14719,Golestan
Aq Qala,-1031,36060,37091,Golestan
Incheh Borun,136,9539,9403,Golestan
Se-rah-e Kalaleh,-157,14148,14305,Golestan
Bandar Torkaman,6963,26050,19087,Golestan
Marzpol,-48,1932,1980,Golestan
Se-rah-e Yasaqi,-338,3406,3744,Golestan
Kordkuy,7137,52137,45000,Mazandaran
Gomishan,-5363,5350,10713,Golestan
Galugah,-3910,58752,62662,Mazandaran
Tangrah,277,18244,17967,Golestan
Golestan Forest,-335,7732,8067,Golestan
Kalaleh,-2264,0,2264,Golestan
Maraveh Tappeh,2264,2264,0,Golestan
Behshahr,2729,50863,48134,Mazandaran
Amol,-10761,125562,136323,Mazandaran
Babol,44359,174613,130254,Mazandaran
Qaemshahr,991,101418,100427,Mazandaran
Mahmudabad,8099,84552,76453,Mazandaran
Park Jangali,819,39573,38754,Mazandaran
Babolsar,-38847,43473,82320,Mazandaran
Fereydunkenar,9741,64464,54723,Mazandaran
Kiyakala,-5326,0,5326,Mazandaran
Gatab,-561,18735,19296,Mazandaran
Juybar,-824,21803,22627,Mazandaran
Sari,792,151306,150514,Mazandaran
Shirgah,13709,47068,33359,Mazandaran
Nur,-7859,40370,48229,Mazandaran
Se-rah-e Sangchal,-1325,32109,33434,Mazandaran
Imamzadeh Hashem Tehran,-10908,10157,21065,Mazandaran
Polur,327,30967,30640,Mazandaran
Gazanak,107,30425,30318,Mazandaran
Behnamir,1125,11619,10494,Mazandaran
Dabudsht,-3359,5730,9089,Mazandaran
Bandar-e Amirabad,0,0,0,Mazandaran
Neka,-29,64627,64656,Mazandaran
Zagheh Marz,0,0,0,Mazandaran
Abbasabad,2472,50621,48149,Mazandaran
Chalus,-5078,95565,100643,Mazandaran
Kalardasht,-603,2154,2757,Mazandaran
Khazarabad,1637,26268,24631,Mazandaran
Shakta,-3090,9893,12983,Mazandaran
Kiasar,-1969,12149,14118,Mazandaran
Doab,7171,22315,15144,Mazandaran
Marzanabad,-7019,36988,44007,Mazandaran
Makarud,-14656,4629,19285,Mazandaran
Nowshahr,3187,49683,46496,Mazandaran
Kalarabad,6954,30661,23707,Mazandaran
Semnan,-1267,1754,3021,Mazandaran
Garmab,1036,4408,3372,Mazandaran
Se-rah-e Baladeh,780,33833,33053,Mazandaran
Shahzeyd,-298,33873,34171,Mazandaran
Panjab,-845,30877,31722,Mazandaran
Siah Bisheh,-17107,4327,21434,Mazandaran
Hazarcham,13098,17181,4083,Mazandaran
Kandovan,4009,4253,244,Mazandaran
Sisangan,12317,43609,31292,Mazandaran
Pol-e Sefid,-3452,36364,39816,Mazandaran
Garzin Kheil,1011,33550,32539,Mazandaran
Veresk,-1292,31780,33072,Mazandaran
Gaduk,-8491,11594,20085,Mazandaran
