City,Net,Input,Output,Province
Astara,-2598,24894,27492,Gilan
Aq Chay,4233,13968,9735,Gilan
Talesh,-1635,13524,15159,Gilan
Asalem,-621,24098,24719,Gilan
Astaneh,-42525,59114,101639,Gilan
Lahijan,1907,118832,116925,Gilan
Kuchesfahan,36848,89383,52535,Gilan
Kiashahr,-12236,11539,23775,Gilan
Siahkal,-14929,27776,42705,Gilan
Langarud,6813,93826,87013,Gilan
Rasht,-26860,134633,161493,Gilan
Sangar,12328,31251,18923,Gilan
Hasanrud,11707,11707,0,Gilan
Khalkhal,-201,2461,2662,Gilan
Punel,-1075,34882,35957,Gilan
Ziabar,3049,29268,26219,Gilan
Imamzadeh Hashem,-15046,266480,281526,Gilan
Rostamabad,-2632,184266,186898,Gilan
Saravan,6903,236666,229763,Gilan
Shaqaji,0,0,0,Gilan
Rudbar,-10616,121874,132490,Gilan
Fuman,30047,62549,32502,Gilan
Amlash,804,13652,12848,Gilan
Rudsar,-3792,80309,84101,Gilan
Kalan Kalaye,9,4974,4965,Gilan
Kalachay,-1882,63192,65074,Gilan
Anzali,-1061,54367,55428,Gilan
Khomam,-1197,84023,85220,Gilan
Rezvanshahr,1860,15767,13907,Gilan
Pirbazar,-231,31062,31293,Gilan
Bazar Jomeh,0,0,0,Gilan
Someh Sara,0,0,0,Gilan
Masouleh,0,0,0,Gilan
Jirdeh,0,0,0,Gilan
Lakan,-593,7620,8213,Gilan
Deylaman,30,2650,2620,Gilan
Ramsar,13488,86585,73097,Gilan
Chaboksar,7144,84762,77618,Gilan
Tonekabon,-20195,51725,71920,Mazandaran
Manjil,21156,53166,32010,Gilan
Lowshan,36700,90044,53344,Gilan
Gilvan,422,3068,2646,Gilan
Ghazvin,-83727,2863,86590,Gilan
Gilan Border,47233,47233,0,Gilan
Azadshahr,372,67884,67512,Golestan
Khosh Yeylagh,2069,4909,2840,Golestan
Aliabad,-16208,175572,191780,Golestan
Minudasht,-5081,45159,50240,Golestan
Gonbad,3901,55125,51224,Golestan
Shahroud,-2663,3296,5959,Golestan
Gorgan,21149,194980,173831,Golestan
Galikesh,-1008,17787,18795,Golestan
Aq Qala,-1124,41263,42387,Golestan
Incheh Borun,-180,7339,7519,Golestan
Se-rah-e Kalaleh,1937,22139,20202,Golestan
Bandar Torkaman,10853,33653,22800,Golestan
Marzpol,0,0,0,Golestan
Se-rah-e Yasaqi,-762,4638,5400,Golestan
Kordkuy,-1759,9056,10815,Mazandaran
Gomishan,-8735,6714,15449,Golestan
Galugah,-3609,24336,27945,Mazandaran
Tangrah,-260,27749,28009,Golestan
Golestan Forest,-2501,11230,13731,Golestan
Kalaleh,-3435,0,3435,Golestan
Maraveh Tappeh,3435,3435,0,Golestan
Behshahr,646,59768,59122,Mazandaran
Amol,-11859,157218,169077,Mazandaran
Babol,26812,194225,167413,Mazandaran
Qaemshahr,399,124208,123809,Mazandaran
Mahmudabad,8016,124367,116351,Mazandaran
Park Jangali,6128,49792,43664,Mazandaran
Babolsar,-37525,60305,97830,Mazandaran
Fereydunkenar,9597,87081,77484,Mazandaran
Kiyakala,-5853,0,5853,Mazandaran
Gatab,-819,19841,20660,Mazandaran
Juybar,-2284,9806,12090,Mazandaran
Sari,1578,160710,159132,Mazandaran
Shirgah,12433,60120,47687,Mazandaran
Nur,-19310,60507,79817,Mazandaran
Se-rah-e Sangchal,-902,20414,21316,Mazandaran
Imamzadeh Hashem Tehran,2156,22847,20691,Mazandaran
Polur,353,42123,41770,Mazandaran
Gazanak,816,42168,41352,Mazandaran
Behnamir,1003,15242,14239,Mazandaran
Dabudsht,-1655,6475,8130,Mazandaran
Bandar-e Amirabad,0,0,0,Mazandaran
Neka,-493,74994,75487,Mazandaran
Zagheh Marz,0,0,0,Mazandaran
Abbasabad,-4640,73871,78511,Mazandaran
Chalus,438,145343,144905,Mazandaran
Kalardasht,4819,5022,203,Mazandaran
Khazarabad,1809,30712,28903,Mazandaran
Shakta,-3526,10718,14244,Mazandaran
Kiasar,-1523,17585,19108,Mazandaran
Doab,-3574,20500,24074,Mazandaran
Marzanabad,6296,57621,51325,Mazandaran
Makarud,6245,20835,14590,Mazandaran
Nowshahr,-4293,78938,83231,Mazandaran
Kalarabad,-160,38859,39019,Mazandaran
Semnan,-976,3234,4210,Mazandaran
Garmab,931,5616,4685,Mazandaran
Se-rah-e Baladeh,1296,45689,44393,Mazandaran
Shahzeyd,-5252,20257,25509,Mazandaran
Panjab,631,44056,43425,Mazandaran
Siah Bisheh,-5871,23981,29852,Mazandaran
Hazarcham,-6344,13627,19971,Mazandaran
Kandovan,12215,16225,4010,Mazandaran
Sisangan,15984,74260,58276,Mazandaran
Pol-e Sefid,-4148,49965,54113,Mazandaran
Garzin Kheil,1860,47258,45398,Mazandaran
Veresk,-1149,45596,46745,Mazandaran
Gaduk,4275,25009,20734,Mazandaran
