City,Net,Input,Output,Province
Astara,-1393,23756,25149,Gilan
Aq Chay,2513,12155,9642,Gilan
Talesh,-1120,12994,14114,Gilan
Asalem,-261,23059,23320,Gilan
Astaneh,-15049,83965,99014,Gilan
Lahijan,9235,111841,102606,Gilan
Kuchesfahan,6264,85271,79007,Gilan
Kiashahr,-11232,11434,22666,Gilan
Siahkal,-14340,26086,40426,Gilan
Langarud,6145,93420,87275,Gilan
Rasht,-32299,118854,151153,Gilan
Sangar,11009,29577,18568,Gilan
Hasanrud,10693,10693,0,Gilan
Khalkhal,-153,2995,3148,Gilan
Punel,-494,32046,32540,Gilan
Ziabar,2500,25654,23154,Gilan
Imamzadeh Hashem,-12860,207982,220842,Gilan
Rostamabad,-2662,156434,159096,Gilan
Saravan,14337,196376,182039,Gilan
Shaqaji,0,0,0,Gilan
Rudbar,-6233,111606,117839,Gilan
Fuman,32578,60084,27506,Gilan
Amlash,1223,15424,14201,Gilan
Rudsar,-4058,88903,92961,Gilan
Kalan Kalaye,4,5913,5909,Gilan
Kalachay,-3963,65243,69206,Gilan
Anzali,-7,51851,51858,Gilan
Khomam,445,75238,74793,Gilan
Rezvanshahr,1633,15545,13912,Gilan
Pirbazar,173,27404,27231,Gilan
Bazar Jomeh,0,0,0,Gilan
Someh Sara,0,0,0,Gilan
Masouleh,0,0,0,Gilan
Jirdeh,0,0,0,Gilan
Lakan,-251,5628,5879,Gilan
Deylaman,8,2950,2942,Gilan
Ramsar,12284,89588,77304,Gilan
Chaboksar,10314,90451,80137,Gilan
Tonekabon,-18033,52354,70387,Mazandaran
Manjil,4574,40579,36005,Gilan
Lowshan,35397,72748,37351,Gilan
Gilvan,333,2493,2160,Gilan
Ghazvin,-68509,1941,70450,Gilan
Gilan Border,33150,33150,0,Gilan
Azadshahr,1429,68031,66602,Golestan
Khosh Yeylagh,2078,4902,2824,Golestan
Aliabad,-10070,173377,183447,Golestan
Minudasht,-1835,44201,46036,Golestan
Gonbad,-650,49084,49734,Golestan
Shahroud,-2082,3782,5864,Golestan
Gorgan,13674,182398,168724,Golestan
Galikesh,-598,17465,18063,Golestan
Aq Qala,-1389,38482,39871,Golestan
Incheh Borun,187,8813,8626,Golestan
Se-rah-e Kalaleh,2033,21620,19587,Golestan
Bandar Torkaman,6960,29775,22815,Golestan
Marzpol,2,17,15,Golestan
Se-rah-e Yasaqi,-1163,4152,5315,Golestan
Kordkuy,-1412,9337,10749,Mazandaran
Gomishan,-4394,6549,10943,Golestan
Galugah,-2120,24210,26330,Mazandaran
Tangrah,-292,27478,27770,Golestan
Golestan Forest,-2478,11138,13616,Golestan
Kalaleh,-3041,0,3041,Golestan
Maraveh Tappeh,3041,3041,0,Golestan
Behshahr,1124,57083,55959,Mazandaran
Amol,-11440,152339,163779,Mazandaran
Babol,26870,176920,150050,Mazandaran
Qaemshahr,-91,109339,109430,Mazandaran
Mahmudabad,8584,123367,114783,Mazandaran
Park Jangali,2941,54023,51082,Mazandaran
Babolsar,-37258,57625,94883,Mazandaran
Fereydunkenar,11569,86821,75252,Mazandaran
Kiyakala,-5044,0,5044,Mazandaran
Gatab,-121,19104,19225,Mazandaran
Juybar,-1411,8395,9806,Mazandaran
Sari,-1458,147333,148791,Mazandaran
Shirgah,11506,49106,37600,Mazandaran
Nur,-18894,59107,78001,Mazandaran
Se-rah-e Sangchal,638,26324,25686,Mazandaran
Imamzadeh Hashem Tehran,-1421,16607,18028,Mazandaran
Polur,988,36244,35256,Mazandaran
Gazanak,-179,37042,37221,Mazandaran
Behnamir,1034,15088,14054,Mazandaran
Dabudsht,-1952,5946,7898,Mazandaran
Bandar-e Amirabad,0,0,0,Mazandaran
Neka,-59,69360,69419,Mazandaran
Zagheh Marz,0,0,0,Mazandaran
Abbasabad,-185,77347,77532,Mazandaran
Chalus,-15900,122015,137915,Mazandaran
Kalardasht,430,5050,4620,Mazandaran
Khazarabad,2105,29652,27547,Mazandaran
Shakta,-2246,12271,14517,Mazandaran
Kiasar,-255,18474,18729,Mazandaran
Doab,-3895,26551,30446,Mazandaran
Marzanabad,4187,62418,58231,Mazandaran
Makarud,-1122,17877,18999,Mazandaran
Nowshahr,5701,72379,66678,Mazandaran
Kalarabad,10084,40886,30802,Mazandaran
Semnan,-845,3159,4004,Mazandaran
Garmab,424,5510,5086,Mazandaran
Se-rah-e Baladeh,1982,40117,38135,Mazandaran
Shahzeyd,-2909,24878,27787,Mazandaran
Panjab,39,37324,37285,Mazandaran
Siah Bisheh,-14501,20218,34719,Mazandaran
Hazarcham,1288,19027,17739,Mazandaran
Kandovan,13213,15692,2479,Mazandaran
Sisangan,18225,72352,54127,Mazandaran
Pol-e Sefid,-2587,38705,41292,Mazandaran
Garzin Kheil,721,34723,34002,Mazandaran
Veresk,-742,33388,34130,Mazandaran
Gaduk,1087,17378,16291,Mazandaran
