City,Net,Input,Output,Province
Astara,-4565,16698,21263,Gilan
Aq Chay,2499,9724,7225,Gilan
Talesh,2066,11539,9473,Gilan
Asalem,-5924,16107,22031,Gilan
Astaneh,-2492,75375,77867,Gilan
Lahijan,-2486,94988,97474,Gilan
Kuchesfahan,9647,74209,64562,Gilan
Kiashahr,-8580,8103,16683,Gilan
Siahkal,-972,25618,26590,Gilan
Langarud,-5443,63124,68567,Gilan
Rasht,6670,120154,113484,Gilan
Sangar,2761,20802,18041,Gilan
Hasanrud,7715,7715,0,Gilan
Khalkhal,-1095,2027,3122,Gilan
Punel,-3432,26892,30324,Gilan
Ziabar,7612,26425,18813,Gilan
Imamzadeh Hashem,46384,234194,187810,Gilan
Rostamabad,-6530,135954,142484,Gilan
Saravan,-106970,127122,234092,Gilan
Shaqaji,0,0,0,Gilan
Rudbar,78736,128169,49433,Gilan
Fuman,-8019,51745,59764,Gilan
Amlash,-297,9464,9761,Gilan
Rudsar,-2675,51800,54475,Gilan
Kalan Kalaye,-27,3308,3335,Gilan
Kalachay,1491,40432,38941,Gilan
Anzali,-4645,37627,42272,Gilan
Khomam,-1811,67475,69286,Gilan
Rezvanshahr,-594,8813,9407,Gilan
Pirbazar,1638,28134,26496,Gilan
Bazar Jomeh,2950,14892,11942,Gilan
Someh Sara,0,0,0,Gilan
Masouleh,631,2912,2281,Gilan
Jirdeh,0,0,0,Gilan
Lakan,-1155,8168,9323,Gilan
Deylaman,-1061,1231,2292,Gilan
Ramsar,12531,57733,45202,Gilan
Chaboksar,-4523,48602,53125,Gilan
Tonekabon,-16517,34922,51439,Mazandaran
Manjil,1274,22052,20778,Gilan
Lowshan,-36768,24331,61099,Gilan
Gilvan,-2040,1648,3688,Gilan
Ghazvin,-14924,5768,20692,Gilan
Gilan Border,53094,53094,0,Gilan
Azadshahr,103,50759,50656,Golestan
Khosh Yeylagh,1229,5018,3789,Golestan
Aliabad,-16686,133706,150392,Golestan
Minudasht,-3917,33973,37890,Golestan
Gonbad,1877,45756,43879,Golestan
Shahroud,805,5154,4349,Golestan
Gorgan,18895,160242,141347,Golestan
Galikesh,-460,14933,15393,Golestan
Aq Qala,-722,36278,37000,Golestan
Incheh Borun,-246,3968,4214,Golestan
Se-rah-e Kalaleh,-1784,12172,13956,Golestan
Bandar Torkaman,1450,17393,15943,Golestan
Marzpol,0,0,0,Golestan
Se-rah-e Yasaqi,-307,3280,3587,Golestan
Kordkuy,-1257,7374,8631,Mazandaran
Gomishan,-622,4654,5276,Golestan
Galugah,-6107,17909,24016,Mazandaran
Tangrah,-272,15762,16034,Golestan
Golestan Forest,1914,7883,5969,Golestan
Kalaleh,-2579,0,2579,Golestan
Maraveh Tappeh,2579,2579,0,Golestan
Behshahr,25,46265,46240,Mazandaran
Amol,-30800,99152,129952,Mazandaran
Babol,41680,158590,116910,Mazandaran
Qaemshahr,-1657,99369,101026,Mazandaran
Mahmudabad,4751,75388,70637,Mazandaran
Park Jangali,3042,36870,33828,Mazandaran
Babolsar,-38112,39528,77640,Mazandaran
Fereydunkenar,9250,55250,46000,Mazandaran
Kiyakala,-5179,0,5179,Mazandaran
Gatab,-944,15586,16530,Mazandaran
Juybar,-2078,9242,11320,Mazandaran
Sari,3894,139056,135162,Mazandaran
Shirgah,3739,43670,39931,Mazandaran
Nur,12619,50221,37602,Mazandaran
Se-rah-e Sangchal,-3739,30696,34435,Mazandaran
Imamzadeh Hashem Tehran,19493,25347,5854,Mazandaran
Polur,-1476,30034,31510,Mazandaran
Gazanak,-567,29769,30336,Mazandaran
Behnamir,1419,11367,9948,Mazandaran
Dabudsht,-2672,3221,5893,Mazandaran
Bandar-e Amirabad,0,0,0,Mazandaran
Neka,-992,59377,60369,Mazandaran
Zagheh Marz,0,0,0,Mazandaran
Abbasabad,-3568,53242,56810,Mazandaran
Chalus,9846,106423,96577,Mazandaran
Kalardasht,2000,2237,237,Mazandaran
Khazarabad,133,28644,28511,Mazandaran
Shakta,-4845,7921,12766,Mazandaran
Kiasar,-1085,11268,12353,Mazandaran
Doab,-17652,13006,30658,Mazandaran
Marzanabad,16411,54639,38228,Mazandaran
Makarud,18664,23131,4467,Mazandaran
Nowshahr,-6516,45176,51692,Mazandaran
Kalarabad,-10734,20850,31584,Mazandaran
Semnan,506,2100,1594,Mazandaran
Garmab,555,3879,3324,Mazandaran
Se-rah-e Baladeh,1313,33458,32145,Mazandaran
Shahzeyd,-1715,33000,34715,Mazandaran
Panjab,305,30729,30424,Mazandaran
Siah Bisheh,-3129,22354,25483,Mazandaran
Hazarcham,-17578,4737,22315,Mazandaran
Kandovan,20707,20746,39,Mazandaran
Sisangan,-20938,30955,51893,Mazandaran
Pol-e Sefid,-3250,37027,40277,Mazandaran
Garzin Kheil,539,33571,33032,Mazandaran
Veresk,-472,32768,33240,Mazandaran
Gaduk,20760,26923,6163,Mazandaran
