City,Net,Input,Output,Province
Astara,21,17081,17060,Gilan
Aq Chay,-69,6500,6569,Gilan
Talesh,48,10560,10512,Gilan
Asalem,1456,17431,15975,Gilan
Astaneh,2190,82033,79843,Gilan
Lahijan,488,99611,99123,Gilan
Kuchesfahan,-1410,67559,68969,Gilan
Kiashahr,-5806,11944,17750,Gilan
Siahkal,-8949,22286,31235,Gilan
Langarud,4451,75235,70784,Gilan
Rasht,-34024,118104,152128,Gilan
Sangar,3970,21066,17096,Gilan
Hasanrud,6413,6413,0,Gilan
Khalkhal,65,1570,1505,Gilan
Punel,28,24640,24612,Gilan
Ziabar,-915,20519,21434,Gilan
Imamzadeh Hashem,-31914,189416,221330,Gilan
Rostamabad,-1470,128740,130210,Gilan
Saravan,57066,210439,153373,Gilan
Shaqaji,0,0,0,Gilan
Rudbar,-24040,81891,105931,Gilan
Fuman,44233,60003,15770,Gilan
Amlash,1547,11555,10008,Gilan
Rudsar,-4355,65573,69928,Gilan
Kalan Kalaye,-14,3824,3838,Gilan
Kalachay,3863,49343,45480,Gilan
Anzali,2038,36496,34458,Gilan
Khomam,1111,66718,65607,Gilan
Rezvanshahr,79,8132,8053,Gilan
Pirbazar,1221,29118,27897,Gilan
Bazar Jomeh,0,0,0,Gilan
Someh Sara,0,0,0,Gilan
Masouleh,0,0,0,Gilan
Jirdeh,0,0,0,Gilan
Lakan,-670,8700,9370,Gilan
Deylaman,330,1302,972,Gilan
Ramsar,9147,64811,55664,Gilan
Chaboksar,6716,61281,54565,Gilan
Tonekabon,-12887,33792,46679,Mazandaran
Manjil,-17217,28031,45248,Gilan
Lowshan,54446,76599,22153,Gilan
Gilvan,257,2210,1953,Gilan
Ghazvin,-68976,3490,72466,Gilan
Gilan Border,14294,14294,0,Gilan
Azadshahr,1104,52340,51236,Golestan
Khosh Yeylagh,398,5032,4634,Golestan
Aliabad,2475,91311,88836,Golestan
Minudasht,-2376,34441,36817,Golestan
Gonbad,3634,50768,47134,Golestan
Shahroud,-1869,2847,4716,Golestan
Gorgan,-3563,97357,100920,Golestan
Galikesh,939,15266,14327,Golestan
Aq Qala,-504,42056,42560,Golestan
Incheh Borun,207,6057,5850,Golestan
Se-rah-e Kalaleh,-529,11484,12013,Golestan
Bandar Torkaman,1617,21822,20205,Golestan
Marzpol,-14,1200,1214,Golestan
Se-rah-e Yasaqi,-366,3568,3934,Golestan
Kordkuy,445,24770,24325,Mazandaran
Gomishan,-451,6237,6688,Golestan
Galugah,3064,34596,31532,Mazandaran
Tangrah,159,11618,11459,Golestan
Golestan Forest,316,4589,4273,Golestan
Kalaleh,-2397,0,2397,Golestan
Maraveh Tappeh,2397,2397,0,Golestan
Behshahr,2557,45809,43252,Mazandaran
Amol,-31955,112519,144474,Mazandaran
Babol,48448,181048,132600,Mazandaran
Qaemshahr,26353,110335,83982,Mazandaran
Mahmudabad,7151,80637,73486,Mazandaran
Park Jangali,2656,38816,36160,Mazandaran
Babolsar,-26332,52453,78785,Mazandaran
Fereydunkenar,7729,60557,52828,Mazandaran
Kiyakala,-5884,0,5884,Mazandaran
Gatab,740,20159,19419,Mazandaran
Juybar,-68,24053,24121,Mazandaran
Sari,-29751,125663,155414,Mazandaran
Shirgah,12559,47236,34677,Mazandaran
Nur,-8707,38381,47088,Mazandaran
Se-rah-e Sangchal,-1462,30968,32430,Mazandaran
Imamzadeh Hashem Tehran,-6524,11490,18014,Mazandaran
Polur,-4,28973,28977,Mazandaran
Gazanak,-514,28474,28988,Mazandaran
Behnamir,842,12689,11847,Mazandaran
Dabudsht,-1525,6251,7776,Mazandaran
Bandar-e Amirabad,0,0,0,Mazandaran
Neka,518,63628,63110,Mazandaran
Zagheh Marz,0,0,0,Mazandaran
Abbasabad,2901,51297,48396,Mazandaran
Chalus,-628,101166,101794,Mazandaran
Kalardasht,-554,1723,2277,Mazandaran
Khazarabad,2609,27445,24836,Mazandaran
Shakta,-403,8233,8636,Mazandaran
Kiasar,170,8371,8201,Mazandaran
Doab,9502,23676,14174,Mazandaran
Marzanabad,-7643,35488,43131,Mazandaran
Makarud,-15899,2531,18430,Mazandaran
Nowshahr,-1397,51879,53276,Mazandaran
Kalarabad,6392,28485,22093,Mazandaran
Semnan,-708,1065,1773,Mazandaran
Garmab,118,2560,2442,Mazandaran
Se-rah-e Baladeh,1125,31504,30379,Mazandaran
Shahzeyd,-305,32831,33136,Mazandaran
Panjab,-517,28665,29182,Mazandaran
Siah Bisheh,-17666,2234,19900,Mazandaran
Hazarcham,15402,17538,2136,Mazandaran
Kandovan,2264,2362,98,Mazandaran
Sisangan,13227,46111,32884,Mazandaran
Pol-e Sefid,-2974,35243,38217,Mazandaran
Garzin Kheil,852,31337,30485,Mazandaran
Veresk,-947,29794,30741,Mazandaran
Gaduk,-9196,10212,19408,Mazandaran
