City,Net,Input,Output,Province
Astara,-1522,20599,22121,Gilan
Aq Chay,1301,9224,7923,Gilan
Talesh,221,12897,12676,Gilan
Asalem,-225,22315,22540,Gilan
Astaneh,-48771,40782,89553,Gilan
Lahijan,46611,110113,63502,Gilan
Kuchesfahan,-640,78641,79281,Gilan
Kiashahr,-10785,11495,22280,Gilan
Siahkal,-10445,28702,39147,Gilan
Langarud,3437,90047,86610,Gilan
Rasht,-23892,121325,145217,Gilan
Sangar,7769,30442,22673,Gilan
Hasanrud,10865,10865,0,Gilan
Khalkhal,7,3479,3472,Gilan
Punel,345,30222,29877,Gilan
Ziabar,1389,23714,22325,Gilan
Imamzadeh Hashem,13804,219180,205376,Gilan
Rostamabad,-5512,152176,157688,Gilan
Saravan,9177,181726,172549,Gilan
Shaqaji,0,0,0,Gilan
Rudbar,-23427,95728,119155,Gilan
Fuman,35481,55881,20400,Gilan
Amlash,1045,14327,13282,Gilan
Rudsar,-4227,83346,87573,Gilan
Kalan Kalaye,-88,5335,5423,Gilan
Kalachay,6227,68186,61959,Gilan
Anzali,-136,50702,50838,Gilan
Khomam,2491,77951,75460,Gilan
Rezvanshahr,159,13919,13760,Gilan
Pirbazar,-245,25514,25759,Gilan
Bazar Jomeh,0,0,0,Gilan
Someh Sara,0,0,0,Gilan
Masouleh,0,0,0,Gilan
Jirdeh,0,0,0,Gilan
Lakan,-477,5006,5483,Gilan
Deylaman,-20,2582,2602,Gilan
Ramsar,16749,96497,79748,Gilan
Chaboksar,136,90706,90570,Gilan
Tonekabon,-16184,49652,65836,Mazandaran
Manjil,-7608,34218,41826,Gilan
Lowshan,52756,82895,30139,Gilan
Gilvan,199,1987,1788,Gilan
Ghazvin,-79069,1919,80988,Gilan
Gilan Border,25787,25787,0,Gilan
Azadshahr,687,63578,62891,Golestan
Khosh Yeylagh,2200,4950,2750,Golestan
Aliabad,-16772,158013,174785,Golestan
Minudasht,-5622,40969,46591,Golestan
Gonbad,3097,48310,45213,Golestan
Shahroud,-2557,2770,5327,Golestan
Gorgan,22514,173331,150817,Golestan
Galikesh,-1138,16495,17633,Golestan
Aq Qala,-1227,33962,35189,Golestan
Incheh Borun,190,9154,8964,Golestan
Se-rah-e Kalaleh,3511,20869,17358,Golestan
Bandar Torkaman,2641,24334,21693,Golestan
Marzpol,70,1939,1869,Golestan
Se-rah-e Yasaqi,-716,4167,4883,Golestan
Kordkuy,-3424,18497,21921,Mazandaran
Gomishan,-670,6565,7235,Golestan
Galugah,-1669,35964,37633,Mazandaran
Tangrah,-221,25857,26078,Golestan
Golestan Forest,-4371,9548,13919,Golestan
Kalaleh,-2600,0,2600,Golestan
Maraveh Tappeh,2600,2600,0,Golestan
Behshahr,1875,55009,53134,Mazandaran
Amol,532,143029,142497,Mazandaran
Babol,23944,165698,141754,Mazandaran
Qaemshahr,-1960,101197,103157,Mazandaran
Mahmudabad,8700,114546,105846,Mazandaran
Park Jangali,1286,41909,40623,Mazandaran
Babolsar,-35793,52002,87795,Mazandaran
Fereydunkenar,12537,80772,68235,Mazandaran
Kiyakala,-4691,0,4691,Mazandaran
Gatab,-1024,17288,18312,Mazandaran
Juybar,-158,8170,8328,Mazandaran
Sari,1262,134579,133317,Mazandaran
Shirgah,14511,49368,34857,Mazandaran
Nur,-14481,56580,71061,Mazandaran
Se-rah-e Sangchal,-1027,35113,36140,Mazandaran
Imamzadeh Hashem Tehran,-4143,15258,19401,Mazandaran
Polur,-4015,32632,36647,Mazandaran
Gazanak,-190,34587,34777,Mazandaran
Behnamir,74,13150,13076,Mazandaran
Dabudsht,-1133,6115,7248,Mazandaran
Bandar-e Amirabad,0,0,0,Mazandaran
Neka,448,63119,62671,Mazandaran
Zagheh Marz,0,0,0,Mazandaran
Abbasabad,2953,72446,69493,Mazandaran
Chalus,-8663,119523,128186,Mazandaran
Kalardasht,-959,4076,5035,Mazandaran
Khazarabad,2547,26886,24339,Mazandaran
Shakta,-3371,9579,12950,Mazandaran
Kiasar,-2322,15639,17961,Mazandaran
Doab,1094,19149,18055,Mazandaran
Marzanabad,-719,47780,48499,Mazandaran
Makarud,-8265,12549,20814,Mazandaran
Nowshahr,4222,66613,62391,Mazandaran
Kalarabad,6025,39822,33797,Mazandaran
Semnan,-1502,2537,4039,Mazandaran
Garmab,1378,5482,4104,Mazandaran
Se-rah-e Baladeh,565,36205,35640,Mazandaran
Shahzeyd,-464,36716,37180,Mazandaran
Panjab,257,34756,34499,Mazandaran
Siah Bisheh,-17583,14599,32182,Mazandaran
Hazarcham,6541,19914,13373,Mazandaran
Kandovan,11042,12268,1226,Mazandaran
Sisangan,20580,68257,47677,Mazandaran
Pol-e Sefid,-3460,38894,42354,Mazandaran
Garzin Kheil,1506,36466,34960,Mazandaran
Veresk,-1932,34018,35950,Mazandaran
Gaduk,-5230,14434,19664,Mazandaran
