City,Net,Input,Output,Province
Astara,-1037,27106,28143,Gilan
Aq Chay,1885,13963,12078,Gilan
Talesh,-848,14180,15028,Gilan
Asalem,363,24871,24508,Gilan
Astaneh,-10224,92589,102813,Gilan
Lahijan,-2252,122430,124682,Gilan
Kuchesfahan,13286,89745,76459,Gilan
Kiashahr,-11648,11893,23541,Gilan
Siahkal,215,34723,34508,Gilan
Langarud,908,95743,94835,Gilan
Rasht,-34377,139100,173477,Gilan
Sangar,-2324,23976,26300,Gilan
Hasanrud,11759,11759,0,Gilan
Khalkhal,-218,2939,3157,Gilan
Punel,-1084,35189,36273,Gilan
Ziabar,3708,31198,27490,Gilan
Imamzadeh Hashem,-368,265644,266012,Gilan
Rostamabad,-776,176736,177512,Gilan
Saravan,6359,236001,229642,Gilan
Shaqaji,0,0,0,Gilan
Rudbar,-9328,87155,96483,Gilan
Fuman,37159,67347,30188,Gilan
Amlash,1119,14133,13014,Gilan
Rudsar,-3086,81162,84248,Gilan
Kalan Kalaye,168,5236,5068,Gilan
Kalachay,198,57356,57158,Gilan
Anzali,1130,58157,57027,Gilan
Khomam,-296,87516,87812,Gilan
Rezvanshahr,1286,16164,14878,Gilan
Pirbazar,-805,31865,32670,Gilan
Bazar Jomeh,0,0,0,Gilan
Someh Sara,0,0,0,Gilan
Masouleh,0,0,0,Gilan
Jirdeh,0,0,0,Gilan
Lakan,-838,8454,9292,Gilan
Deylaman,100,3386,3286,Gilan
Ramsar,19099,92696,73597,Gilan
Chaboksar,1762,81823,80061,Gilan
Tonekabon,-18184,51992,70176,Mazandaran
Manjil,-1143,12204,13347,Gilan
Lowshan,39054,79941,40887,Gilan
Gilvan,252,2921,2669,Gilan
Ghazvin,-73810,2784,76594,Gilan
Gilan Border,34629,34629,0,Gilan
Azadshahr,7348,66082,58734,Golestan
Khosh Yeylagh,1767,4426,2659,Golestan
Aliabad,-15690,175216,190906,Golestan
Minudasht,-11590,37300,48890,Golestan
Gonbad,3674,54745,51071,Golestan
Shahroud,-2559,3616,6175,Golestan
Gorgan,20588,195478,174890,Golestan
Galikesh,-982,17259,18241,Golestan
Aq Qala,-1593,41006,42599,Golestan
Incheh Borun,-64,7848,7912,Golestan
Se-rah-e Kalaleh,1729,21109,19380,Golestan
Bandar Torkaman,3235,27494,24259,Golestan
Marzpol,0,0,0,Golestan
Se-rah-e Yasaqi,-859,4733,5592,Golestan
Kordkuy,-2732,19205,21937,Mazandaran
Gomishan,-900,6737,7637,Golestan
Galugah,-3185,35889,39074,Mazandaran
Tangrah,-73,25349,25422,Golestan
Golestan Forest,-2243,9951,12194,Golestan
Kalaleh,-3542,0,3542,Golestan
Maraveh Tappeh,3542,3542,0,Golestan
Behshahr,1189,61427,60238,Mazandaran
Amol,-33390,132031,165421,Mazandaran
Babol,49436,196199,146763,Mazandaran
Qaemshahr,-3002,98927,101929,Mazandaran
Mahmudabad,10923,122401,111478,Mazandaran
Park Jangali,1788,46005,44217,Mazandaran
Babolsar,-39554,60007,99561,Mazandaran
Fereydunkenar,11840,87013,75173,Mazandaran
Kiyakala,-5943,0,5943,Mazandaran
Gatab,296,20357,20061,Mazandaran
Juybar,-2555,10064,12619,Mazandaran
Sari,3889,142165,138276,Mazandaran
Shirgah,13315,53995,40680,Mazandaran
Nur,18528,73882,55354,Mazandaran
Se-rah-e Sangchal,-2206,42306,44512,Mazandaran
Imamzadeh Hashem Tehran,1403,21024,19621,Mazandaran
Polur,-94,39907,40001,Mazandaran
Gazanak,-122,39787,39909,Mazandaran
Behnamir,766,15319,14553,Mazandaran
Dabudsht,-3157,5211,8368,Mazandaran
Bandar-e Amirabad,0,0,0,Mazandaran
Neka,168,73378,73210,Mazandaran
Zagheh Marz,0,0,0,Mazandaran
Abbasabad,-4405,73396,77801,Mazandaran
Chalus,1034,146780,145746,Mazandaran
Kalardasht,4926,5215,289,Mazandaran
Khazarabad,2601,32806,30205,Mazandaran
Shakta,-3088,11537,14625,Mazandaran
Kiasar,-1033,16402,17435,Mazandaran
Doab,-2338,27698,30036,Mazandaran
Marzanabad,2325,68655,66330,Mazandaran
Makarud,-571,22261,22832,Mazandaran
Nowshahr,-2818,76394,79212,Mazandaran
Kalarabad,3313,41559,38246,Mazandaran
Semnan,-1113,2745,3858,Mazandaran
Garmab,712,5226,4514,Mazandaran
Se-rah-e Baladeh,9726,38559,28833,Mazandaran
Shahzeyd,-580,38975,39555,Mazandaran
Panjab,-8651,32530,41181,Mazandaran
Siah Bisheh,-14177,23555,37732,Mazandaran
Hazarcham,-653,18843,19496,Mazandaran
Kandovan,14830,18889,4059,Mazandaran
Sisangan,-17895,51292,69187,Mazandaran
Pol-e Sefid,-3261,42239,45500,Mazandaran
Garzin Kheil,1413,37897,36484,Mazandaran
Veresk,-1236,36256,37492,Mazandaran
Gaduk,-243,18160,18403,Mazandaran
