City,Net,Input,Output,Province
Astara,-1497,21706,23203,Gilan
Aq Chay,2997,8888,5891,Gilan
Talesh,-1500,14315,15815,Gilan
Asalem,509,25446,24937,Gilan
Astaneh,-26494,64931,91425,Gilan
Lahijan,-2114,121131,123245,Gilan
Kuchesfahan,31496,84093,52597,Gilan
Kiashahr,-11389,10270,21659,Gilan
Siahkal,-14291,27455,41746,Gilan
Langarud,2869,97220,94351,Gilan
Rasht,-32318,137594,169912,Gilan
Sangar,9725,31299,21574,Gilan
Hasanrud,11360,11360,0,Gilan
Khalkhal,-89,2959,3048,Gilan
Punel,-391,35581,35972,Gilan
Ziabar,1592,28015,26423,Gilan
Imamzadeh Hashem,-16416,271054,287470,Gilan
Rostamabad,-1720,188996,190716,Gilan
Saravan,20406,254424,234018,Gilan
Shaqaji,0,0,0,Gilan
Rudbar,-21838,120950,142788,Gilan
Fuman,40780,68906,28126,Gilan
Amlash,1126,13953,12827,Gilan
Rudsar,-3784,84337,88121,Gilan
Kalan Kalaye,-44,5140,5184,Gilan
Kalachay,126,63325,63199,Gilan
Anzali,599,55492,54893,Gilan
Khomam,-257,83628,83885,Gilan
Rezvanshahr,1720,15406,13686,Gilan
Pirbazar,46,30427,30381,Gilan
Bazar Jomeh,0,0,0,Gilan
Someh Sara,0,0,0,Gilan
Masouleh,0,0,0,Gilan
Jirdeh,0,0,0,Gilan
Lakan,-654,8218,8872,Gilan
Deylaman,150,2987,2837,Gilan
Ramsar,16433,91116,74683,Gilan
Chaboksar,4305,86041,81736,Gilan
Tonekabon,-19180,54348,73528,Mazandaran
Manjil,8273,46630,38357,Gilan
Lowshan,45743,89497,43754,Gilan
Gilvan,416,3060,2644,Gilan
Ghazvin,-83023,2933,85956,Gilan
Gilan Border,37095,37095,0,Gilan
Azadshahr,656,67614,66958,Golestan
Khosh Yeylagh,1945,4731,2786,Golestan
Aliabad,-14378,177485,191863,Golestan
Minudasht,-5234,44634,49868,Golestan
Gonbad,4246,55921,51675,Golestan
Shahroud,-2604,3655,6259,Golestan
Gorgan,19526,196507,176981,Golestan
Galikesh,-1442,17383,18825,Golestan
Aq Qala,-1224,41911,43135,Golestan
Incheh Borun,45,8076,8031,Golestan
Se-rah-e Kalaleh,1775,22264,20489,Golestan
Bandar Torkaman,8977,32240,23263,Golestan
Marzpol,0,0,0,Golestan
Se-rah-e Yasaqi,-899,4634,5533,Golestan
Kordkuy,-7080,50874,57954,Mazandaran
Gomishan,-6640,6877,13517,Golestan
Galugah,2727,67998,65271,Mazandaran
Tangrah,58,27173,27115,Golestan
Golestan Forest,-2915,10479,13394,Golestan
Kalaleh,-3545,0,3545,Golestan
Maraveh Tappeh,3545,3545,0,Golestan
Behshahr,498,56212,55714,Mazandaran
Amol,-7766,158707,166473,Mazandaran
Babol,29641,197183,167542,Mazandaran
Qaemshahr,-4111,92201,96312,Mazandaran
Mahmudabad,7754,124968,117214,Mazandaran
Park Jangali,374,46983,46609,Mazandaran
Babolsar,-40380,59444,99824,Mazandaran
Fereydunkenar,8554,83468,74914,Mazandaran
Kiyakala,-6023,0,6023,Mazandaran
Gatab,-151,20056,20207,Mazandaran
Juybar,-2057,10021,12078,Mazandaran
Sari,4635,136259,131624,Mazandaran
Shirgah,13318,56257,42939,Mazandaran
Nur,-6107,67037,73144,Mazandaran
Se-rah-e Sangchal,-2368,36333,38701,Mazandaran
Imamzadeh Hashem Tehran,600,22746,22146,Mazandaran
Polur,-713,44583,45296,Mazandaran
Gazanak,-598,45040,45638,Mazandaran
Behnamir,723,15274,14551,Mazandaran
Dabudsht,-347,5321,5668,Mazandaran
Bandar-e Amirabad,0,0,0,Mazandaran
Neka,-47,74535,74582,Mazandaran
Zagheh Marz,0,0,0,Mazandaran
Abbasabad,-4112,75681,79793,Mazandaran
Chalus,684,145862,145178,Mazandaran
Kalardasht,4504,4823,319,Mazandaran
Khazarabad,2188,32334,30146,Mazandaran
Shakta,-2834,12214,15048,Mazandaran
Kiasar,-1112,17103,18215,Mazandaran
Doab,-5012,25025,30037,Mazandaran
Marzanabad,8030,68088,60058,Mazandaran
Makarud,-40,21364,21404,Mazandaran
Nowshahr,-2280,78677,80957,Mazandaran
Kalarabad,1863,39578,37715,Mazandaran
Semnan,-1184,2909,4093,Mazandaran
Garmab,694,5372,4678,Mazandaran
Se-rah-e Baladeh,1964,48618,46654,Mazandaran
Shahzeyd,516,40062,39546,Mazandaran
Panjab,-443,45828,46271,Mazandaran
Siah Bisheh,-16160,24974,41134,Mazandaran
Hazarcham,175,21549,21374,Mazandaran
Kandovan,15985,19585,3600,Mazandaran
Sisangan,5636,67704,62068,Mazandaran
Pol-e Sefid,-3758,44412,48170,Mazandaran
Garzin Kheil,1790,40834,39044,Mazandaran
Veresk,-1009,39428,40437,Mazandaran
Gaduk,180,19932,19752,Mazandaran
