City,Net,Input,Output,Province
Astara,-1878,26482,28360,Gilan
Aq Chay,2316,13192,10876,Gilan
Talesh,-438,15168,15606,Gilan
Asalem,-656,24400,25056,Gilan
Astaneh,-30382,71286,101668,Gilan
Lahijan,-3822,118910,122732,Gilan
Kuchesfahan,35507,87157,51650,Gilan
Kiashahr,-12176,13056,25232,Gilan
Siahkal,-72,33975,34047,Gilan
Langarud,5592,90744,85152,Gilan
Rasht,-12508,131695,144203,Gilan
Sangar,-3718,23016,26734,Gilan
Hasanrud,12012,12012,0,Gilan
Khalkhal,-270,3285,3555,Gilan
Punel,-843,34130,34973,Gilan
Ziabar,3082,28177,25095,Gilan
Imamzadeh Hashem,-7018,253540,260558,Gilan
Rostamabad,3340,167926,164586,Gilan
Saravan,-24154,200577,224731,Gilan
Shaqaji,0,0,0,Gilan
Rudbar,4982,83709,78727,Gilan
Fuman,34131,62583,28452,Gilan
Amlash,817,13692,12875,Gilan
Rudsar,-3654,77552,81206,Gilan
Kalan Kalaye,-26,5019,5045,Gilan
Kalachay,-3690,60417,64107,Gilan
Anzali,-13,53502,53515,Gilan
Khomam,202,82871,82669,Gilan
Rezvanshahr,1383,15574,14191,Gilan
Pirbazar,104,30264,30160,Gilan
Bazar Jomeh,0,0,0,Gilan
Someh Sara,0,0,0,Gilan
Masouleh,0,0,0,Gilan
Jirdeh,0,0,0,Gilan
Lakan,-531,8300,8831,Gilan
Deylaman,-43,2935,2978,Gilan
Ramsar,16056,91860,75804,Gilan
Chaboksar,8078,88192,80114,Gilan
Tonekabon,-19533,54545,74078,Mazandaran
Manjil,-1089,7429,8518,Gilan
Lowshan,27700,72066,44366,Gilan
Gilvan,399,3053,2654,Gilan
Ghazvin,-65952,2746,68698,Gilan
Gilan Border,38394,38394,0,Gilan
Azadshahr,863,64075,63212,Golestan
Khosh Yeylagh,1856,4351,2495,Golestan
Aliabad,-11110,174963,186073,Golestan
Minudasht,-4828,42992,47820,Golestan
Gonbad,3813,54946,51133,Golestan
Shahroud,-2498,3712,6210,Golestan
Gorgan,15027,191275,176248,Golestan
Galikesh,-862,17139,18001,Golestan
Aq Qala,-1205,41249,42454,Golestan
Incheh Borun,-9,8340,8349,Golestan
Se-rah-e Kalaleh,1331,20257,18926,Golestan
Bandar Torkaman,2971,26139,23168,Golestan
Marzpol,0,0,0,Golestan
Se-rah-e Yasaqi,-789,4728,5517,Golestan
Kordkuy,-1855,9464,11319,Mazandaran
Gomishan,-703,6566,7269,Golestan
Galugah,-3012,21232,24244,Mazandaran
Tangrah,24,24104,24080,Golestan
Golestan Forest,-2026,9379,11405,Golestan
Kalaleh,-3460,0,3460,Golestan
Maraveh Tappeh,3460,3460,0,Golestan
Behshahr,997,55100,54103,Mazandaran
Amol,-35160,127709,162869,Mazandaran
Babol,52470,192343,139873,Mazandaran
Qaemshahr,1518,98748,97230,Mazandaran
Mahmudabad,7496,120484,112988,Mazandaran
Park Jangali,1559,45088,43529,Mazandaran
Babolsar,-38354,59613,97967,Mazandaran
Fereydunkenar,11200,86146,74946,Mazandaran
Kiyakala,-5943,0,5943,Mazandaran
Gatab,-308,19500,19808,Mazandaran
Juybar,-2342,10082,12424,Mazandaran
Sari,-2143,137870,140013,Mazandaran
Shirgah,11456,50627,39171,Mazandaran
Nur,22042,76717,54675,Mazandaran
Se-rah-e Sangchal,-1921,41645,43566,Mazandaran
Imamzadeh Hashem Tehran,4047,22084,18037,Mazandaran
Polur,-358,39885,40243,Mazandaran
Gazanak,-617,39373,39990,Mazandaran
Behnamir,1063,15258,14195,Mazandaran
Dabudsht,-3443,4695,8138,Mazandaran
Bandar-e Amirabad,0,0,0,Mazandaran
Neka,436,72251,71815,Mazandaran
Zagheh Marz,0,0,0,Mazandaran
Abbasabad,-3331,77679,81010,Mazandaran
Chalus,-8498,138892,147390,Mazandaran
Kalardasht,3453,5317,1864,Mazandaran
Khazarabad,2195,32266,30071,Mazandaran
Shakta,-1683,12159,13842,Mazandaran
Kiasar,62,16468,16406,Mazandaran
Doab,-3660,25748,29408,Mazandaran
Marzanabad,4347,65845,61498,Mazandaran
Makarud,3260,22445,19185,Mazandaran
Nowshahr,3818,76182,72364,Mazandaran
Kalarabad,1207,41071,39864,Mazandaran
Semnan,-550,2856,3406,Mazandaran
Garmab,150,4780,4630,Mazandaran
Se-rah-e Baladeh,1543,41871,40328,Mazandaran
Shahzeyd,-1011,41726,42737,Mazandaran
Panjab,912,40485,39573,Mazandaran
Siah Bisheh,-9920,27380,37300,Mazandaran
Hazarcham,-4103,18632,22735,Mazandaran
Kandovan,14023,18668,4645,Mazandaran
Sisangan,-24152,49175,73327,Mazandaran
Pol-e Sefid,-3160,38926,42086,Mazandaran
Garzin Kheil,2194,34871,32677,Mazandaran
Veresk,-1790,32720,34510,Mazandaran
Gaduk,2382,18004,15622,Mazandaran
