City,Net,Input,Output,Province
Astara,-1553,17249,18802,Gilan
Aq Chay,-497,7080,7577,Gilan
Talesh,2050,11722,9672,Gilan
Asalem,-835,19830,20665,Gilan
Astaneh,-38112,39999,78111,Gilan
Lahijan,36588,94607,58019,Gilan
Kuchesfahan,-3958,66452,70410,Gilan
Kiashahr,-9564,9511,19075,Gilan
Siahkal,-5558,27859,33417,Gilan
Langarud,6139,80873,74734,Gilan
Rasht,-22539,101567,124106,Gilan
Sangar,3690,25160,21470,Gilan
Hasanrud,9646,9646,0,Gilan
Khalkhal,-145,3345,3490,Gilan
Punel,1590,27288,25698,Gilan
Ziabar,199,19342,19143,Gilan
Imamzadeh Hashem,6910,204426,197516,Gilan
Rostamabad,-3138,152698,155836,Gilan
Saravan,39116,177443,138327,Gilan
Shaqaji,0,0,0,Gilan
Rudbar,-45231,84483,129714,Gilan
Fuman,35653,48833,13180,Gilan
Amlash,985,12952,11967,Gilan
Rudsar,-2230,77576,79806,Gilan
Kalan Kalaye,49,4422,4373,Gilan
Kalachay,2998,58322,55324,Gilan
Anzali,2593,45029,42436,Gilan
Khomam,1038,64156,63118,Gilan
Rezvanshahr,-954,11133,12087,Gilan
Pirbazar,393,20940,20547,Gilan
Bazar Jomeh,0,0,0,Gilan
Someh Sara,0,0,0,Gilan
Masouleh,0,0,0,Gilan
Jirdeh,0,0,0,Gilan
Lakan,-217,4369,4586,Gilan
Deylaman,151,2345,2194,Gilan
Ramsar,15385,80572,65187,Gilan
Chaboksar,3556,75626,72070,Gilan
Tonekabon,-13528,41302,54830,Mazandaran
Manjil,-12085,31820,43905,Gilan
Lowshan,72859,98379,25520,Gilan
Gilvan,-236,1669,1905,Gilan
Ghazvin,-95322,1430,96752,Gilan
Gilan Border,19801,19801,0,Gilan
Azadshahr,1216,58648,57432,Golestan
Khosh Yeylagh,2033,4402,2369,Golestan
Aliabad,-9730,147685,157415,Golestan
Minudasht,-4999,39480,44479,Golestan
Gonbad,2765,45271,42506,Golestan
Shahroud,-2094,2722,4816,Golestan
Gorgan,14298,155720,141422,Golestan
Galikesh,-1630,15822,17452,Golestan
Aq Qala,-1188,31858,33046,Golestan
Incheh Borun,-37,8168,8205,Golestan
Se-rah-e Kalaleh,4352,20018,15666,Golestan
Bandar Torkaman,2220,22036,19816,Golestan
Marzpol,34,1738,1704,Golestan
Se-rah-e Yasaqi,-685,3273,3958,Golestan
Kordkuy,-1772,10702,12474,Mazandaran
Gomishan,-488,6363,6851,Golestan
Galugah,-611,22568,23179,Mazandaran
Tangrah,-66,24975,25041,Golestan
Golestan Forest,-4749,9055,13804,Golestan
Kalaleh,-2565,0,2565,Golestan
Maraveh Tappeh,2565,2565,0,Golestan
Behshahr,1263,45378,44115,Mazandaran
Amol,-4257,118777,123034,Mazandaran
Babol,26604,149312,122708,Mazandaran
Qaemshahr,-3964,90503,94467,Mazandaran
Mahmudabad,6563,96269,89706,Mazandaran
Park Jangali,1705,37010,35305,Mazandaran
Babolsar,-28716,47568,76284,Mazandaran
Fereydunkenar,8984,67307,58323,Mazandaran
Kiyakala,-4132,0,4132,Mazandaran
Gatab,-463,15930,16393,Mazandaran
Juybar,453,7655,7202,Mazandaran
Sari,1067,121556,120489,Mazandaran
Shirgah,14371,48207,33836,Mazandaran
Nur,-8325,51575,59900,Mazandaran
Se-rah-e Sangchal,-1767,34494,36261,Mazandaran
Imamzadeh Hashem Tehran,-15122,10535,25657,Mazandaran
Polur,5091,36369,31278,Mazandaran
Gazanak,-325,32250,32575,Mazandaran
Behnamir,-402,11276,11678,Mazandaran
Dabudsht,-877,2775,3652,Mazandaran
Bandar-e Amirabad,0,0,0,Mazandaran
Neka,588,56912,56324,Mazandaran
Zagheh Marz,0,0,0,Mazandaran
Abbasabad,2669,62965,60296,Mazandaran
Chalus,-6950,109777,116727,Mazandaran
Kalardasht,-981,3724,4705,Mazandaran
Khazarabad,2346,24059,21713,Mazandaran
Shakta,-2022,9446,11468,Mazandaran
Kiasar,-1028,15723,16751,Mazandaran
Doab,6823,16065,9242,Mazandaran
Marzanabad,-7215,28948,36163,Mazandaran
Makarud,-18891,3076,21967,Mazandaran
Nowshahr,4643,60861,56218,Mazandaran
Kalarabad,10192,38329,28137,Mazandaran
Semnan,-1288,2452,3740,Mazandaran
Garmab,760,5025,4265,Mazandaran
Se-rah-e Baladeh,854,36517,35663,Mazandaran
Shahzeyd,108,36592,36484,Mazandaran
Panjab,-602,33750,34352,Mazandaran
Siah Bisheh,-20917,4587,25504,Mazandaran
Hazarcham,19792,21051,1259,Mazandaran
Kandovan,1125,4453,3328,Mazandaran
Sisangan,17435,61563,44128,Mazandaran
Pol-e Sefid,-2731,38378,41109,Mazandaran
Garzin Kheil,2668,35400,32732,Mazandaran
Veresk,-2455,31998,34453,Mazandaran
Gaduk,-7230,13007,20237,Mazandaran
