City,Net,Input,Output,Province
Astara,-926,17822,18748,Gilan
Aq Chay,423,7633,7210,Gilan
Talesh,503,11115,10612,Gilan
Asalem,1995,18922,16927,Gilan
Astaneh,267,79815,79548,Gilan
Lahijan,2164,103453,101289,Gilan
Kuchesfahan,-4133,58648,62781,Gilan
Kiashahr,-6910,10568,17478,Gilan
Siahkal,-17447,18617,36064,Gilan
Langarud,3539,79052,75513,Gilan
Rasht,-24816,108358,133174,Gilan
Sangar,12463,26412,13949,Gilan
Hasanrud,7155,7155,0,Gilan
Khalkhal,325,1821,1496,Gilan
Punel,178,26257,26079,Gilan
Ziabar,-1221,20921,22142,Gilan
Imamzadeh Hashem,-33196,196336,229532,Gilan
Rostamabad,-5164,136432,141596,Gilan
Saravan,73852,220005,146153,Gilan
Shaqaji,0,0,0,Gilan
Rudbar,-31043,82119,113162,Gilan
Fuman,42338,57802,15464,Gilan
Amlash,1360,12059,10699,Gilan
Rudsar,-824,69795,70619,Gilan
Kalan Kalaye,20,3910,3890,Gilan
Kalachay,3369,50549,47180,Gilan
Anzali,1615,39511,37896,Gilan
Khomam,-633,64110,64743,Gilan
Rezvanshahr,452,9984,9532,Gilan
Pirbazar,687,28379,27692,Gilan
Bazar Jomeh,0,0,0,Gilan
Someh Sara,0,0,0,Gilan
Masouleh,0,0,0,Gilan
Jirdeh,0,0,0,Gilan
Lakan,-884,7151,8035,Gilan
Deylaman,462,1545,1083,Gilan
Ramsar,14129,65391,51262,Gilan
Chaboksar,1139,57840,56701,Gilan
Tonekabon,-12432,37332,49764,Mazandaran
Manjil,-25474,23369,48843,Gilan
Lowshan,69432,87924,18492,Gilan
Gilvan,354,2510,2156,Gilan
Ghazvin,-82619,2239,84858,Gilan
Gilan Border,13110,13110,0,Gilan
Azadshahr,1318,60608,59290,Golestan
Khosh Yeylagh,1440,4624,3184,Golestan
Aliabad,10411,167436,157025,Golestan
Minudasht,-2112,43378,45490,Golestan
Gonbad,4208,56012,51804,Golestan
Shahroud,-2218,2530,4748,Golestan
Gorgan,-13809,162663,176472,Golestan
Galikesh,2144,18675,16531,Golestan
Aq Qala,-622,44364,44986,Golestan
Incheh Borun,-7,6690,6697,Golestan
Se-rah-e Kalaleh,-2681,16073,18754,Golestan
Bandar Torkaman,9405,31545,22140,Golestan
Marzpol,14,1118,1104,Golestan
Se-rah-e Yasaqi,-339,4180,4519,Golestan
Kordkuy,9778,56587,46809,Mazandaran
Gomishan,-7898,6744,14642,Golestan
Galugah,-5351,61384,66735,Mazandaran
Tangrah,251,21025,20774,Golestan
Golestan Forest,2327,10145,7818,Golestan
Kalaleh,-3508,0,3508,Golestan
Maraveh Tappeh,3508,3508,0,Golestan
Behshahr,2186,51584,49398,Mazandaran
Amol,-6413,136251,142664,Mazandaran
Babol,35489,177114,141625,Mazandaran
Qaemshahr,-929,102613,103542,Mazandaran
Mahmudabad,8103,89958,81855,Mazandaran
Park Jangali,378,37858,37480,Mazandaran
Babolsar,-33832,49463,83295,Mazandaran
Fereydunkenar,10128,67764,57636,Mazandaran
Kiyakala,-5587,0,5587,Mazandaran
Gatab,-131,19326,19457,Mazandaran
Juybar,-908,22851,23759,Mazandaran
Sari,-2349,154324,156673,Mazandaran
Shirgah,13970,44231,30261,Mazandaran
Nur,-8383,41859,50242,Mazandaran
Se-rah-e Sangchal,-1680,31326,33006,Mazandaran
Imamzadeh Hashem Tehran,-14119,8288,22407,Mazandaran
Polur,503,31075,30572,Mazandaran
Gazanak,-1,30790,30791,Mazandaran
Behnamir,1130,13118,11988,Mazandaran
Dabudsht,-2954,4647,7601,Mazandaran
Bandar-e Amirabad,0,0,0,Mazandaran
Neka,-88,66402,66490,Mazandaran
Zagheh Marz,0,0,0,Mazandaran
Abbasabad,3345,57904,54559,Mazandaran
Chalus,-824,111053,111877,Mazandaran
Kalardasht,-742,2003,2745,Mazandaran
Khazarabad,2056,28263,26207,Mazandaran
Shakta,-1238,9461,10699,Mazandaran
Kiasar,-461,11671,12132,Mazandaran
Doab,5087,17051,11964,Mazandaran
Marzanabad,-2548,37481,40029,Mazandaran
Makarud,-18050,4539,22589,Mazandaran
Nowshahr,-1786,58403,60189,Mazandaran
Kalarabad,8288,32803,24515,Mazandaran
Semnan,-947,1722,2669,Mazandaran
Garmab,324,3696,3372,Mazandaran
Se-rah-e Baladeh,418,33116,32698,Mazandaran
Shahzeyd,657,33909,33252,Mazandaran
Panjab,-481,30709,31190,Mazandaran
Siah Bisheh,-22607,4633,27240,Mazandaran
Hazarcham,18626,22995,4369,Mazandaran
Kandovan,3981,4245,264,Mazandaran
Sisangan,13972,49532,35560,Mazandaran
Pol-e Sefid,-2545,33095,35640,Mazandaran
Garzin Kheil,808,29200,28392,Mazandaran
Veresk,-969,27899,28868,Mazandaran
Gaduk,-8745,9618,18363,Mazandaran
