City,Net,Input,Output,Province
Astara,-1043,13535,14578,Gilan
Aq Chay,-56,4087,4143,Gilan
Talesh,1099,10491,9392,Gilan
Asalem,10241,13794,3553,Gilan
Astaneh,785,83455,82670,Gilan
Lahijan,1127,93855,92728,Gilan
Kuchesfahan,-192,69843,70035,Gilan
Kiashahr,-7404,14360,21764,Gilan
Siahkal,-4833,21407,26240,Gilan
Langarud,2977,70193,67216,Gilan
Rasht,-22724,115372,138096,Gilan
Sangar,985,17657,16672,Gilan
Hasanrud,7453,7453,0,Gilan
Khalkhal,-131,1147,1278,Gilan
Punel,-10387,11247,21634,Gilan
Ziabar,738,20815,20077,Gilan
Imamzadeh Hashem,-18560,169148,187708,Gilan
Rostamabad,-3522,110226,113748,Gilan
Saravan,36395,179580,143185,Gilan
Shaqaji,0,0,0,Gilan
Rudbar,-10193,77094,87287,Gilan
Fuman,32191,52269,20078,Gilan
Amlash,1294,11100,9806,Gilan
Rudsar,-3813,57668,61481,Gilan
Kalan Kalaye,32,3452,3420,Gilan
Kalachay,-349,39101,39450,Gilan
Anzali,-1766,35637,37403,Gilan
Khomam,552,61584,61032,Gilan
Rezvanshahr,-320,7512,7832,Gilan
Pirbazar,341,27676,27335,Gilan
Bazar Jomeh,0,0,0,Gilan
Someh Sara,0,0,0,Gilan
Masouleh,0,0,0,Gilan
Jirdeh,0,0,0,Gilan
Lakan,-1322,8538,9860,Gilan
Deylaman,23,763,740,Gilan
Ramsar,6710,59709,52999,Gilan
Chaboksar,9377,58844,49467,Gilan
Tonekabon,-11891,34153,46044,Mazandaran
Manjil,-11109,28360,39469,Gilan
Lowshan,34722,57813,23091,Gilan
Gilvan,-60,1850,1910,Gilan
Ghazvin,-49880,3462,53342,Gilan
Gilan Border,15096,15096,0,Gilan
Azadshahr,675,46407,45732,Golestan
Khosh Yeylagh,154,3557,3403,Golestan
Aliabad,-1932,83983,85915,Golestan
Minudasht,-3067,32399,35466,Golestan
Gonbad,3780,48913,45133,Golestan
Shahroud,-839,2989,3828,Golestan
Gorgan,2200,98561,96361,Golestan
Galikesh,676,13854,13178,Golestan
Aq Qala,-596,40175,40771,Golestan
Incheh Borun,61,4985,4924,Golestan
Se-rah-e Kalaleh,-615,10251,10866,Golestan
Bandar Torkaman,1375,20483,19108,Golestan
Marzpol,-26,839,865,Golestan
Se-rah-e Yasaqi,-223,3426,3649,Golestan
Kordkuy,76,25326,25250,Mazandaran
Gomishan,-467,6277,6744,Golestan
Galugah,1184,35221,34037,Mazandaran
Tangrah,77,10424,10347,Golestan
Golestan Forest,295,4171,3876,Golestan
Kalaleh,-2290,0,2290,Golestan
Maraveh Tappeh,2290,2290,0,Golestan
Behshahr,1771,43577,41806,Mazandaran
Amol,-39537,94918,134455,Mazandaran
Babol,48234,179817,131583,Mazandaran
Qaemshahr,38227,114544,76317,Mazandaran
Mahmudabad,5787,76839,71052,Mazandaran
Park Jangali,5819,24894,19075,Mazandaran
Babolsar,-25655,51247,76902,Mazandaran
Fereydunkenar,6598,56746,50148,Mazandaran
Kiyakala,-5516,0,5516,Mazandaran
Gatab,116,18372,18256,Mazandaran
Juybar,-835,23304,24139,Mazandaran
Sari,-37981,110492,148473,Mazandaran
Shirgah,11893,49138,37245,Mazandaran
Nur,-7901,33826,41727,Mazandaran
Se-rah-e Sangchal,-1420,10820,12240,Mazandaran
Imamzadeh Hashem Tehran,-1762,4400,6162,Mazandaran
Polur,1502,11338,9836,Mazandaran
Gazanak,326,11277,10951,Mazandaran
Behnamir,1497,11779,10282,Mazandaran
Dabudsht,-357,6027,6384,Mazandaran
Bandar-e Amirabad,0,0,0,Mazandaran
Neka,864,59710,58846,Mazandaran
Zagheh Marz,0,0,0,Mazandaran
Abbasabad,2532,49996,47464,Mazandaran
Chalus,1843,94991,93148,Mazandaran
Kalardasht,-557,1332,1889,Mazandaran
Khazarabad,210,25919,25709,Mazandaran
Shakta,-1216,6038,7254,Mazandaran
Kiasar,141,6972,6831,Mazandaran
Doab,8851,22322,13471,Mazandaran
Marzanabad,-8502,33275,41777,Mazandaran
Makarud,-13827,2674,16501,Mazandaran
Nowshahr,-1575,49138,50713,Mazandaran
Kalarabad,4691,24839,20148,Mazandaran
Semnan,-403,914,1317,Mazandaran
Garmab,72,2113,2041,Mazandaran
Se-rah-e Baladeh,1027,13944,12917,Mazandaran
Shahzeyd,-1282,9836,11118,Mazandaran
Panjab,88,11421,11333,Mazandaran
Siah Bisheh,-15268,2203,17471,Mazandaran
Hazarcham,12561,14643,2082,Mazandaran
Kandovan,2707,2828,121,Mazandaran
Sisangan,9936,39281,29345,Mazandaran
Pol-e Sefid,-3849,37500,41349,Mazandaran
Garzin Kheil,1449,34771,33322,Mazandaran
Veresk,-1247,33123,34370,Mazandaran
Gaduk,-5423,13642,19065,Mazandaran
