City,Net,Input,Output,Province
Astara,-942,26582,27524,Gilan
Aq Chay,-303,13439,13742,Gilan
Talesh,1245,14085,12840,Gilan
Asalem,-3228,22773,26001,Gilan
Astaneh,-1841,89051,90892,Gilan
Lahijan,-4354,103313,107667,Gilan
Kuchesfahan,14586,86746,72160,Gilan
Kiashahr,-11270,11510,22780,Gilan
Siahkal,-1322,32017,33339,Gilan
Langarud,-4073,73028,77101,Gilan
Rasht,-17518,114266,131784,Gilan
Sangar,1484,25168,23684,Gilan
Hasanrud,10765,10765,0,Gilan
Khalkhal,179,4479,4300,Gilan
Punel,-1573,32323,33896,Gilan
Ziabar,5708,27911,22203,Gilan
Imamzadeh Hashem,46166,270842,224676,Gilan
Rostamabad,4816,164328,159512,Gilan
Saravan,-117830,143964,261794,Gilan
Shaqaji,0,0,0,Gilan
Rudbar,73786,115436,41650,Gilan
Fuman,7346,49312,41966,Gilan
Amlash,370,11961,11591,Gilan
Rudsar,-2753,62950,65703,Gilan
Kalan Kalaye,72,4928,4856,Gilan
Kalachay,-1535,45579,47114,Gilan
Anzali,-3156,49528,52684,Gilan
Khomam,1456,76494,75038,Gilan
Rezvanshahr,1216,14610,13394,Gilan
Pirbazar,952,28075,27123,Gilan
Bazar Jomeh,0,0,0,Gilan
Someh Sara,0,0,0,Gilan
Masouleh,0,0,0,Gilan
Jirdeh,0,0,0,Gilan
Lakan,181,7803,7622,Gilan
Deylaman,311,4386,4075,Gilan
Ramsar,13045,75367,62322,Gilan
Chaboksar,1973,68704,66731,Gilan
Tonekabon,-20589,38954,59543,Mazandaran
Manjil,-1282,4551,5833,Gilan
Lowshan,-23557,38679,62236,Gilan
Gilvan,115,2824,2709,Gilan
Ghazvin,-34393,1277,35670,Gilan
Gilan Border,59117,59117,0,Gilan
Azadshahr,4605,62628,58023,Golestan
Khosh Yeylagh,2970,5600,2630,Golestan
Aliabad,406,167710,167304,Golestan
Minudasht,-1746,41408,43154,Golestan
Gonbad,-2123,48225,50348,Golestan
Shahroud,-1945,6799,8744,Golestan
Gorgan,138,171639,171501,Golestan
Galikesh,-224,16678,16902,Golestan
Aq Qala,-1323,37687,39010,Golestan
Incheh Borun,-392,12931,13323,Golestan
Se-rah-e Kalaleh,-4570,18774,23344,Golestan
Bandar Torkaman,3712,26551,22839,Golestan
Marzpol,0,0,0,Golestan
Se-rah-e Yasaqi,-680,4487,5167,Golestan
Kordkuy,-7161,56055,63216,Mazandaran
Gomishan,-1495,6173,7668,Golestan
Galugah,3735,73365,69630,Mazandaran
Tangrah,3741,27286,23545,Golestan
Golestan Forest,-71,10559,10630,Golestan
Kalaleh,-3116,0,3116,Golestan
Maraveh Tappeh,3116,3116,0,Golestan
Behshahr,247,51778,51531,Mazandaran
Amol,-26804,124642,151446,Mazandaran
Babol,27833,171774,143941,Mazandaran
Qaemshahr,-2571,103441,106012,Mazandaran
Mahmudabad,5894,101871,95977,Mazandaran
Park Jangali,4009,45476,41467,Mazandaran
Babolsar,-39089,51766,90855,Mazandaran
Fereydunkenar,10077,74270,64193,Mazandaran
Kiyakala,-5067,0,5067,Mazandaran
Gatab,1304,20243,18939,Mazandaran
Juybar,-913,8364,9277,Mazandaran
Sari,-13912,138042,151954,Mazandaran
Shirgah,6658,52518,45860,Mazandaran
Nur,21500,72218,50718,Mazandaran
Se-rah-e Sangchal,-770,36579,37349,Mazandaran
Imamzadeh Hashem Tehran,18066,26548,8482,Mazandaran
Polur,-1160,33835,34995,Mazandaran
Gazanak,-272,33532,33804,Mazandaran
Behnamir,1843,14012,12169,Mazandaran
Dabudsht,-3460,4185,7645,Mazandaran
Bandar-e Amirabad,0,0,0,Mazandaran
Neka,504,63512,63008,Mazandaran
Zagheh Marz,0,0,0,Mazandaran
Abbasabad,469,65281,64812,Mazandaran
Chalus,-193,117184,117377,Mazandaran
Kalardasht,-1012,4956,5968,Mazandaran
Khazarabad,1534,28976,27442,Mazandaran
Shakta,2481,18574,16093,Mazandaran
Kiasar,4413,24026,19613,Mazandaran
Doab,-10851,13472,24323,Mazandaran
Marzanabad,11772,53226,41454,Mazandaran
Makarud,22833,28829,5996,Mazandaran
Nowshahr,-2859,55462,58321,Mazandaran
Kalarabad,-10709,27595,38304,Mazandaran
Semnan,-19,4010,4029,Mazandaran
Garmab,-1720,5531,7251,Mazandaran
Se-rah-e Baladeh,1594,37702,36108,Mazandaran
Shahzeyd,-2379,35927,38306,Mazandaran
Panjab,989,34987,33998,Mazandaran
Siah Bisheh,92,29203,29111,Mazandaran
Hazarcham,-23318,5842,29160,Mazandaran
Kandovan,23226,23269,43,Mazandaran
Sisangan,-28010,39638,67648,Mazandaran
Pol-e Sefid,-1113,44105,45218,Mazandaran
Garzin Kheil,1373,38123,36750,Mazandaran
Veresk,-707,36150,36857,Mazandaran
Gaduk,17250,26752,9502,Mazandaran
