City,Net,Input,Output,Province
Astara,-1527,14794,16321,Gilan
Aq Chay,-1745,5110,6855,Gilan
Talesh,3272,11211,7939,Gilan
Asalem,-3928,14318,18246,Gilan
Astaneh,-4508,71377,75885,Gilan
Lahijan,1777,87077,85300,Gilan
Kuchesfahan,5422,68109,62687,Gilan
Kiashahr,-6489,8679,15168,Gilan
Siahkal,-9142,16481,25623,Gilan
Langarud,-1120,59644,60764,Gilan
Rasht,-8439,110321,118760,Gilan
Sangar,8046,19782,11736,Gilan
Hasanrud,6133,6133,0,Gilan
Khalkhal,-713,1731,2444,Gilan
Punel,-1364,24004,25368,Gilan
Ziabar,6005,13494,7489,Gilan
Imamzadeh Hashem,36380,191340,154960,Gilan
Rostamabad,-1808,102994,104802,Gilan
Saravan,-72415,119480,191895,Gilan
Shaqaji,0,0,0,Gilan
Rudbar,54949,91551,36602,Gilan
Fuman,8420,54538,46118,Gilan
Amlash,424,9399,8975,Gilan
Rudsar,-2138,50613,52751,Gilan
Kalan Kalaye,32,3238,3206,Gilan
Kalachay,3813,37179,33366,Gilan
Anzali,-1343,36518,37861,Gilan
Khomam,-242,65125,65367,Gilan
Rezvanshahr,-280,8148,8428,Gilan
Pirbazar,1455,17667,16212,Gilan
Bazar Jomeh,740,13180,12440,Gilan
Someh Sara,0,0,0,Gilan
Masouleh,216,2026,1810,Gilan
Jirdeh,0,0,0,Gilan
Lakan,-533,8872,9405,Gilan
Deylaman,-202,1040,1242,Gilan
Ramsar,13447,54926,41479,Gilan
Chaboksar,-4093,44497,48590,Gilan
Tonekabon,-14387,34329,48716,Mazandaran
Manjil,-16306,5137,21443,Gilan
Lowshan,-11540,26709,38249,Gilan
Gilvan,-649,1517,2166,Gilan
Ghazvin,-21580,1588,23168,Gilan
Gilan Border,33690,33690,0,Gilan
Azadshahr,4223,41576,37353,Golestan
Khosh Yeylagh,-119,3187,3306,Golestan
Aliabad,-11187,125317,136504,Golestan
Minudasht,-3967,28438,32405,Golestan
Gonbad,-739,42520,43259,Golestan
Shahroud,523,4152,3629,Golestan
Gorgan,13922,153720,139798,Golestan
Galikesh,-936,13103,14039,Golestan
Aq Qala,-792,36911,37703,Golestan
Incheh Borun,-97,3938,4035,Golestan
Se-rah-e Kalaleh,148,11538,11390,Golestan
Bandar Torkaman,4019,20975,16956,Golestan
Marzpol,0,0,0,Golestan
Se-rah-e Yasaqi,-190,3484,3674,Golestan
Kordkuy,-1105,7795,8900,Mazandaran
Gomishan,-3266,4746,8012,Golestan
Galugah,-3524,14786,18310,Mazandaran
Tangrah,-9,12618,12627,Golestan
Golestan Forest,-428,4972,5400,Golestan
Kalaleh,-2276,0,2276,Golestan
Maraveh Tappeh,2276,2276,0,Golestan
Behshahr,290,39554,39264,Mazandaran
Amol,-37498,88336,125834,Mazandaran
Babol,54043,160513,106470,Mazandaran
Qaemshahr,7897,100528,92631,Mazandaran
Mahmudabad,4574,71658,67084,Mazandaran
Park Jangali,2331,31679,29348,Mazandaran
Babolsar,-38273,38062,76335,Mazandaran
Fereydunkenar,10105,53845,43740,Mazandaran
Kiyakala,-5148,0,5148,Mazandaran
Gatab,164,16482,16318,Mazandaran
Juybar,-2252,9628,11880,Mazandaran
Sari,-6945,129801,136746,Mazandaran
Shirgah,6089,34473,28384,Mazandaran
Nur,-1423,34312,35735,Mazandaran
Se-rah-e Sangchal,-2019,26669,28688,Mazandaran
Imamzadeh Hashem Tehran,10573,18533,7960,Mazandaran
Polur,-1953,24599,26552,Mazandaran
Gazanak,-299,24309,24608,Mazandaran
Behnamir,1252,11250,9998,Mazandaran
Dabudsht,-2960,2974,5934,Mazandaran
Bandar-e Amirabad,0,0,0,Mazandaran
Neka,-434,55056,55490,Mazandaran
Zagheh Marz,0,0,0,Mazandaran
Abbasabad,-2213,51854,54067,Mazandaran
Chalus,3566,97242,93676,Mazandaran
Kalardasht,1703,1902,199,Mazandaran
Khazarabad,1230,29865,28635,Mazandaran
Shakta,-1268,7669,8937,Mazandaran
Kiasar,18,7506,7488,Mazandaran
Doab,-8291,16333,24624,Mazandaran
Marzanabad,6895,46741,39846,Mazandaran
Makarud,9625,18285,8660,Mazandaran
Nowshahr,-2855,44955,47810,Mazandaran
Kalarabad,-4522,21623,26145,Mazandaran
Semnan,-78,1239,1317,Mazandaran
Garmab,34,2287,2253,Mazandaran
Se-rah-e Baladeh,1222,27021,25799,Mazandaran
Shahzeyd,-1328,27215,28543,Mazandaran
Panjab,54,24688,24634,Mazandaran
Siah Bisheh,-6480,21351,27831,Mazandaran
Hazarcham,-9468,8946,18414,Mazandaran
Kandovan,15948,18885,2937,Mazandaran
Sisangan,-2173,31617,33790,Mazandaran
Pol-e Sefid,-2362,25667,28029,Mazandaran
Garzin Kheil,662,21643,20981,Mazandaran
Veresk,-264,20843,21107,Mazandaran
Gaduk,8025,14451,6426,Mazandaran
