City,Net,Input,Output,Province
Astara,-3506,19260,22766,Gilan
Aq Chay,4083,13411,9328,Gilan
Talesh,-577,9355,9932,Gilan
Asalem,-1890,23102,24992,Gilan
Astaneh,-3310,73444,76754,Gilan
Lahijan,-3870,80718,84588,Gilan
Kuchesfahan,12676,70951,58275,Gilan
Kiashahr,-9714,11809,21523,Gilan
Siahkal,210,29819,29609,Gilan
Langarud,-4335,54692,59027,Gilan
Rasht,6359,112306,105947,Gilan
Sangar,2487,21458,18971,Gilan
Hasanrud,9234,9234,0,Gilan
Khalkhal,236,6547,6311,Gilan
Punel,-3844,27999,31843,Gilan
Ziabar,4588,26085,21497,Gilan
Imamzadeh Hashem,41076,243768,202692,Gilan
Rostamabad,-10048,121672,131720,Gilan
Saravan,-119739,122292,242031,Gilan
Shaqaji,0,0,0,Gilan
Rudbar,69725,107443,37718,Gilan
Fuman,12162,46577,34415,Gilan
Amlash,-441,10475,10916,Gilan
Rudsar,-3077,48859,51936,Gilan
Kalan Kalaye,-26,4773,4799,Gilan
Kalachay,-1782,37351,39133,Gilan
Anzali,-3111,43662,46773,Gilan
Khomam,-1002,65587,66589,Gilan
Rezvanshahr,714,14257,13543,Gilan
Pirbazar,1268,27581,26313,Gilan
Bazar Jomeh,2240,14775,12535,Gilan
Someh Sara,0,0,0,Gilan
Masouleh,904,6020,5116,Gilan
Jirdeh,0,0,0,Gilan
Lakan,1251,10485,9234,Gilan
Deylaman,-1107,5152,6259,Gilan
Ramsar,9428,54348,44920,Gilan
Chaboksar,65,52175,52110,Gilan
Tonekabon,-15002,26261,41263,Mazandaran
Manjil,1577,14732,13155,Gilan
Lowshan,-33314,19335,52649,Gilan
Gilvan,-1093,2023,3116,Gilan
Ghazvin,-14066,2818,16884,Gilan
Gilan Border,48281,48281,0,Gilan
Azadshahr,3715,51247,47532,Golestan
Khosh Yeylagh,3399,5367,1968,Golestan
Aliabad,-14957,133100,148057,Golestan
Minudasht,-2213,31672,33885,Golestan
Gonbad,-1098,39834,40932,Golestan
Shahroud,-1611,8747,10358,Golestan
Gorgan,15855,153853,137998,Golestan
Galikesh,63,13041,12978,Golestan
Aq Qala,-1164,26056,27220,Golestan
Incheh Borun,-645,5904,6549,Golestan
Se-rah-e Kalaleh,-5492,13425,18917,Golestan
Bandar Torkaman,2493,18555,16062,Golestan
Marzpol,0,0,0,Golestan
Se-rah-e Yasaqi,-152,2648,2800,Golestan
Kordkuy,-6582,27014,33596,Mazandaran
Gomishan,-1668,5123,6791,Golestan
Galugah,977,39182,38205,Mazandaran
Tangrah,1998,23463,21465,Golestan
Golestan Forest,2837,11400,8563,Golestan
Kalaleh,-2227,0,2227,Golestan
Maraveh Tappeh,2227,2227,0,Golestan
Behshahr,1069,39446,38377,Mazandaran
Amol,-12127,108794,120921,Mazandaran
Babol,27794,140075,112281,Mazandaran
Qaemshahr,2634,79692,77058,Mazandaran
Mahmudabad,3303,83492,80189,Mazandaran
Park Jangali,3612,45513,41901,Mazandaran
Babolsar,-35463,40636,76099,Mazandaran
Fereydunkenar,7989,60533,52544,Mazandaran
Kiyakala,-4154,0,4154,Mazandaran
Gatab,-4267,15520,19787,Mazandaran
Juybar,668,6876,6208,Mazandaran
Sari,11890,127809,115919,Mazandaran
Shirgah,4753,43458,38705,Mazandaran
Nur,12024,55885,43861,Mazandaran
Se-rah-e Sangchal,6587,26706,20119,Mazandaran
Imamzadeh Hashem Tehran,18221,22898,4677,Mazandaran
Polur,-360,27025,27385,Mazandaran
Gazanak,-1189,26162,27351,Mazandaran
Behnamir,2037,11401,9364,Mazandaran
Dabudsht,-3270,3586,6856,Mazandaran
Bandar-e Amirabad,0,0,0,Mazandaran
Neka,-963,49725,50688,Mazandaran
Zagheh Marz,0,0,0,Mazandaran
Abbasabad,-5930,42801,48731,Mazandaran
Chalus,4927,94782,89855,Mazandaran
Kalardasht,5167,6221,1054,Mazandaran
Khazarabad,-855,24754,25609,Mazandaran
Shakta,-10809,13752,24561,Mazandaran
Kiasar,-6376,14369,20745,Mazandaran
Doab,-15052,17698,32750,Mazandaran
Marzanabad,6056,51402,45346,Mazandaran
Makarud,22562,26430,3868,Mazandaran
Nowshahr,-2629,37609,40238,Mazandaran
Kalarabad,-10533,19143,29676,Mazandaran
Semnan,952,3933,2981,Mazandaran
Garmab,2624,6502,3878,Mazandaran
Se-rah-e Baladeh,297,29930,29633,Mazandaran
Shahzeyd,-13467,14078,27545,Mazandaran
Panjab,-1048,27042,28090,Mazandaran
Siah Bisheh,-4697,24853,29550,Mazandaran
Hazarcham,-20814,3994,24808,Mazandaran
Kandovan,25511,25556,45,Mazandaran
Sisangan,-16740,30476,47216,Mazandaran
Pol-e Sefid,-6775,33724,40499,Mazandaran
Garzin Kheil,427,31445,31018,Mazandaran
Veresk,-1299,29793,31092,Mazandaran
Gaduk,18248,24249,6001,Mazandaran
