City,Net,Input,Output,Province
Astara,-1943,16896,18839,Gilan
Aq Chay,-1556,6493,8049,Gilan
Talesh,3499,12346,8847,Gilan
Asalem,409,15814,15405,Gilan
Astaneh,2701,73355,70654,Gilan
Lahijan,734,89082,88348,Gilan
Kuchesfahan,-6067,63092,69159,Gilan
Kiashahr,-7478,9524,17002,Gilan
Siahkal,-8322,25399,33721,Gilan
Langarud,6195,74356,68161,Gilan
Rasht,-30115,98507,128622,Gilan
Sangar,4499,25552,21053,Gilan
Hasanrud,7863,7863,0,Gilan
Khalkhal,-568,1371,1939,Gilan
Punel,1479,23955,22476,Gilan
Ziabar,53,18302,18249,Gilan
Imamzadeh Hashem,22856,214008,191152,Gilan
Rostamabad,-1684,156162,157846,Gilan
Saravan,32785,182392,149607,Gilan
Shaqaji,0,0,0,Gilan
Rudbar,-63770,75273,139043,Gilan
Fuman,48180,61768,13588,Gilan
Amlash,2074,13114,11040,Gilan
Rudsar,-2753,74586,77339,Gilan
Kalan Kalaye,-43,4071,4114,Gilan
Kalachay,5495,57780,52285,Gilan
Anzali,3027,40347,37320,Gilan
Khomam,2888,59735,56847,Gilan
Rezvanshahr,-599,10747,11346,Gilan
Pirbazar,921,22129,21208,Gilan
Bazar Jomeh,0,0,0,Gilan
Someh Sara,0,0,0,Gilan
Masouleh,0,0,0,Gilan
Jirdeh,0,0,0,Gilan
Lakan,-146,4413,4559,Gilan
Deylaman,382,2061,1679,Gilan
Ramsar,12705,66643,53938,Gilan
Chaboksar,3878,62099,58221,Gilan
Tonekabon,-10455,39464,49919,Mazandaran
Manjil,-15650,28230,43880,Gilan
Lowshan,89405,110022,20617,Gilan
Gilvan,-568,1985,2553,Gilan
Ghazvin,-107344,1230,108574,Gilan
Gilan Border,13963,13963,0,Gilan
Azadshahr,1564,57537,55973,Golestan
Khosh Yeylagh,2119,4736,2617,Golestan
Aliabad,4197,154370,150173,Golestan
Minudasht,-2979,38945,41924,Golestan
Gonbad,1800,43400,41600,Golestan
Shahroud,-1776,3114,4890,Golestan
Gorgan,-3503,147638,151141,Golestan
Galikesh,-594,15952,16546,Golestan
Aq Qala,-1228,30236,31464,Golestan
Incheh Borun,262,7768,7506,Golestan
Se-rah-e Kalaleh,3232,17937,14705,Golestan
Bandar Torkaman,2079,20384,18305,Golestan
Marzpol,-31,1586,1617,Golestan
Se-rah-e Yasaqi,-615,2967,3582,Golestan
Kordkuy,-2220,19294,21514,Mazandaran
Gomishan,-382,6141,6523,Golestan
Galugah,3596,35523,31927,Mazandaran
Tangrah,571,23682,23111,Golestan
Golestan Forest,-3818,8867,12685,Golestan
Kalaleh,-2508,0,2508,Golestan
Maraveh Tappeh,2508,2508,0,Golestan
Behshahr,1849,47121,45272,Mazandaran
Amol,-1115,122250,123365,Mazandaran
Babol,26361,143480,117119,Mazandaran
Qaemshahr,-3463,84853,88316,Mazandaran
Mahmudabad,6477,85900,79423,Mazandaran
Park Jangali,262,44139,43877,Mazandaran
Babolsar,-26844,42218,69062,Mazandaran
Fereydunkenar,8913,62848,53935,Mazandaran
Kiyakala,-4497,0,4497,Mazandaran
Gatab,943,18764,17821,Mazandaran
Juybar,14274,14578,304,Mazandaran
Sari,-23723,107227,130950,Mazandaran
Shirgah,14997,46751,31754,Mazandaran
Nur,-8029,45813,53842,Mazandaran
Se-rah-e Sangchal,-1713,36036,37749,Mazandaran
Imamzadeh Hashem Tehran,-13402,11334,24736,Mazandaran
Polur,-400,35263,35663,Mazandaran
Gazanak,-365,34972,35337,Mazandaran
Behnamir,57,10343,10286,Mazandaran
Dabudsht,-1740,3723,5463,Mazandaran
Bandar-e Amirabad,0,0,0,Mazandaran
Neka,723,55294,54571,Mazandaran
Zagheh Marz,0,0,0,Mazandaran
Abbasabad,3048,60289,57241,Mazandaran
Chalus,-7520,100685,108205,Mazandaran
Kalardasht,-1478,2975,4453,Mazandaran
Khazarabad,2981,22673,19692,Mazandaran
Shakta,1717,13045,11328,Mazandaran
Kiasar,1926,16262,14336,Mazandaran
Doab,-1669,3516,5185,Mazandaran
Marzanabad,5454,35235,29781,Mazandaran
Makarud,-23868,4344,28212,Mazandaran
Nowshahr,5155,54389,49234,Mazandaran
Kalarabad,10810,34422,23612,Mazandaran
Semnan,-1252,2197,3449,Mazandaran
Garmab,-594,4211,4805,Mazandaran
Se-rah-e Baladeh,944,38008,37064,Mazandaran
Shahzeyd,199,37718,37519,Mazandaran
Panjab,-250,35886,36136,Mazandaran
Siah Bisheh,-26564,3769,30333,Mazandaran
Hazarcham,23590,26859,3269,Mazandaran
Kandovan,2974,3474,500,Mazandaran
Sisangan,17112,55769,38657,Mazandaran
Pol-e Sefid,-1414,36068,37482,Mazandaran
Garzin Kheil,1062,31620,30558,Mazandaran
Veresk,-813,29917,30730,Mazandaran
Gaduk,-10319,9829,20148,Mazandaran
