City,Net,Input,Output,Province
Astara,-977,22790,23767,Gilan
Aq Chay,3270,10226,6956,Gilan
Talesh,-2293,13541,15834,Gilan
Asalem,-1059,25613,26672,Gilan
Astaneh,576,102402,101826,Gilan
Lahijan,-9054,111025,120079,Gilan
Kuchesfahan,7876,91753,83877,Gilan
Kiashahr,-11287,11878,23165,Gilan
Siahkal,-12095,29741,41836,Gilan
Langarud,5616,93082,87466,Gilan
Rasht,-27011,129902,156913,Gilan
Sangar,10327,30494,20167,Gilan
Hasanrud,10869,10869,0,Gilan
Khalkhal,-205,4195,4400,Gilan
Punel,-1096,34786,35882,Gilan
Ziabar,2516,26200,23684,Gilan
Imamzadeh Hashem,-28050,255934,283984,Gilan
Rostamabad,-5146,197564,202710,Gilan
Saravan,16797,234409,217612,Gilan
Shaqaji,0,0,0,Gilan
Rudbar,-2904,137034,139938,Gilan
Fuman,26835,59503,32668,Gilan
Amlash,722,14865,14143,Gilan
Rudsar,-4744,88016,92760,Gilan
Kalan Kalaye,-87,5927,6014,Gilan
Kalachay,-5558,67066,72624,Gilan
Anzali,-557,55268,55825,Gilan
Khomam,282,81918,81636,Gilan
Rezvanshahr,1731,16933,15202,Gilan
Pirbazar,323,26273,25950,Gilan
Bazar Jomeh,0,0,0,Gilan
Someh Sara,0,0,0,Gilan
Masouleh,0,0,0,Gilan
Jirdeh,0,0,0,Gilan
Lakan,-417,5884,6301,Gilan
Deylaman,-199,3442,3641,Gilan
Ramsar,13866,94272,80406,Gilan
Chaboksar,9167,94998,85831,Gilan
Tonekabon,-20952,52186,73138,Mazandaran
Manjil,20852,55717,34865,Gilan
Lowshan,26285,78310,52025,Gilan
Gilvan,377,3295,2918,Gilan
Ghazvin,-72125,3177,75302,Gilan
Gilan Border,46453,46453,0,Gilan
Azadshahr,301,68721,68420,Golestan
Khosh Yeylagh,2776,5812,3036,Golestan
Aliabad,-15016,177609,192625,Golestan
Minudasht,-3963,44899,48862,Golestan
Gonbad,2948,48850,45902,Golestan
Shahroud,-3213,4446,7659,Golestan
Gorgan,20354,191107,170753,Golestan
Galikesh,-809,17485,18294,Golestan
Aq Qala,-1542,35469,37011,Golestan
Incheh Borun,-378,10520,10898,Golestan
Se-rah-e Kalaleh,148,21922,21774,Golestan
Bandar Torkaman,20163,42444,22281,Golestan
Marzpol,0,0,0,Golestan
Se-rah-e Yasaqi,-738,4453,5191,Golestan
Kordkuy,-1974,8596,10570,Mazandaran
Gomishan,-17788,6383,24171,Golestan
Galugah,-3293,24697,27990,Mazandaran
Tangrah,-83,30615,30698,Golestan
Golestan Forest,-1186,13373,14559,Golestan
Kalaleh,-2754,0,2754,Golestan
Maraveh Tappeh,2754,2754,0,Golestan
Behshahr,1099,61656,60557,Mazandaran
Amol,-10219,152392,162611,Mazandaran
Babol,25157,184536,159379,Mazandaran
Qaemshahr,-856,120077,120933,Mazandaran
Mahmudabad,7006,122481,115475,Mazandaran
Park Jangali,1547,49939,48392,Mazandaran
Babolsar,-37778,58676,96454,Mazandaran
Fereydunkenar,10138,85261,75123,Mazandaran
Kiyakala,-5443,0,5443,Mazandaran
Gatab,-591,19123,19714,Mazandaran
Juybar,-850,9008,9858,Mazandaran
Sari,2066,158260,156194,Mazandaran
Shirgah,11880,60451,48571,Mazandaran
Nur,-22030,61303,83333,Mazandaran
Se-rah-e Sangchal,4436,23330,18894,Mazandaran
Imamzadeh Hashem Tehran,5726,21937,16211,Mazandaran
Polur,134,37371,37237,Mazandaran
Gazanak,-141,36039,36180,Mazandaran
Behnamir,1409,15482,14073,Mazandaran
Dabudsht,-2414,5334,7748,Mazandaran
Bandar-e Amirabad,0,0,0,Mazandaran
Neka,86,75380,75294,Mazandaran
Zagheh Marz,0,0,0,Mazandaran
Abbasabad,-3373,75409,78782,Mazandaran
Chalus,-4423,130788,135211,Mazandaran
Kalardasht,3041,5611,2570,Mazandaran
Khazarabad,1287,29249,27962,Mazandaran
Shakta,-4628,12340,16968,Mazandaran
Kiasar,-2027,21127,23154,Mazandaran
Doab,-14237,19863,34100,Mazandaran
Marzanabad,12436,62719,50283,Mazandaran
Makarud,12315,23330,11015,Mazandaran
Nowshahr,1207,71846,70639,Mazandaran
Kalarabad,-2781,37170,39951,Mazandaran
Semnan,-277,4318,4595,Mazandaran
Garmab,1004,6690,5686,Mazandaran
Se-rah-e Baladeh,1742,34497,32755,Mazandaran
Shahzeyd,-7228,16895,24123,Mazandaran
Panjab,-233,30880,31113,Mazandaran
Siah Bisheh,1907,27180,25273,Mazandaran
Hazarcham,-12898,10887,23785,Mazandaran
Kandovan,10991,14386,3395,Mazandaran
Sisangan,18718,75921,57203,Mazandaran
Pol-e Sefid,-4480,50746,55226,Mazandaran
Garzin Kheil,2204,47884,45680,Mazandaran
Veresk,-2438,45080,47518,Mazandaran
Gaduk,6178,26340,20162,Mazandaran
