City,Net,Input,Output,Province
Astara,-804,12615,13419,Gilan
Aq Chay,-824,4214,5038,Gilan
Talesh,1628,9205,7577,Gilan
Asalem,-1607,14701,16308,Gilan
Astaneh,6,68212,68206,Gilan
Lahijan,-953,82139,83092,Gilan
Kuchesfahan,2440,60518,58078,Gilan
Kiashahr,-5946,8407,14353,Gilan
Siahkal,-6962,13593,20555,Gilan
Langarud,227,59048,58821,Gilan
Rasht,-11698,105294,116992,Gilan
Sangar,5386,15004,9618,Gilan
Hasanrud,5861,5861,0,Gilan
Khalkhal,-336,1603,1939,Gilan
Punel,-1325,22008,23333,Gilan
Ziabar,3268,10571,7303,Gilan
Imamzadeh Hashem,8590,130714,122124,Gilan
Rostamabad,-1652,75554,77206,Gilan
Saravan,-27714,103776,131490,Gilan
Shaqaji,0,0,0,Gilan
Rudbar,25350,62115,36765,Gilan
Fuman,19755,55145,35390,Gilan
Amlash,636,9220,8584,Gilan
Rudsar,-2133,48471,50604,Gilan
Kalan Kalaye,2,2952,2950,Gilan
Kalachay,1859,33768,31909,Gilan
Anzali,-279,34743,35022,Gilan
Khomam,-191,64643,64834,Gilan
Rezvanshahr,62,7858,7796,Gilan
Pirbazar,1401,20496,19095,Gilan
Bazar Jomeh,716,12781,12065,Gilan
Someh Sara,0,0,0,Gilan
Masouleh,-8,1715,1723,Gilan
Jirdeh,0,0,0,Gilan
Lakan,-703,8609,9312,Gilan
Deylaman,34,1211,1177,Gilan
Ramsar,13502,53639,40137,Gilan
Chaboksar,-1496,43316,44812,Gilan
Tonekabon,-13212,33972,47184,Mazandaran
Manjil,-13818,5015,18833,Gilan
Lowshan,2945,27007,24062,Gilan
Gilvan,-128,1415,1543,Gilan
Ghazvin,-20753,2951,23704,Gilan
Gilan Border,18092,18092,0,Gilan
Azadshahr,798,43538,42740,Golestan
Khosh Yeylagh,-51,2355,2406,Golestan
Aliabad,-5529,126633,132162,Golestan
Minudasht,-1001,29390,30391,Golestan
Gonbad,323,43437,43114,Golestan
Shahroud,165,3228,3063,Golestan
Gorgan,7810,144800,136990,Golestan
Galikesh,-797,12309,13106,Golestan
Aq Qala,-731,36764,37495,Golestan
Incheh Borun,-66,4333,4399,Golestan
Se-rah-e Kalaleh,311,10475,10164,Golestan
Bandar Torkaman,1558,17590,16032,Golestan
Marzpol,0,0,0,Golestan
Se-rah-e Yasaqi,-288,3300,3588,Golestan
Kordkuy,-1276,7295,8571,Mazandaran
Gomishan,-760,4793,5553,Golestan
Galugah,-1427,15382,16809,Mazandaran
Tangrah,-13,10063,10076,Golestan
Golestan Forest,-453,3685,4138,Golestan
Kalaleh,-2319,0,2319,Golestan
Maraveh Tappeh,2319,2319,0,Golestan
Behshahr,409,37587,37178,Mazandaran
Amol,-35937,85826,121763,Mazandaran
Babol,54208,158057,103849,Mazandaran
Qaemshahr,6428,93525,87097,Mazandaran
Mahmudabad,5726,68727,63001,Mazandaran
Park Jangali,1441,29017,27576,Mazandaran
Babolsar,-34688,37303,71991,Mazandaran
Fereydunkenar,10052,52775,42723,Mazandaran
Kiyakala,-5231,0,5231,Mazandaran
Gatab,-31,16331,16362,Mazandaran
Juybar,-2796,9477,12273,Mazandaran
Sari,-3446,119955,123401,Mazandaran
Shirgah,6428,29839,23411,Mazandaran
Nur,1581,38063,36482,Mazandaran
Se-rah-e Sangchal,-1667,25153,26820,Mazandaran
Imamzadeh Hashem Tehran,2820,10843,8023,Mazandaran
Polur,-646,18646,19292,Mazandaran
Gazanak,-299,18880,19179,Mazandaran
Behnamir,1282,11206,9924,Mazandaran
Dabudsht,-3147,3162,6309,Mazandaran
Bandar-e Amirabad,0,0,0,Mazandaran
Neka,-317,46535,46852,Mazandaran
Zagheh Marz,0,0,0,Mazandaran
Abbasabad,-668,50382,51050,Mazandaran
Chalus,3585,89788,86203,Mazandaran
Kalardasht,1455,1708,253,Mazandaran
Khazarabad,1643,30072,28429,Mazandaran
Shakta,-1396,7283,8679,Mazandaran
Kiasar,-143,6372,6515,Mazandaran
Doab,-2130,15597,17727,Mazandaran
Marzanabad,2214,35374,33160,Mazandaran
Makarud,1179,10821,9642,Mazandaran
Nowshahr,-4317,41951,46268,Mazandaran
Kalarabad,-244,21704,21948,Mazandaran
Semnan,-209,967,1176,Mazandaran
Garmab,106,2030,1924,Mazandaran
Se-rah-e Baladeh,687,20810,20123,Mazandaran
Shahzeyd,-604,23033,23637,Mazandaran
Panjab,37,19644,19607,Mazandaran
Siah Bisheh,-4332,16392,20724,Mazandaran
Hazarcham,-1320,9749,11069,Mazandaran
Kandovan,5652,10975,5323,Mazandaran
Sisangan,-2455,33915,36370,Mazandaran
Pol-e Sefid,-1943,20466,22409,Mazandaran
Garzin Kheil,361,16370,16009,Mazandaran
Veresk,-158,15775,15933,Mazandaran
Gaduk,3039,9372,6333,Mazandaran
