City,Net,Input,Output,Province
Astara,-1598,27306,28904,Gilan
Aq Chay,1483,13483,12000,Gilan
Talesh,115,15421,15306,Gilan
Asalem,-1643,24840,26483,Gilan
Astaneh,-26200,80969,107169,Gilan
Lahijan,-2858,119445,122303,Gilan
Kuchesfahan,29727,96567,66840,Gilan
Kiashahr,-12293,14358,26651,Gilan
Siahkal,-100,34105,34205,Gilan
Langarud,3693,89946,86253,Gilan
Rasht,-12314,134833,147147,Gilan
Sangar,-3207,22839,26046,Gilan
Hasanrud,11894,11894,0,Gilan
Khalkhal,-269,3655,3924,Gilan
Punel,-1591,34866,36457,Gilan
Ziabar,4104,29129,25025,Gilan
Imamzadeh Hashem,1834,258190,256356,Gilan
Rostamabad,2314,171218,168904,Gilan
Saravan,-41433,194866,236299,Gilan
Shaqaji,0,0,0,Gilan
Rudbar,24401,97622,73221,Gilan
Fuman,24179,61587,37408,Gilan
Amlash,1040,14224,13184,Gilan
Rudsar,-1420,79701,81121,Gilan
Kalan Kalaye,10,5260,5250,Gilan
Kalachay,-3969,59469,63438,Gilan
Anzali,-879,57231,58110,Gilan
Khomam,1112,85360,84248,Gilan
Rezvanshahr,1280,16044,14764,Gilan
Pirbazar,838,30481,29643,Gilan
Bazar Jomeh,0,0,0,Gilan
Someh Sara,0,0,0,Gilan
Masouleh,0,0,0,Gilan
Jirdeh,0,0,0,Gilan
Lakan,-573,8749,9322,Gilan
Deylaman,-33,3586,3619,Gilan
Ramsar,14538,85234,70696,Gilan
Chaboksar,7767,82168,74401,Gilan
Tonekabon,-20952,46549,67501,Mazandaran
Manjil,-1192,6817,8009,Gilan
Lowshan,15084,65442,50358,Gilan
Gilvan,331,3023,2692,Gilan
Ghazvin,-58686,3132,61818,Gilan
Gilan Border,44002,44002,0,Gilan
Azadshahr,-1164,61802,62966,Golestan
Khosh Yeylagh,1799,4322,2523,Golestan
Aliabad,-10580,173614,184194,Golestan
Minudasht,-1754,42934,44688,Golestan
Gonbad,3399,55367,51968,Golestan
Shahroud,-2200,4325,6525,Golestan
Gorgan,13686,190833,177147,Golestan
Galikesh,-734,17147,17881,Golestan
Aq Qala,-1569,42356,43925,Golestan
Incheh Borun,-83,8597,8680,Golestan
Se-rah-e Kalaleh,301,19850,19549,Golestan
Bandar Torkaman,3103,26729,23626,Golestan
Marzpol,0,0,0,Golestan
Se-rah-e Yasaqi,-721,4706,5427,Golestan
Kordkuy,-1721,10119,11840,Mazandaran
Gomishan,-840,6655,7495,Golestan
Galugah,-7395,19864,27259,Mazandaran
Tangrah,290,23749,23459,Golestan
Golestan Forest,-1212,9310,10522,Golestan
Kalaleh,-3638,0,3638,Golestan
Maraveh Tappeh,3638,3638,0,Golestan
Behshahr,5697,58069,52372,Mazandaran
Amol,-47566,120993,168559,Mazandaran
Babol,62820,199098,136278,Mazandaran
Qaemshahr,44,117888,117844,Mazandaran
Mahmudabad,6183,119742,113559,Mazandaran
Park Jangali,2087,47385,45298,Mazandaran
Babolsar,-41900,57556,99456,Mazandaran
Fereydunkenar,11309,83665,72356,Mazandaran
Kiyakala,-5919,0,5919,Mazandaran
Gatab,444,20611,20167,Mazandaran
Juybar,-2690,9805,12495,Mazandaran
Sari,-2730,157311,160041,Mazandaran
Shirgah,11082,52037,40955,Mazandaran
Nur,33489,92105,58616,Mazandaran
Se-rah-e Sangchal,-2904,43011,45915,Mazandaran
Imamzadeh Hashem Tehran,7448,23984,16536,Mazandaran
Polur,268,40433,40165,Mazandaran
Gazanak,-156,40172,40328,Mazandaran
Behnamir,1700,15680,13980,Mazandaran
Dabudsht,-1662,5034,6696,Mazandaran
Bandar-e Amirabad,0,0,0,Mazandaran
Neka,359,72162,71803,Mazandaran
Zagheh Marz,0,0,0,Mazandaran
Abbasabad,-628,73653,74281,Mazandaran
Chalus,-3039,138372,141411,Mazandaran
Kalardasht,-141,5924,6065,Mazandaran
Khazarabad,2819,33692,30873,Mazandaran
Shakta,-1873,12835,14708,Mazandaran
Kiasar,878,17277,16399,Mazandaran
Doab,-10862,20396,31258,Mazandaran
Marzanabad,10127,64715,54588,Mazandaran
Makarud,15923,27965,12042,Mazandaran
Nowshahr,-5417,69524,74941,Mazandaran
Kalarabad,-4893,36333,41226,Mazandaran
Semnan,-605,2886,3491,Mazandaran
Garmab,-169,4783,4952,Mazandaran
Se-rah-e Baladeh,935,42753,41818,Mazandaran
Shahzeyd,-560,43384,43944,Mazandaran
Panjab,442,41489,41047,Mazandaran
Siah Bisheh,1081,31972,30891,Mazandaran
Hazarcham,-15021,12016,27037,Mazandaran
Kandovan,13940,18875,4935,Mazandaran
Sisangan,-34761,50969,85730,Mazandaran
Pol-e Sefid,-3389,39780,43169,Mazandaran
Garzin Kheil,2054,35432,33378,Mazandaran
Veresk,-456,34454,34910,Mazandaran
Gaduk,5071,19885,14814,Mazandaran
