City,Net,Input,Output,Province
Astara,-1021,26523,27544,Gilan
Aq Chay,565,12913,12348,Gilan
Talesh,456,14631,14175,Gilan
Asalem,-2299,22844,25143,Gilan
Astaneh,-5740,97792,103532,Gilan
Lahijan,180,118215,118035,Gilan
Kuchesfahan,13575,93195,79620,Gilan
Kiashahr,-11106,12876,23982,Gilan
Siahkal,-2469,33173,35642,Gilan
Langarud,-2443,86357,88800,Gilan
Rasht,-17440,128254,145694,Gilan
Sangar,-1037,25775,26812,Gilan
Hasanrud,10553,10553,0,Gilan
Khalkhal,-119,4065,4184,Gilan
Punel,-4372,32018,36390,Gilan
Ziabar,7721,31629,23908,Gilan
Imamzadeh Hashem,15246,257284,242038,Gilan
Rostamabad,-3664,163618,167282,Gilan
Saravan,-65897,178892,244789,Gilan
Shaqaji,0,0,0,Gilan
Rudbar,49600,109990,60390,Gilan
Fuman,19058,59140,40082,Gilan
Amlash,780,13723,12943,Gilan
Rudsar,-787,77322,78109,Gilan
Kalan Kalaye,19,5177,5158,Gilan
Kalachay,-3828,56352,60180,Gilan
Anzali,-2047,54106,56153,Gilan
Khomam,1034,84024,82990,Gilan
Rezvanshahr,1477,15847,14370,Gilan
Pirbazar,1251,32069,30818,Gilan
Bazar Jomeh,0,0,0,Gilan
Someh Sara,0,0,0,Gilan
Masouleh,0,0,0,Gilan
Jirdeh,0,0,0,Gilan
Lakan,-91,8795,8886,Gilan
Deylaman,556,3354,2798,Gilan
Ramsar,14061,85343,71282,Gilan
Chaboksar,4979,81799,76820,Gilan
Tonekabon,-21113,44534,65647,Mazandaran
Manjil,-1417,5543,6960,Gilan
Lowshan,-1875,49724,51599,Gilan
Gilvan,441,3190,2749,Gilan
Ghazvin,-42429,3525,45954,Gilan
Gilan Border,45280,45280,0,Gilan
Azadshahr,3061,63653,60592,Golestan
Khosh Yeylagh,2572,5190,2618,Golestan
Aliabad,-4423,176496,180919,Golestan
Minudasht,-4389,41342,45731,Golestan
Gonbad,1900,54849,52949,Golestan
Shahroud,-2287,4406,6693,Golestan
Gorgan,5260,186620,181360,Golestan
Galikesh,-241,17479,17720,Golestan
Aq Qala,-1057,42759,43816,Golestan
Incheh Borun,250,8666,8416,Golestan
Se-rah-e Kalaleh,-550,19369,19919,Golestan
Bandar Torkaman,3560,26756,23196,Golestan
Marzpol,0,0,0,Golestan
Se-rah-e Yasaqi,-672,4629,5301,Golestan
Kordkuy,-5596,48135,53731,Mazandaran
Gomishan,-1583,6475,8058,Golestan
Galugah,-3836,59679,63515,Mazandaran
Tangrah,526,23502,22976,Golestan
Golestan Forest,-465,9521,9986,Golestan
Kalaleh,-3743,0,3743,Golestan
Maraveh Tappeh,3743,3743,0,Golestan
Behshahr,6776,56216,49440,Mazandaran
Amol,-56952,108866,165818,Mazandaran
Babol,61872,192243,130371,Mazandaran
Qaemshahr,-1517,115779,117296,Mazandaran
Mahmudabad,6156,112346,106190,Mazandaran
Park Jangali,2718,45781,43063,Mazandaran
Babolsar,-40053,57690,97743,Mazandaran
Fereydunkenar,10585,81161,70576,Mazandaran
Kiyakala,-6071,0,6071,Mazandaran
Gatab,1550,22132,20582,Mazandaran
Juybar,-2449,9758,12207,Mazandaran
Sari,-11232,152458,163690,Mazandaran
Shirgah,9002,53102,44100,Mazandaran
Nur,28805,82280,53475,Mazandaran
Se-rah-e Sangchal,-2138,40709,42847,Mazandaran
Imamzadeh Hashem Tehran,12475,24555,12080,Mazandaran
Polur,66,37520,37454,Mazandaran
Gazanak,-584,37578,38162,Mazandaran
Behnamir,1769,15930,14161,Mazandaran
Dabudsht,-2294,4817,7111,Mazandaran
Bandar-e Amirabad,0,0,0,Mazandaran
Neka,218,70421,70203,Mazandaran
Zagheh Marz,0,0,0,Mazandaran
Abbasabad,-505,70452,70957,Mazandaran
Chalus,97,133366,133269,Mazandaran
Kalardasht,-62,5308,5370,Mazandaran
Khazarabad,2274,32511,30237,Mazandaran
Shakta,2561,16605,14044,Mazandaran
Kiasar,5070,21904,16834,Mazandaran
Doab,-16775,19361,36136,Mazandaran
Marzanabad,20921,68256,47335,Mazandaran
Makarud,18138,26263,8125,Mazandaran
Nowshahr,-25130,46473,71603,Mazandaran
Kalarabad,-7699,33162,40861,Mazandaran
Semnan,-139,3408,3547,Mazandaran
Garmab,-2007,4696,6703,Mazandaran
Se-rah-e Baladeh,2021,42890,40869,Mazandaran
Shahzeyd,-1496,42405,43901,Mazandaran
Panjab,1361,39561,38200,Mazandaran
Siah Bisheh,4449,29859,25410,Mazandaran
Hazarcham,-18977,8365,27342,Mazandaran
Kandovan,14528,17045,2517,Mazandaran
Sisangan,-15060,45711,60771,Mazandaran
Pol-e Sefid,-1114,42757,43871,Mazandaran
Garzin Kheil,1763,36676,34913,Mazandaran
Veresk,-1017,34716,35733,Mazandaran
Gaduk,10428,22834,12406,Mazandaran
