City,Net,Input,Output,Province
Abbasabad,2532,49996,47464,Mazandaran
Abbasabad,2901,51297,48396,Mazandaran
Abbasabad,2472,50621,48149,Mazandaran
Abbasabad,3345,57904,54559,Mazandaran
Abbasabad,3878,50931,47053,Mazandaran
Abbasabad,3048,60289,57241,Mazandaran
Abbasabad,2669,62965,60296,Mazandaran
Abbasabad,2953,72446,69493,Mazandaran
Abbasabad,-185,77347,77532,Mazandaran
Abbasabad,-3373,75409,78782,Mazandaran
Abbasabad,-4640,73871,78511,Mazandaran
Abbasabad,-4112,75681,79793,Mazandaran
Abbasabad,-4405,73396,77801,Mazandaran
Abbasabad,-3331,77679,81010,Mazandaran
Abbasabad,-628,73653,74281,Mazandaran
Abbasabad,-505,70452,70957,Mazandaran
Abbasabad,469,65281,64812,Mazandaran
Abbasabad,-5930,42801,48731,Mazandaran
Abbasabad,-3568,53242,56810,Mazandaran
Abbasabad,-2213,51854,54067,Mazandaran
Abbasabad,-668,50382,51050,Mazandaran
Abbasabad,-710,52525,53235,Mazandaran
Abbasabad,-1336,49065,50401,Mazandaran
