City,Net,Input,Output,Province
Aliabad,-1932,83983,85915,Golestan
Aliabad,2475,91311,88836,Golestan
Aliabad,1731,112277,110546,Golestan
Aliabad,10411,167436,157025,Golestan
Aliabad,12801,135461,122660,Golestan
Aliabad,4197,154370,150173,Golestan
Aliabad,-9730,147685,157415,Golestan
Aliabad,-16772,158013,174785,Golestan
Aliabad,-10070,173377,183447,Golestan
Aliabad,-15016,177609,192625,Golestan
Aliabad,-16208,175572,191780,Golestan
Aliabad,-14378,177485,191863,Golestan
Aliabad,-15690,175216,190906,Golestan
Aliabad,-11110,174963,186073,Golestan
Aliabad,-10580,173614,184194,Golestan
Aliabad,-4423,176496,180919,Golestan
Aliabad,406,167710,167304,Golestan
Aliabad,-14957,133100,148057,Golestan
Aliabad,-16686,133706,150392,Golestan
Aliabad,-11187,125317,136504,Golestan
Aliabad,-5529,126633,132162,Golestan
Aliabad,-3888,128718,132606,Golestan
Aliabad,2236,128345,126109,Golestan
