City,Net,Input,Output,Province
Amlash,1294,11100,9806,Gilan
Amlash,1547,11555,10008,Gilan
Amlash,1204,11019,9815,Gilan
Amlash,1360,12059,10699,Gilan
Amlash,1733,10498,8765,Gilan
Amlash,2074,13114,11040,Gilan
Amlash,985,12952,11967,Gilan
Amlash,1045,14327,13282,Gilan
Amlash,1223,15424,14201,Gilan
Amlash,722,14865,14143,Gilan
Amlash,804,13652,12848,Gilan
Amlash,1126,13953,12827,Gilan
Amlash,1119,14133,13014,Gilan
Amlash,817,13692,12875,Gilan
Amlash,1040,14224,13184,Gilan
Amlash,780,13723,12943,Gilan
Amlash,370,11961,11591,Gilan
Amlash,-441,10475,10916,Gilan
Amlash,-297,9464,9761,Gilan
Amlash,424,9399,8975,Gilan
Amlash,636,9220,8584,Gilan
Amlash,637,9312,8675,Gilan
Amlash,956,9362,8406,Gilan
