City,Net,Input,Output,Province
Amol,-39537,94918,134455,Mazandaran
Amol,-31955,112519,144474,Mazandaran
Amol,-10761,125562,136323,Mazandaran
Amol,-6413,136251,142664,Mazandaran
Amol,-5498,105364,110862,Mazandaran
Amol,-1115,122250,123365,Mazandaran
Amol,-4257,118777,123034,Mazandaran
Amol,532,143029,142497,Mazandaran
Amol,-11440,152339,163779,Mazandaran
Amol,-10219,152392,162611,Mazandaran
Amol,-11859,157218,169077,Mazandaran
Amol,-7766,158707,166473,Mazandaran
Amol,-33390,132031,165421,Mazandaran
Amol,-35160,127709,162869,Mazandaran
Amol,-47566,120993,168559,Mazandaran
Amol,-56952,108866,165818,Mazandaran
Amol,-26804,124642,151446,Mazandaran
Amol,-12127,108794,120921,Mazandaran
Amol,-30800,99152,129952,Mazandaran
Amol,-37498,88336,125834,Mazandaran
Amol,-35937,85826,121763,Mazandaran
Amol,-36346,91957,128303,Mazandaran
Amol,-35595,86827,122422,Mazandaran
