City,Net,Input,Output,Province
Anzali,-1766,35637,37403,Gilan
Anzali,2038,36496,34458,Gilan
Anzali,1481,39104,37623,Gilan
Anzali,1615,39511,37896,Gilan
Anzali,2926,32527,29601,Gilan
Anzali,3027,40347,37320,Gilan
Anzali,2593,45029,42436,Gilan
Anzali,-136,50702,50838,Gilan
Anzali,-7,51851,51858,Gilan
Anzali,-557,55268,55825,Gilan
Anzali,-1061,54367,55428,Gilan
Anzali,599,55492,54893,Gilan
Anzali,1130,58157,57027,Gilan
Anzali,-13,53502,53515,Gilan
Anzali,-879,57231,58110,Gilan
Anzali,-2047,54106,56153,Gilan
Anzali,-3156,49528,52684,Gilan
Anzali,-3111,43662,46773,Gilan
Anzali,-4645,37627,42272,Gilan
Anzali,-1343,36518,37861,Gilan
Anzali,-279,34743,35022,Gilan
Anzali,103,36409,36306,Gilan
Anzali,1710,37019,35309,Gilan
