City,Net,Input,Output,Province
Aq Chay,-56,4087,4143,Gilan
Aq Chay,-69,6500,6569,Gilan
Aq Chay,153,7414,7261,Gilan
Aq Chay,423,7633,7210,Gilan
Aq Chay,-1022,5900,6922,Gilan
Aq Chay,-1556,6493,8049,Gilan
Aq Chay,-497,7080,7577,Gilan
Aq Chay,1301,9224,7923,Gilan
Aq Chay,2513,12155,9642,Gilan
Aq Chay,3270,10226,6956,Gilan
Aq Chay,4233,13968,9735,Gilan
Aq Chay,2997,8888,5891,Gilan
Aq Chay,1885,13963,12078,Gilan
Aq Chay,2316,13192,10876,Gilan
Aq Chay,1483,13483,12000,Gilan
Aq Chay,565,12913,12348,Gilan
Aq Chay,-303,13439,13742,Gilan
Aq Chay,4083,13411,9328,Gilan
Aq Chay,2499,9724,7225,Gilan
Aq Chay,-1745,5110,6855,Gilan
Aq Chay,-824,4214,5038,Gilan
Aq Chay,-325,5167,5492,Gilan
Aq Chay,-490,5380,5870,Gilan
