City,Net,Input,Output,Province
Aq Qala,-596,40175,40771,Golestan
Aq Qala,-504,42056,42560,Golestan
Aq Qala,-1031,36060,37091,Golestan
Aq Qala,-622,44364,44986,Golestan
Aq Qala,-465,35161,35626,Golestan
Aq Qala,-1228,30236,31464,Golestan
Aq Qala,-1188,31858,33046,Golestan
Aq Qala,-1227,33962,35189,Golestan
Aq Qala,-1389,38482,39871,Golestan
Aq Qala,-1542,35469,37011,Golestan
Aq Qala,-1124,41263,42387,Golestan
Aq Qala,-1224,41911,43135,Golestan
Aq Qala,-1593,41006,42599,Golestan
Aq Qala,-1205,41249,42454,Golestan
Aq Qala,-1569,42356,43925,Golestan
Aq Qala,-1057,42759,43816,Golestan
Aq Qala,-1323,37687,39010,Golestan
Aq Qala,-1164,26056,27220,Golestan
Aq Qala,-722,36278,37000,Golestan
Aq Qala,-792,36911,37703,Golestan
Aq Qala,-731,36764,37495,Golestan
Aq Qala,-514,37439,37953,Golestan
Aq Qala,-420,36978,37398,Golestan
