City,Net,Input,Output,Province
Asalem,10241,13794,3553,Gilan
Asalem,1456,17431,15975,Gilan
Asalem,2112,17652,15540,Gilan
Asalem,1995,18922,16927,Gilan
Asalem,2630,16931,14301,Gilan
Asalem,409,15814,15405,Gilan
Asalem,-835,19830,20665,Gilan
Asalem,-225,22315,22540,Gilan
Asalem,-261,23059,23320,Gilan
Asalem,-1059,25613,26672,Gilan
Asalem,-621,24098,24719,Gilan
Asalem,509,25446,24937,Gilan
Asalem,363,24871,24508,Gilan
Asalem,-656,24400,25056,Gilan
Asalem,-1643,24840,26483,Gilan
Asalem,-2299,22844,25143,Gilan
Asalem,-3228,22773,26001,Gilan
Asalem,-1890,23102,24992,Gilan
Asalem,-5924,16107,22031,Gilan
Asalem,-3928,14318,18246,Gilan
Asalem,-1607,14701,16308,Gilan
Asalem,-492,15011,15503,Gilan
Asalem,-557,13961,14518,Gilan
