City,Net,Input,Output,Province
Astaneh,785,83455,82670,Gilan
Astaneh,2190,82033,79843,Gilan
Astaneh,253,76053,75800,Gilan
Astaneh,267,79815,79548,Gilan
Astaneh,1396,63705,62309,Gilan
Astaneh,2701,73355,70654,Gilan
Astaneh,-38112,39999,78111,Gilan
Astaneh,-48771,40782,89553,Gilan
Astaneh,-15049,83965,99014,Gilan
Astaneh,576,102402,101826,Gilan
Astaneh,-42525,59114,101639,Gilan
Astaneh,-26494,64931,91425,Gilan
Astaneh,-10224,92589,102813,Gilan
Astaneh,-30382,71286,101668,Gilan
Astaneh,-26200,80969,107169,Gilan
Astaneh,-5740,97792,103532,Gilan
Astaneh,-1841,89051,90892,Gilan
Astaneh,-3310,73444,76754,Gilan
Astaneh,-2492,75375,77867,Gilan
Astaneh,-4508,71377,75885,Gilan
Astaneh,6,68212,68206,Gilan
Astaneh,-5306,67140,72446,Gilan
Astaneh,-800,65206,66006,Gilan
