City,Net,Input,Output,Province
Astara,-1043,13535,14578,Gilan
Astara,21,17081,17060,Gilan
Astara,-596,17451,18047,Gilan
Astara,-926,17822,18748,Gilan
Astara,-76,16280,16356,Gilan
Astara,-1943,16896,18839,Gilan
Astara,-1553,17249,18802,Gilan
Astara,-1522,20599,22121,Gilan
Astara,-1393,23756,25149,Gilan
Astara,-977,22790,23767,Gilan
Astara,-2598,24894,27492,Gilan
Astara,-1497,21706,23203,Gilan
Astara,-1037,27106,28143,Gilan
Astara,-1878,26482,28360,Gilan
Astara,-1598,27306,28904,Gilan
Astara,-1021,26523,27544,Gilan
Astara,-942,26582,27524,Gilan
Astara,-3506,19260,22766,Gilan
Astara,-4565,16698,21263,Gilan
Astara,-1527,14794,16321,Gilan
Astara,-804,12615,13419,Gilan
Astara,-893,13333,14226,Gilan
Astara,-599,14161,14760,Gilan
