City,Net,Input,Output,Province
Azadshahr,675,46407,45732,Golestan
Azadshahr,1104,52340,51236,Golestan
Azadshahr,2666,56221,53555,Golestan
Azadshahr,1318,60608,59290,Golestan
Azadshahr,304,49729,49425,Golestan
Azadshahr,1564,57537,55973,Golestan
Azadshahr,1216,58648,57432,Golestan
Azadshahr,687,63578,62891,Golestan
Azadshahr,1429,68031,66602,Golestan
Azadshahr,301,68721,68420,Golestan
Azadshahr,372,67884,67512,Golestan
Azadshahr,656,67614,66958,Golestan
Azadshahr,7348,66082,58734,Golestan
Azadshahr,863,64075,63212,Golestan
Azadshahr,-1164,61802,62966,Golestan
Azadshahr,3061,63653,60592,Golestan
Azadshahr,4605,62628,58023,Golestan
Azadshahr,3715,51247,47532,Golestan
Azadshahr,103,50759,50656,Golestan
Azadshahr,4223,41576,37353,Golestan
Azadshahr,798,43538,42740,Golestan
Azadshahr,-51,43797,43848,Golestan
Azadshahr,172,43325,43153,Golestan
