City,Net,Input,Output,Province
Babolsar,-25655,51247,76902,Mazandaran
Babolsar,-26332,52453,78785,Mazandaran
Babolsar,-38847,43473,82320,Mazandaran
Babolsar,-33832,49463,83295,Mazandaran
Babolsar,-26574,37403,63977,Mazandaran
Babolsar,-26844,42218,69062,Mazandaran
Babolsar,-28716,47568,76284,Mazandaran
Babolsar,-35793,52002,87795,Mazandaran
Babolsar,-37258,57625,94883,Mazandaran
Babolsar,-37778,58676,96454,Mazandaran
Babolsar,-37525,60305,97830,Mazandaran
Babolsar,-40380,59444,99824,Mazandaran
Babolsar,-39554,60007,99561,Mazandaran
Babolsar,-38354,59613,97967,Mazandaran
Babolsar,-41900,57556,99456,Mazandaran
Babolsar,-40053,57690,97743,Mazandaran
Babolsar,-39089,51766,90855,Mazandaran
Babolsar,-35463,40636,76099,Mazandaran
Babolsar,-38112,39528,77640,Mazandaran
Babolsar,-38273,38062,76335,Mazandaran
Babolsar,-34688,37303,71991,Mazandaran
Babolsar,-35745,38849,74594,Mazandaran
Babolsar,-31890,41092,72982,Mazandaran
