City,Net,Input,Output,Province
Babol,48234,179817,131583,Mazandaran
Babol,48448,181048,132600,Mazandaran
Babol,44359,174613,130254,Mazandaran
Babol,35489,177114,141625,Mazandaran
Babol,28018,132937,104919,Mazandaran
Babol,26361,143480,117119,Mazandaran
Babol,26604,149312,122708,Mazandaran
Babol,23944,165698,141754,Mazandaran
Babol,26870,176920,150050,Mazandaran
Babol,25157,184536,159379,Mazandaran
Babol,26812,194225,167413,Mazandaran
Babol,29641,197183,167542,Mazandaran
Babol,49436,196199,146763,Mazandaran
Babol,52470,192343,139873,Mazandaran
Babol,62820,199098,136278,Mazandaran
Babol,61872,192243,130371,Mazandaran
Babol,27833,171774,143941,Mazandaran
Babol,27794,140075,112281,Mazandaran
Babol,41680,158590,116910,Mazandaran
Babol,54043,160513,106470,Mazandaran
Babol,54208,158057,103849,Mazandaran
Babol,47445,155890,108445,Mazandaran
Babol,49392,156848,107456,Mazandaran
