City,Net,Input,Output,Province
Behnamir,1497,11779,10282,Mazandaran
Behnamir,842,12689,11847,Mazandaran
Behnamir,1125,11619,10494,Mazandaran
Behnamir,1130,13118,11988,Mazandaran
Behnamir,810,10389,9579,Mazandaran
Behnamir,57,10343,10286,Mazandaran
Behnamir,-402,11276,11678,Mazandaran
Behnamir,74,13150,13076,Mazandaran
Behnamir,1034,15088,14054,Mazandaran
Behnamir,1409,15482,14073,Mazandaran
Behnamir,1003,15242,14239,Mazandaran
Behnamir,723,15274,14551,Mazandaran
Behnamir,766,15319,14553,Mazandaran
Behnamir,1063,15258,14195,Mazandaran
Behnamir,1700,15680,13980,Mazandaran
Behnamir,1769,15930,14161,Mazandaran
Behnamir,1843,14012,12169,Mazandaran
Behnamir,2037,11401,9364,Mazandaran
Behnamir,1419,11367,9948,Mazandaran
Behnamir,1252,11250,9998,Mazandaran
Behnamir,1282,11206,9924,Mazandaran
Behnamir,1758,11443,9685,Mazandaran
Behnamir,1470,11741,10271,Mazandaran
