City,Net,Input,Output,Province
Behshahr,1771,43577,41806,Mazandaran
Behshahr,2557,45809,43252,Mazandaran
Behshahr,2729,50863,48134,Mazandaran
Behshahr,2186,51584,49398,Mazandaran
Behshahr,2081,40982,38901,Mazandaran
Behshahr,1849,47121,45272,Mazandaran
Behshahr,1263,45378,44115,Mazandaran
Behshahr,1875,55009,53134,Mazandaran
Behshahr,1124,57083,55959,Mazandaran
Behshahr,1099,61656,60557,Mazandaran
Behshahr,646,59768,59122,Mazandaran
Behshahr,498,56212,55714,Mazandaran
Behshahr,1189,61427,60238,Mazandaran
Behshahr,997,55100,54103,Mazandaran
Behshahr,5697,58069,52372,Mazandaran
Behshahr,6776,56216,49440,Mazandaran
Behshahr,247,51778,51531,Mazandaran
Behshahr,1069,39446,38377,Mazandaran
Behshahr,25,46265,46240,Mazandaran
Behshahr,290,39554,39264,Mazandaran
Behshahr,409,37587,37178,Mazandaran
Behshahr,538,35996,35458,Mazandaran
Behshahr,624,36083,35459,Mazandaran
