City,Net,Input,Output,Province
Chaboksar,9377,58844,49467,Gilan
Chaboksar,6716,61281,54565,Gilan
Chaboksar,1805,60853,59048,Gilan
Chaboksar,1139,57840,56701,Gilan
Chaboksar,3192,53759,50567,Gilan
Chaboksar,3878,62099,58221,Gilan
Chaboksar,3556,75626,72070,Gilan
Chaboksar,136,90706,90570,Gilan
Chaboksar,10314,90451,80137,Gilan
Chaboksar,9167,94998,85831,Gilan
Chaboksar,7144,84762,77618,Gilan
Chaboksar,4305,86041,81736,Gilan
Chaboksar,1762,81823,80061,Gilan
Chaboksar,8078,88192,80114,Gilan
Chaboksar,7767,82168,74401,Gilan
Chaboksar,4979,81799,76820,Gilan
Chaboksar,1973,68704,66731,Gilan
Chaboksar,65,52175,52110,Gilan
Chaboksar,-4523,48602,53125,Gilan
Chaboksar,-4093,44497,48590,Gilan
Chaboksar,-1496,43316,44812,Gilan
Chaboksar,-468,44882,45350,Gilan
Chaboksar,2027,43380,41353,Gilan
