City,Net,Input,Output,Province
Chalus,1843,94991,93148,Mazandaran
Chalus,-628,101166,101794,Mazandaran
Chalus,-5078,95565,100643,Mazandaran
Chalus,-824,111053,111877,Mazandaran
Chalus,-2866,96285,99151,Mazandaran
Chalus,-7520,100685,108205,Mazandaran
Chalus,-6950,109777,116727,Mazandaran
Chalus,-8663,119523,128186,Mazandaran
Chalus,-15900,122015,137915,Mazandaran
Chalus,-4423,130788,135211,Mazandaran
Chalus,438,145343,144905,Mazandaran
Chalus,684,145862,145178,Mazandaran
Chalus,1034,146780,145746,Mazandaran
Chalus,-8498,138892,147390,Mazandaran
Chalus,-3039,138372,141411,Mazandaran
Chalus,97,133366,133269,Mazandaran
Chalus,-193,117184,117377,Mazandaran
Chalus,4927,94782,89855,Mazandaran
Chalus,9846,106423,96577,Mazandaran
Chalus,3566,97242,93676,Mazandaran
Chalus,3585,89788,86203,Mazandaran
Chalus,1437,95724,94287,Mazandaran
Chalus,7099,99935,92836,Mazandaran
