City,Net,Input,Output,Province
Dabudsht,-357,6027,6384,Mazandaran
Dabudsht,-1525,6251,7776,Mazandaran
Dabudsht,-3359,5730,9089,Mazandaran
Dabudsht,-2954,4647,7601,Mazandaran
Dabudsht,-143,181,324,Mazandaran
Dabudsht,-1740,3723,5463,Mazandaran
Dabudsht,-877,2775,3652,Mazandaran
Dabudsht,-1133,6115,7248,Mazandaran
Dabudsht,-1952,5946,7898,Mazandaran
Dabudsht,-2414,5334,7748,Mazandaran
Dabudsht,-1655,6475,8130,Mazandaran
Dabudsht,-347,5321,5668,Mazandaran
Dabudsht,-3157,5211,8368,Mazandaran
Dabudsht,-3443,4695,8138,Mazandaran
Dabudsht,-1662,5034,6696,Mazandaran
Dabudsht,-2294,4817,7111,Mazandaran
Dabudsht,-3460,4185,7645,Mazandaran
Dabudsht,-3270,3586,6856,Mazandaran
Dabudsht,-2672,3221,5893,Mazandaran
Dabudsht,-2960,2974,5934,Mazandaran
Dabudsht,-3147,3162,6309,Mazandaran
Dabudsht,-3556,3237,6793,Mazandaran
Dabudsht,-2726,4164,6890,Mazandaran
