City,Net,Input,Output,Province
Deylaman,23,763,740,Gilan
Deylaman,330,1302,972,Gilan
Deylaman,378,1691,1313,Gilan
Deylaman,462,1545,1083,Gilan
Deylaman,686,1582,896,Gilan
Deylaman,382,2061,1679,Gilan
Deylaman,151,2345,2194,Gilan
Deylaman,-20,2582,2602,Gilan
Deylaman,8,2950,2942,Gilan
Deylaman,-199,3442,3641,Gilan
Deylaman,30,2650,2620,Gilan
Deylaman,150,2987,2837,Gilan
Deylaman,100,3386,3286,Gilan
Deylaman,-43,2935,2978,Gilan
Deylaman,-33,3586,3619,Gilan
Deylaman,556,3354,2798,Gilan
Deylaman,311,4386,4075,Gilan
Deylaman,-1107,5152,6259,Gilan
Deylaman,-1061,1231,2292,Gilan
Deylaman,-202,1040,1242,Gilan
Deylaman,34,1211,1177,Gilan
Deylaman,139,1270,1131,Gilan
Deylaman,309,1327,1018,Gilan
