City,Net,Input,Output,Province
Doab,8851,22322,13471,Mazandaran
Doab,9502,23676,14174,Mazandaran
Doab,7171,22315,15144,Mazandaran
Doab,5087,17051,11964,Mazandaran
Doab,3036,9432,6396,Mazandaran
Doab,-1669,3516,5185,Mazandaran
Doab,6823,16065,9242,Mazandaran
Doab,1094,19149,18055,Mazandaran
Doab,-3895,26551,30446,Mazandaran
Doab,-14237,19863,34100,Mazandaran
Doab,-3574,20500,24074,Mazandaran
Doab,-5012,25025,30037,Mazandaran
Doab,-2338,27698,30036,Mazandaran
Doab,-3660,25748,29408,Mazandaran
Doab,-10862,20396,31258,Mazandaran
Doab,-16775,19361,36136,Mazandaran
Doab,-10851,13472,24323,Mazandaran
Doab,-15052,17698,32750,Mazandaran
Doab,-17652,13006,30658,Mazandaran
Doab,-8291,16333,24624,Mazandaran
Doab,-2130,15597,17727,Mazandaran
Doab,1356,18892,17536,Mazandaran
Doab,1510,19612,18102,Mazandaran
