City,Net,Input,Output,Province
Fereydunkenar,6598,56746,50148,Mazandaran
Fereydunkenar,7729,60557,52828,Mazandaran
Fereydunkenar,9741,64464,54723,Mazandaran
Fereydunkenar,10128,67764,57636,Mazandaran
Fereydunkenar,6696,49067,42371,Mazandaran
Fereydunkenar,8913,62848,53935,Mazandaran
Fereydunkenar,8984,67307,58323,Mazandaran
Fereydunkenar,12537,80772,68235,Mazandaran
Fereydunkenar,11569,86821,75252,Mazandaran
Fereydunkenar,10138,85261,75123,Mazandaran
Fereydunkenar,9597,87081,77484,Mazandaran
Fereydunkenar,8554,83468,74914,Mazandaran
Fereydunkenar,11840,87013,75173,Mazandaran
Fereydunkenar,11200,86146,74946,Mazandaran
Fereydunkenar,11309,83665,72356,Mazandaran
Fereydunkenar,10585,81161,70576,Mazandaran
Fereydunkenar,10077,74270,64193,Mazandaran
Fereydunkenar,7989,60533,52544,Mazandaran
Fereydunkenar,9250,55250,46000,Mazandaran
Fereydunkenar,10105,53845,43740,Mazandaran
Fereydunkenar,10052,52775,42723,Mazandaran
Fereydunkenar,10756,56218,45462,Mazandaran
Fereydunkenar,10598,56497,45899,Mazandaran
