City,Net,Input,Output,Province
Fuman,32191,52269,20078,Gilan
Fuman,44233,60003,15770,Gilan
Fuman,41575,56289,14714,Gilan
Fuman,42338,57802,15464,Gilan
Fuman,43685,55519,11834,Gilan
Fuman,48180,61768,13588,Gilan
Fuman,35653,48833,13180,Gilan
Fuman,35481,55881,20400,Gilan
Fuman,32578,60084,27506,Gilan
Fuman,26835,59503,32668,Gilan
Fuman,30047,62549,32502,Gilan
Fuman,40780,68906,28126,Gilan
Fuman,37159,67347,30188,Gilan
Fuman,34131,62583,28452,Gilan
Fuman,24179,61587,37408,Gilan
Fuman,19058,59140,40082,Gilan
Fuman,7346,49312,41966,Gilan
Fuman,12162,46577,34415,Gilan
Fuman,-8019,51745,59764,Gilan
Fuman,8420,54538,46118,Gilan
Fuman,19755,55145,35390,Gilan
Fuman,23929,56076,32147,Gilan
Fuman,25303,58529,33226,Gilan
