City,Net,Input,Output,Province
Gaduk,-5423,13642,19065,Mazandaran
Gaduk,-9196,10212,19408,Mazandaran
Gaduk,-8491,11594,20085,Mazandaran
Gaduk,-8745,9618,18363,Mazandaran
Gaduk,-9751,6830,16581,Mazandaran
Gaduk,-10319,9829,20148,Mazandaran
Gaduk,-7230,13007,20237,Mazandaran
Gaduk,-5230,14434,19664,Mazandaran
Gaduk,1087,17378,16291,Mazandaran
Gaduk,6178,26340,20162,Mazandaran
Gaduk,4275,25009,20734,Mazandaran
Gaduk,180,19932,19752,Mazandaran
Gaduk,-243,18160,18403,Mazandaran
Gaduk,2382,18004,15622,Mazandaran
Gaduk,5071,19885,14814,Mazandaran
Gaduk,10428,22834,12406,Mazandaran
Gaduk,17250,26752,9502,Mazandaran
Gaduk,18248,24249,6001,Mazandaran
Gaduk,20760,26923,6163,Mazandaran
Gaduk,8025,14451,6426,Mazandaran
Gaduk,3039,9372,6333,Mazandaran
Gaduk,-293,7936,8229,Mazandaran
Gaduk,-94,7757,7851,Mazandaran
