City,Net,Input,Output,Province
Galikesh,676,13854,13178,Golestan
Galikesh,939,15266,14327,Golestan
Galikesh,1246,15965,14719,Golestan
Galikesh,2144,18675,16531,Golestan
Galikesh,1030,15751,14721,Golestan
Galikesh,-594,15952,16546,Golestan
Galikesh,-1630,15822,17452,Golestan
Galikesh,-1138,16495,17633,Golestan
Galikesh,-598,17465,18063,Golestan
Galikesh,-809,17485,18294,Golestan
Galikesh,-1008,17787,18795,Golestan
Galikesh,-1442,17383,18825,Golestan
Galikesh,-982,17259,18241,Golestan
Galikesh,-862,17139,18001,Golestan
Galikesh,-734,17147,17881,Golestan
Galikesh,-241,17479,17720,Golestan
Galikesh,-224,16678,16902,Golestan
Galikesh,63,13041,12978,Golestan
Galikesh,-460,14933,15393,Golestan
Galikesh,-936,13103,14039,Golestan
Galikesh,-797,12309,13106,Golestan
Galikesh,-401,12004,12405,Golestan
Galikesh,-101,12240,12341,Golestan
