City,Net,Input,Output,Province
Galugah,1184,35221,34037,Mazandaran
Galugah,3064,34596,31532,Mazandaran
Galugah,-3910,58752,62662,Mazandaran
Galugah,-5351,61384,66735,Mazandaran
Galugah,-206,45190,45396,Mazandaran
Galugah,3596,35523,31927,Mazandaran
Galugah,-611,22568,23179,Mazandaran
Galugah,-1669,35964,37633,Mazandaran
Galugah,-2120,24210,26330,Mazandaran
Galugah,-3293,24697,27990,Mazandaran
Galugah,-3609,24336,27945,Mazandaran
Galugah,2727,67998,65271,Mazandaran
Galugah,-3185,35889,39074,Mazandaran
Galugah,-3012,21232,24244,Mazandaran
Galugah,-7395,19864,27259,Mazandaran
Galugah,-3836,59679,63515,Mazandaran
Galugah,3735,73365,69630,Mazandaran
Galugah,977,39182,38205,Mazandaran
Galugah,-6107,17909,24016,Mazandaran
Galugah,-3524,14786,18310,Mazandaran
Galugah,-1427,15382,16809,Mazandaran
Galugah,-453,14291,14744,Mazandaran
Galugah,334,15088,14754,Mazandaran
