City,Net,Input,Output,Province
Garmab,72,2113,2041,Mazandaran
Garmab,118,2560,2442,Mazandaran
Garmab,1036,4408,3372,Mazandaran
Garmab,324,3696,3372,Mazandaran
Garmab,-218,3144,3362,Mazandaran
Garmab,-594,4211,4805,Mazandaran
Garmab,760,5025,4265,Mazandaran
Garmab,1378,5482,4104,Mazandaran
Garmab,424,5510,5086,Mazandaran
Garmab,1004,6690,5686,Mazandaran
Garmab,931,5616,4685,Mazandaran
Garmab,694,5372,4678,Mazandaran
Garmab,712,5226,4514,Mazandaran
Garmab,150,4780,4630,Mazandaran
Garmab,-169,4783,4952,Mazandaran
Garmab,-2007,4696,6703,Mazandaran
Garmab,-1720,5531,7251,Mazandaran
Garmab,2624,6502,3878,Mazandaran
Garmab,555,3879,3324,Mazandaran
Garmab,34,2287,2253,Mazandaran
Garmab,106,2030,1924,Mazandaran
Garmab,-227,2005,2232,Mazandaran
Garmab,-1365,2162,3527,Mazandaran
