City,Net,Input,Output,Province
Garzin Kheil,1449,34771,33322,Mazandaran
Garzin Kheil,852,31337,30485,Mazandaran
Garzin Kheil,1011,33550,32539,Mazandaran
Garzin Kheil,808,29200,28392,Mazandaran
Garzin Kheil,748,24546,23798,Mazandaran
Garzin Kheil,1062,31620,30558,Mazandaran
Garzin Kheil,2668,35400,32732,Mazandaran
Garzin Kheil,1506,36466,34960,Mazandaran
Garzin Kheil,721,34723,34002,Mazandaran
Garzin Kheil,2204,47884,45680,Mazandaran
Garzin Kheil,1860,47258,45398,Mazandaran
Garzin Kheil,1790,40834,39044,Mazandaran
Garzin Kheil,1413,37897,36484,Mazandaran
Garzin Kheil,2194,34871,32677,Mazandaran
Garzin Kheil,2054,35432,33378,Mazandaran
Garzin Kheil,1763,36676,34913,Mazandaran
Garzin Kheil,1373,38123,36750,Mazandaran
Garzin Kheil,427,31445,31018,Mazandaran
Garzin Kheil,539,33571,33032,Mazandaran
Garzin Kheil,662,21643,20981,Mazandaran
Garzin Kheil,361,16370,16009,Mazandaran
Garzin Kheil,972,16778,15806,Mazandaran
Garzin Kheil,1239,16743,15504,Mazandaran
