City,Net,Input,Output,Province
Gatab,116,18372,18256,Mazandaran
Gatab,740,20159,19419,Mazandaran
Gatab,-561,18735,19296,Mazandaran
Gatab,-131,19326,19457,Mazandaran
Gatab,2443,17273,14830,Mazandaran
Gatab,943,18764,17821,Mazandaran
Gatab,-463,15930,16393,Mazandaran
Gatab,-1024,17288,18312,Mazandaran
Gatab,-121,19104,19225,Mazandaran
Gatab,-591,19123,19714,Mazandaran
Gatab,-819,19841,20660,Mazandaran
Gatab,-151,20056,20207,Mazandaran
Gatab,296,20357,20061,Mazandaran
Gatab,-308,19500,19808,Mazandaran
Gatab,444,20611,20167,Mazandaran
Gatab,1550,22132,20582,Mazandaran
Gatab,1304,20243,18939,Mazandaran
Gatab,-4267,15520,19787,Mazandaran
Gatab,-944,15586,16530,Mazandaran
Gatab,164,16482,16318,Mazandaran
Gatab,-31,16331,16362,Mazandaran
Gatab,480,16937,16457,Mazandaran
Gatab,1804,18606,16802,Mazandaran
