City,Net,Input,Output,Province
Gazanak,326,11277,10951,Mazandaran
Gazanak,-514,28474,28988,Mazandaran
Gazanak,107,30425,30318,Mazandaran
Gazanak,-1,30790,30791,Mazandaran
Gazanak,-261,27906,28167,Mazandaran
Gazanak,-365,34972,35337,Mazandaran
Gazanak,-325,32250,32575,Mazandaran
Gazanak,-190,34587,34777,Mazandaran
Gazanak,-179,37042,37221,Mazandaran
Gazanak,-141,36039,36180,Mazandaran
Gazanak,816,42168,41352,Mazandaran
Gazanak,-598,45040,45638,Mazandaran
Gazanak,-122,39787,39909,Mazandaran
Gazanak,-617,39373,39990,Mazandaran
Gazanak,-156,40172,40328,Mazandaran
Gazanak,-584,37578,38162,Mazandaran
Gazanak,-272,33532,33804,Mazandaran
Gazanak,-1189,26162,27351,Mazandaran
Gazanak,-567,29769,30336,Mazandaran
Gazanak,-299,24309,24608,Mazandaran
Gazanak,-299,18880,19179,Mazandaran
Gazanak,-72,20504,20576,Mazandaran
Gazanak,254,19816,19562,Mazandaran
