City,Net,Input,Output,Province
Gilvan,-60,1850,1910,Gilan
Gilvan,257,2210,1953,Gilan
Gilvan,-15,2127,2142,Gilan
Gilvan,354,2510,2156,Gilan
Gilvan,675,2614,1939,Gilan
Gilvan,-568,1985,2553,Gilan
Gilvan,-236,1669,1905,Gilan
Gilvan,199,1987,1788,Gilan
Gilvan,333,2493,2160,Gilan
Gilvan,377,3295,2918,Gilan
Gilvan,422,3068,2646,Gilan
Gilvan,416,3060,2644,Gilan
Gilvan,252,2921,2669,Gilan
Gilvan,399,3053,2654,Gilan
Gilvan,331,3023,2692,Gilan
Gilvan,441,3190,2749,Gilan
Gilvan,115,2824,2709,Gilan
Gilvan,-1093,2023,3116,Gilan
Gilvan,-2040,1648,3688,Gilan
Gilvan,-649,1517,2166,Gilan
Gilvan,-128,1415,1543,Gilan
Gilvan,-32,1640,1672,Gilan
Gilvan,60,1510,1450,Gilan
