City,Net,Input,Output,Province
Gomishan,-467,6277,6744,Golestan
Gomishan,-451,6237,6688,Golestan
Gomishan,-5363,5350,10713,Golestan
Gomishan,-7898,6744,14642,Golestan
Gomishan,-6743,5701,12444,Golestan
Gomishan,-382,6141,6523,Golestan
Gomishan,-488,6363,6851,Golestan
Gomishan,-670,6565,7235,Golestan
Gomishan,-4394,6549,10943,Golestan
Gomishan,-17788,6383,24171,Golestan
Gomishan,-8735,6714,15449,Golestan
Gomishan,-6640,6877,13517,Golestan
Gomishan,-900,6737,7637,Golestan
Gomishan,-703,6566,7269,Golestan
Gomishan,-840,6655,7495,Golestan
Gomishan,-1583,6475,8058,Golestan
Gomishan,-1495,6173,7668,Golestan
Gomishan,-1668,5123,6791,Golestan
Gomishan,-622,4654,5276,Golestan
Gomishan,-3266,4746,8012,Golestan
Gomishan,-760,4793,5553,Golestan
Gomishan,-717,5133,5850,Golestan
Gomishan,-479,5062,5541,Golestan
