City,Net,Input,Output,Province
Gonbad,3780,48913,45133,Golestan
Gonbad,3634,50768,47134,Golestan
Gonbad,3623,47757,44134,Golestan
Gonbad,4208,56012,51804,Golestan
Gonbad,2446,46305,43859,Golestan
Gonbad,1800,43400,41600,Golestan
Gonbad,2765,45271,42506,Golestan
Gonbad,3097,48310,45213,Golestan
Gonbad,-650,49084,49734,Golestan
Gonbad,2948,48850,45902,Golestan
Gonbad,3901,55125,51224,Golestan
Gonbad,4246,55921,51675,Golestan
Gonbad,3674,54745,51071,Golestan
Gonbad,3813,54946,51133,Golestan
Gonbad,3399,55367,51968,Golestan
Gonbad,1900,54849,52949,Golestan
Gonbad,-2123,48225,50348,Golestan
Gonbad,-1098,39834,40932,Golestan
Gonbad,1877,45756,43879,Golestan
Gonbad,-739,42520,43259,Golestan
Gonbad,323,43437,43114,Golestan
Gonbad,-42,43388,43430,Golestan
Gonbad,-637,43098,43735,Golestan
