City,Net,Input,Output,Province
Gorgan,2200,98561,96361,Golestan
Gorgan,-3563,97357,100920,Golestan
Gorgan,-2953,114626,117579,Golestan
Gorgan,-13809,162663,176472,Golestan
Gorgan,-14651,127133,141784,Golestan
Gorgan,-3503,147638,151141,Golestan
Gorgan,14298,155720,141422,Golestan
Gorgan,22514,173331,150817,Golestan
Gorgan,13674,182398,168724,Golestan
Gorgan,20354,191107,170753,Golestan
Gorgan,21149,194980,173831,Golestan
Gorgan,19526,196507,176981,Golestan
Gorgan,20588,195478,174890,Golestan
Gorgan,15027,191275,176248,Golestan
Gorgan,13686,190833,177147,Golestan
Gorgan,5260,186620,181360,Golestan
Gorgan,138,171639,171501,Golestan
Gorgan,15855,153853,137998,Golestan
Gorgan,18895,160242,141347,Golestan
Gorgan,13922,153720,139798,Golestan
Gorgan,7810,144800,136990,Golestan
Gorgan,5265,145732,140467,Golestan
Gorgan,-1863,137378,139241,Golestan
