City,Net,Input,Output,Province
Hasanrud,7453,7453,0,Gilan
Hasanrud,6413,6413,0,Gilan
Hasanrud,7296,7296,0,Gilan
Hasanrud,7155,7155,0,Gilan
Hasanrud,5620,5620,0,Gilan
Hasanrud,7863,7863,0,Gilan
Hasanrud,9646,9646,0,Gilan
Hasanrud,10865,10865,0,Gilan
Hasanrud,10693,10693,0,Gilan
Hasanrud,10869,10869,0,Gilan
Hasanrud,11707,11707,0,Gilan
Hasanrud,11360,11360,0,Gilan
Hasanrud,11759,11759,0,Gilan
Hasanrud,12012,12012,0,Gilan
Hasanrud,11894,11894,0,Gilan
Hasanrud,10553,10553,0,Gilan
Hasanrud,10765,10765,0,Gilan
Hasanrud,9234,9234,0,Gilan
Hasanrud,7715,7715,0,Gilan
Hasanrud,6133,6133,0,Gilan
Hasanrud,5861,5861,0,Gilan
Hasanrud,5866,5866,0,Gilan
Hasanrud,6117,6117,0,Gilan
