City,Net,Input,Output,Province
Hazarcham,12561,14643,2082,Mazandaran
Hazarcham,15402,17538,2136,Mazandaran
Hazarcham,13098,17181,4083,Mazandaran
Hazarcham,18626,22995,4369,Mazandaran
Hazarcham,14285,16504,2219,Mazandaran
Hazarcham,23590,26859,3269,Mazandaran
Hazarcham,19792,21051,1259,Mazandaran
Hazarcham,6541,19914,13373,Mazandaran
Hazarcham,1288,19027,17739,Mazandaran
Hazarcham,-12898,10887,23785,Mazandaran
Hazarcham,-6344,13627,19971,Mazandaran
Hazarcham,175,21549,21374,Mazandaran
Hazarcham,-653,18843,19496,Mazandaran
Hazarcham,-4103,18632,22735,Mazandaran
Hazarcham,-15021,12016,27037,Mazandaran
Hazarcham,-18977,8365,27342,Mazandaran
Hazarcham,-23318,5842,29160,Mazandaran
Hazarcham,-20814,3994,24808,Mazandaran
Hazarcham,-17578,4737,22315,Mazandaran
Hazarcham,-9468,8946,18414,Mazandaran
Hazarcham,-1320,9749,11069,Mazandaran
Hazarcham,3178,12954,9776,Mazandaran
Hazarcham,2674,12077,9403,Mazandaran
