City,Net,Input,Output,Province
Imamzadeh Hashem,-18560,169148,187708,Gilan
Imamzadeh Hashem,-31914,189416,221330,Gilan
Imamzadeh Hashem,-24156,202620,226776,Gilan
Imamzadeh Hashem,-33196,196336,229532,Gilan
Imamzadeh Hashem,-32216,178196,210412,Gilan
Imamzadeh Hashem,22856,214008,191152,Gilan
Imamzadeh Hashem,6910,204426,197516,Gilan
Imamzadeh Hashem,13804,219180,205376,Gilan
Imamzadeh Hashem,-12860,207982,220842,Gilan
Imamzadeh Hashem,-28050,255934,283984,Gilan
Imamzadeh Hashem,-15046,266480,281526,Gilan
Imamzadeh Hashem,-16416,271054,287470,Gilan
Imamzadeh Hashem,-368,265644,266012,Gilan
Imamzadeh Hashem,-7018,253540,260558,Gilan
Imamzadeh Hashem,1834,258190,256356,Gilan
Imamzadeh Hashem,15246,257284,242038,Gilan
Imamzadeh Hashem,46166,270842,224676,Gilan
Imamzadeh Hashem,41076,243768,202692,Gilan
Imamzadeh Hashem,46384,234194,187810,Gilan
Imamzadeh Hashem,36380,191340,154960,Gilan
Imamzadeh Hashem,8590,130714,122124,Gilan
Imamzadeh Hashem,-2750,125790,128540,Gilan
Imamzadeh Hashem,-1852,127494,129346,Gilan
