City,Net,Input,Output,Province
Incheh Borun,61,4985,4924,Golestan
Incheh Borun,207,6057,5850,Golestan
Incheh Borun,136,9539,9403,Golestan
Incheh Borun,-7,6690,6697,Golestan
Incheh Borun,389,7174,6785,Golestan
Incheh Borun,262,7768,7506,Golestan
Incheh Borun,-37,8168,8205,Golestan
Incheh Borun,190,9154,8964,Golestan
Incheh Borun,187,8813,8626,Golestan
Incheh Borun,-378,10520,10898,Golestan
Incheh Borun,-180,7339,7519,Golestan
Incheh Borun,45,8076,8031,Golestan
Incheh Borun,-64,7848,7912,Golestan
Incheh Borun,-9,8340,8349,Golestan
Incheh Borun,-83,8597,8680,Golestan
Incheh Borun,250,8666,8416,Golestan
Incheh Borun,-392,12931,13323,Golestan
Incheh Borun,-645,5904,6549,Golestan
Incheh Borun,-246,3968,4214,Golestan
Incheh Borun,-97,3938,4035,Golestan
Incheh Borun,-66,4333,4399,Golestan
Incheh Borun,-59,4152,4211,Golestan
Incheh Borun,185,4242,4057,Golestan
