City,Net,Input,Output,Province
Juybar,-835,23304,24139,Mazandaran
Juybar,-68,24053,24121,Mazandaran
Juybar,-824,21803,22627,Mazandaran
Juybar,-908,22851,23759,Mazandaran
Juybar,4938,16796,11858,Mazandaran
Juybar,14274,14578,304,Mazandaran
Juybar,453,7655,7202,Mazandaran
Juybar,-158,8170,8328,Mazandaran
Juybar,-1411,8395,9806,Mazandaran
Juybar,-850,9008,9858,Mazandaran
Juybar,-2284,9806,12090,Mazandaran
Juybar,-2057,10021,12078,Mazandaran
Juybar,-2555,10064,12619,Mazandaran
Juybar,-2342,10082,12424,Mazandaran
Juybar,-2690,9805,12495,Mazandaran
Juybar,-2449,9758,12207,Mazandaran
Juybar,-913,8364,9277,Mazandaran
Juybar,668,6876,6208,Mazandaran
Juybar,-2078,9242,11320,Mazandaran
Juybar,-2252,9628,11880,Mazandaran
Juybar,-2796,9477,12273,Mazandaran
Juybar,-2627,9776,12403,Mazandaran
Juybar,-2787,9314,12101,Mazandaran
