City,Net,Input,Output,Province
Kalan Kalaye,32,3452,3420,Gilan
Kalan Kalaye,-14,3824,3838,Gilan
Kalan Kalaye,-40,3790,3830,Gilan
Kalan Kalaye,20,3910,3890,Gilan
Kalan Kalaye,-41,3574,3615,Gilan
Kalan Kalaye,-43,4071,4114,Gilan
Kalan Kalaye,49,4422,4373,Gilan
Kalan Kalaye,-88,5335,5423,Gilan
Kalan Kalaye,4,5913,5909,Gilan
Kalan Kalaye,-87,5927,6014,Gilan
Kalan Kalaye,9,4974,4965,Gilan
Kalan Kalaye,-44,5140,5184,Gilan
Kalan Kalaye,168,5236,5068,Gilan
Kalan Kalaye,-26,5019,5045,Gilan
Kalan Kalaye,10,5260,5250,Gilan
Kalan Kalaye,19,5177,5158,Gilan
Kalan Kalaye,72,4928,4856,Gilan
Kalan Kalaye,-26,4773,4799,Gilan
Kalan Kalaye,-27,3308,3335,Gilan
Kalan Kalaye,32,3238,3206,Gilan
Kalan Kalaye,2,2952,2950,Gilan
Kalan Kalaye,38,3139,3101,Gilan
Kalan Kalaye,-51,3077,3128,Gilan
