City,Net,Input,Output,Province
Kalarabad,4691,24839,20148,Mazandaran
Kalarabad,6392,28485,22093,Mazandaran
Kalarabad,6954,30661,23707,Mazandaran
Kalarabad,8288,32803,24515,Mazandaran
Kalarabad,10135,30813,20678,Mazandaran
Kalarabad,10810,34422,23612,Mazandaran
Kalarabad,10192,38329,28137,Mazandaran
Kalarabad,6025,39822,33797,Mazandaran
Kalarabad,10084,40886,30802,Mazandaran
Kalarabad,-2781,37170,39951,Mazandaran
Kalarabad,-160,38859,39019,Mazandaran
Kalarabad,1863,39578,37715,Mazandaran
Kalarabad,3313,41559,38246,Mazandaran
Kalarabad,1207,41071,39864,Mazandaran
Kalarabad,-4893,36333,41226,Mazandaran
Kalarabad,-7699,33162,40861,Mazandaran
Kalarabad,-10709,27595,38304,Mazandaran
Kalarabad,-10533,19143,29676,Mazandaran
Kalarabad,-10734,20850,31584,Mazandaran
Kalarabad,-4522,21623,26145,Mazandaran
Kalarabad,-244,21704,21948,Mazandaran
Kalarabad,1589,24621,23032,Mazandaran
Kalarabad,1323,24320,22997,Mazandaran
