City,Net,Input,Output,Province
Kalardasht,-557,1332,1889,Mazandaran
Kalardasht,-554,1723,2277,Mazandaran
Kalardasht,-603,2154,2757,Mazandaran
Kalardasht,-742,2003,2745,Mazandaran
Kalardasht,-590,1738,2328,Mazandaran
Kalardasht,-1478,2975,4453,Mazandaran
Kalardasht,-981,3724,4705,Mazandaran
Kalardasht,-959,4076,5035,Mazandaran
Kalardasht,430,5050,4620,Mazandaran
Kalardasht,3041,5611,2570,Mazandaran
Kalardasht,4819,5022,203,Mazandaran
Kalardasht,4504,4823,319,Mazandaran
Kalardasht,4926,5215,289,Mazandaran
Kalardasht,3453,5317,1864,Mazandaran
Kalardasht,-141,5924,6065,Mazandaran
Kalardasht,-62,5308,5370,Mazandaran
Kalardasht,-1012,4956,5968,Mazandaran
Kalardasht,5167,6221,1054,Mazandaran
Kalardasht,2000,2237,237,Mazandaran
Kalardasht,1703,1902,199,Mazandaran
Kalardasht,1455,1708,253,Mazandaran
Kalardasht,1639,1912,273,Mazandaran
Kalardasht,1898,2058,160,Mazandaran
