City,Net,Input,Output,Province
Kalaleh,-2290,0,2290,Golestan
Kalaleh,-2397,0,2397,Golestan
Kalaleh,-2264,0,2264,Golestan
Kalaleh,-3508,0,3508,Golestan
Kalaleh,-2950,0,2950,Golestan
Kalaleh,-2508,0,2508,Golestan
Kalaleh,-2565,0,2565,Golestan
Kalaleh,-2600,0,2600,Golestan
Kalaleh,-3041,0,3041,Golestan
Kalaleh,-2754,0,2754,Golestan
Kalaleh,-3435,0,3435,Golestan
Kalaleh,-3545,0,3545,Golestan
Kalaleh,-3542,0,3542,Golestan
Kalaleh,-3460,0,3460,Golestan
Kalaleh,-3638,0,3638,Golestan
Kalaleh,-3743,0,3743,Golestan
Kalaleh,-3116,0,3116,Golestan
Kalaleh,-2227,0,2227,Golestan
Kalaleh,-2579,0,2579,Golestan
Kalaleh,-2276,0,2276,Golestan
Kalaleh,-2319,0,2319,Golestan
Kalaleh,-2432,0,2432,Golestan
Kalaleh,-2308,0,2308,Golestan
