City,Net,Input,Output,Province
Kalachay,-349,39101,39450,Gilan
Kalachay,3863,49343,45480,Gilan
Kalachay,4532,48089,43557,Gilan
Kalachay,3369,50549,47180,Gilan
Kalachay,4787,45528,40741,Gilan
Kalachay,5495,57780,52285,Gilan
Kalachay,2998,58322,55324,Gilan
Kalachay,6227,68186,61959,Gilan
Kalachay,-3963,65243,69206,Gilan
Kalachay,-5558,67066,72624,Gilan
Kalachay,-1882,63192,65074,Gilan
Kalachay,126,63325,63199,Gilan
Kalachay,198,57356,57158,Gilan
Kalachay,-3690,60417,64107,Gilan
Kalachay,-3969,59469,63438,Gilan
Kalachay,-3828,56352,60180,Gilan
Kalachay,-1535,45579,47114,Gilan
Kalachay,-1782,37351,39133,Gilan
Kalachay,1491,40432,38941,Gilan
Kalachay,3813,37179,33366,Gilan
Kalachay,1859,33768,31909,Gilan
Kalachay,1554,35348,33794,Gilan
Kalachay,-206,32051,32257,Gilan
