City,Net,Input,Output,Province
Khalkhal,-131,1147,1278,Gilan
Khalkhal,65,1570,1505,Gilan
Khalkhal,77,2093,2016,Gilan
Khalkhal,325,1821,1496,Gilan
Khalkhal,588,2169,1581,Gilan
Khalkhal,-568,1371,1939,Gilan
Khalkhal,-145,3345,3490,Gilan
Khalkhal,7,3479,3472,Gilan
Khalkhal,-153,2995,3148,Gilan
Khalkhal,-205,4195,4400,Gilan
Khalkhal,-201,2461,2662,Gilan
Khalkhal,-89,2959,3048,Gilan
Khalkhal,-218,2939,3157,Gilan
Khalkhal,-270,3285,3555,Gilan
Khalkhal,-269,3655,3924,Gilan
Khalkhal,-119,4065,4184,Gilan
Khalkhal,179,4479,4300,Gilan
Khalkhal,236,6547,6311,Gilan
Khalkhal,-1095,2027,3122,Gilan
Khalkhal,-713,1731,2444,Gilan
Khalkhal,-336,1603,1939,Gilan
Khalkhal,-131,1795,1926,Gilan
Khalkhal,-26,1950,1976,Gilan
