City,Net,Input,Output,Province
Khazarabad,210,25919,25709,Mazandaran
Khazarabad,2609,27445,24836,Mazandaran
Khazarabad,1637,26268,24631,Mazandaran
Khazarabad,2056,28263,26207,Mazandaran
Khazarabad,3551,24064,20513,Mazandaran
Khazarabad,2981,22673,19692,Mazandaran
Khazarabad,2346,24059,21713,Mazandaran
Khazarabad,2547,26886,24339,Mazandaran
Khazarabad,2105,29652,27547,Mazandaran
Khazarabad,1287,29249,27962,Mazandaran
Khazarabad,1809,30712,28903,Mazandaran
Khazarabad,2188,32334,30146,Mazandaran
Khazarabad,2601,32806,30205,Mazandaran
Khazarabad,2195,32266,30071,Mazandaran
Khazarabad,2819,33692,30873,Mazandaran
Khazarabad,2274,32511,30237,Mazandaran
Khazarabad,1534,28976,27442,Mazandaran
Khazarabad,-855,24754,25609,Mazandaran
Khazarabad,133,28644,28511,Mazandaran
Khazarabad,1230,29865,28635,Mazandaran
Khazarabad,1643,30072,28429,Mazandaran
Khazarabad,2072,30307,28235,Mazandaran
Khazarabad,2845,28277,25432,Mazandaran
