City,Net,Input,Output,Province
Khomam,552,61584,61032,Gilan
Khomam,1111,66718,65607,Gilan
Khomam,68,66633,66565,Gilan
Khomam,-633,64110,64743,Gilan
Khomam,632,48636,48004,Gilan
Khomam,2888,59735,56847,Gilan
Khomam,1038,64156,63118,Gilan
Khomam,2491,77951,75460,Gilan
Khomam,445,75238,74793,Gilan
Khomam,282,81918,81636,Gilan
Khomam,-1197,84023,85220,Gilan
Khomam,-257,83628,83885,Gilan
Khomam,-296,87516,87812,Gilan
Khomam,202,82871,82669,Gilan
Khomam,1112,85360,84248,Gilan
Khomam,1034,84024,82990,Gilan
Khomam,1456,76494,75038,Gilan
Khomam,-1002,65587,66589,Gilan
Khomam,-1811,67475,69286,Gilan
Khomam,-242,65125,65367,Gilan
Khomam,-191,64643,64834,Gilan
Khomam,-426,67585,68011,Gilan
Khomam,516,68701,68185,Gilan
