City,Net,Input,Output,Province
Khosh Yeylagh,154,3557,3403,Golestan
Khosh Yeylagh,398,5032,4634,Golestan
Khosh Yeylagh,1583,5268,3685,Golestan
Khosh Yeylagh,1440,4624,3184,Golestan
Khosh Yeylagh,1435,3942,2507,Golestan
Khosh Yeylagh,2119,4736,2617,Golestan
Khosh Yeylagh,2033,4402,2369,Golestan
Khosh Yeylagh,2200,4950,2750,Golestan
Khosh Yeylagh,2078,4902,2824,Golestan
Khosh Yeylagh,2776,5812,3036,Golestan
Khosh Yeylagh,2069,4909,2840,Golestan
Khosh Yeylagh,1945,4731,2786,Golestan
Khosh Yeylagh,1767,4426,2659,Golestan
Khosh Yeylagh,1856,4351,2495,Golestan
Khosh Yeylagh,1799,4322,2523,Golestan
Khosh Yeylagh,2572,5190,2618,Golestan
Khosh Yeylagh,2970,5600,2630,Golestan
Khosh Yeylagh,3399,5367,1968,Golestan
Khosh Yeylagh,1229,5018,3789,Golestan
Khosh Yeylagh,-119,3187,3306,Golestan
Khosh Yeylagh,-51,2355,2406,Golestan
Khosh Yeylagh,26,2486,2460,Golestan
Khosh Yeylagh,43,2478,2435,Golestan
