City,Net,Input,Output,Province
Kiashahr,-7404,14360,21764,Gilan
Kiashahr,-5806,11944,17750,Gilan
Kiashahr,-7048,9198,16246,Gilan
Kiashahr,-6910,10568,17478,Gilan
Kiashahr,-5107,8243,13350,Gilan
Kiashahr,-7478,9524,17002,Gilan
Kiashahr,-9564,9511,19075,Gilan
Kiashahr,-10785,11495,22280,Gilan
Kiashahr,-11232,11434,22666,Gilan
Kiashahr,-11287,11878,23165,Gilan
Kiashahr,-12236,11539,23775,Gilan
Kiashahr,-11389,10270,21659,Gilan
Kiashahr,-11648,11893,23541,Gilan
Kiashahr,-12176,13056,25232,Gilan
Kiashahr,-12293,14358,26651,Gilan
Kiashahr,-11106,12876,23982,Gilan
Kiashahr,-11270,11510,22780,Gilan
Kiashahr,-9714,11809,21523,Gilan
Kiashahr,-8580,8103,16683,Gilan
Kiashahr,-6489,8679,15168,Gilan
Kiashahr,-5946,8407,14353,Gilan
Kiashahr,-5899,8715,14614,Gilan
Kiashahr,-6214,7793,14007,Gilan
