City,Net,Input,Output,Province
Kiasar,141,6972,6831,Mazandaran
Kiasar,170,8371,8201,Mazandaran
Kiasar,-1969,12149,14118,Mazandaran
Kiasar,-461,11671,12132,Mazandaran
Kiasar,670,11302,10632,Mazandaran
Kiasar,1926,16262,14336,Mazandaran
Kiasar,-1028,15723,16751,Mazandaran
Kiasar,-2322,15639,17961,Mazandaran
Kiasar,-255,18474,18729,Mazandaran
Kiasar,-2027,21127,23154,Mazandaran
Kiasar,-1523,17585,19108,Mazandaran
Kiasar,-1112,17103,18215,Mazandaran
Kiasar,-1033,16402,17435,Mazandaran
Kiasar,62,16468,16406,Mazandaran
Kiasar,878,17277,16399,Mazandaran
Kiasar,5070,21904,16834,Mazandaran
Kiasar,4413,24026,19613,Mazandaran
Kiasar,-6376,14369,20745,Mazandaran
Kiasar,-1085,11268,12353,Mazandaran
Kiasar,18,7506,7488,Mazandaran
Kiasar,-143,6372,6515,Mazandaran
Kiasar,759,7162,6403,Mazandaran
Kiasar,3352,10684,7332,Mazandaran
