City,Net,Input,Output,Province
Kiyakala,-5516,0,5516,Mazandaran
Kiyakala,-5884,0,5884,Mazandaran
Kiyakala,-5326,0,5326,Mazandaran
Kiyakala,-5587,0,5587,Mazandaran
Kiyakala,-4358,0,4358,Mazandaran
Kiyakala,-4497,0,4497,Mazandaran
Kiyakala,-4132,0,4132,Mazandaran
Kiyakala,-4691,0,4691,Mazandaran
Kiyakala,-5044,0,5044,Mazandaran
Kiyakala,-5443,0,5443,Mazandaran
Kiyakala,-5853,0,5853,Mazandaran
Kiyakala,-6023,0,6023,Mazandaran
Kiyakala,-5943,0,5943,Mazandaran
Kiyakala,-5943,0,5943,Mazandaran
Kiyakala,-5919,0,5919,Mazandaran
Kiyakala,-6071,0,6071,Mazandaran
Kiyakala,-5067,0,5067,Mazandaran
Kiyakala,-4154,0,4154,Mazandaran
Kiyakala,-5179,0,5179,Mazandaran
Kiyakala,-5148,0,5148,Mazandaran
Kiyakala,-5231,0,5231,Mazandaran
Kiyakala,-5240,0,5240,Mazandaran
Kiyakala,-5242,0,5242,Mazandaran
