City,Net,Input,Output,Province
Kordkuy,76,25326,25250,Mazandaran
Kordkuy,445,24770,24325,Mazandaran
Kordkuy,7137,52137,45000,Mazandaran
Kordkuy,9778,56587,46809,Mazandaran
Kordkuy,3790,36444,32654,Mazandaran
Kordkuy,-2220,19294,21514,Mazandaran
Kordkuy,-1772,10702,12474,Mazandaran
Kordkuy,-3424,18497,21921,Mazandaran
Kordkuy,-1412,9337,10749,Mazandaran
Kordkuy,-1974,8596,10570,Mazandaran
Kordkuy,-1759,9056,10815,Mazandaran
Kordkuy,-7080,50874,57954,Mazandaran
Kordkuy,-2732,19205,21937,Mazandaran
Kordkuy,-1855,9464,11319,Mazandaran
Kordkuy,-1721,10119,11840,Mazandaran
Kordkuy,-5596,48135,53731,Mazandaran
Kordkuy,-7161,56055,63216,Mazandaran
Kordkuy,-6582,27014,33596,Mazandaran
Kordkuy,-1257,7374,8631,Mazandaran
Kordkuy,-1105,7795,8900,Mazandaran
Kordkuy,-1276,7295,8571,Mazandaran
Kordkuy,-1224,7789,9013,Mazandaran
Kordkuy,-785,7950,8735,Mazandaran
