City,Net,Input,Output,Province
Kuchesfahan,-192,69843,70035,Gilan
Kuchesfahan,-1410,67559,68969,Gilan
Kuchesfahan,-4822,63830,68652,Gilan
Kuchesfahan,-4133,58648,62781,Gilan
Kuchesfahan,-4315,55640,59955,Gilan
Kuchesfahan,-6067,63092,69159,Gilan
Kuchesfahan,-3958,66452,70410,Gilan
Kuchesfahan,-640,78641,79281,Gilan
Kuchesfahan,6264,85271,79007,Gilan
Kuchesfahan,7876,91753,83877,Gilan
Kuchesfahan,36848,89383,52535,Gilan
Kuchesfahan,31496,84093,52597,Gilan
Kuchesfahan,13286,89745,76459,Gilan
Kuchesfahan,35507,87157,51650,Gilan
Kuchesfahan,29727,96567,66840,Gilan
Kuchesfahan,13575,93195,79620,Gilan
Kuchesfahan,14586,86746,72160,Gilan
Kuchesfahan,12676,70951,58275,Gilan
Kuchesfahan,9647,74209,64562,Gilan
Kuchesfahan,5422,68109,62687,Gilan
Kuchesfahan,2440,60518,58078,Gilan
Kuchesfahan,1485,64442,62957,Gilan
Kuchesfahan,2873,58805,55932,Gilan
