City,Net,Input,Output,Province
Lahijan,1127,93855,92728,Gilan
Lahijan,488,99611,99123,Gilan
Lahijan,2455,98201,95746,Gilan
Lahijan,2164,103453,101289,Gilan
Lahijan,2830,80604,77774,Gilan
Lahijan,734,89082,88348,Gilan
Lahijan,36588,94607,58019,Gilan
Lahijan,46611,110113,63502,Gilan
Lahijan,9235,111841,102606,Gilan
Lahijan,-9054,111025,120079,Gilan
Lahijan,1907,118832,116925,Gilan
Lahijan,-2114,121131,123245,Gilan
Lahijan,-2252,122430,124682,Gilan
Lahijan,-3822,118910,122732,Gilan
Lahijan,-2858,119445,122303,Gilan
Lahijan,180,118215,118035,Gilan
Lahijan,-4354,103313,107667,Gilan
Lahijan,-3870,80718,84588,Gilan
Lahijan,-2486,94988,97474,Gilan
Lahijan,1777,87077,85300,Gilan
Lahijan,-953,82139,83092,Gilan
Lahijan,4700,86244,81544,Gilan
Lahijan,329,81850,81521,Gilan
