City,Net,Input,Output,Province
Lakan,-1322,8538,9860,Gilan
Lakan,-670,8700,9370,Gilan
Lakan,-751,5983,6734,Gilan
Lakan,-884,7151,8035,Gilan
Lakan,-42,4678,4720,Gilan
Lakan,-146,4413,4559,Gilan
Lakan,-217,4369,4586,Gilan
Lakan,-477,5006,5483,Gilan
Lakan,-251,5628,5879,Gilan
Lakan,-417,5884,6301,Gilan
Lakan,-593,7620,8213,Gilan
Lakan,-654,8218,8872,Gilan
Lakan,-838,8454,9292,Gilan
Lakan,-531,8300,8831,Gilan
Lakan,-573,8749,9322,Gilan
Lakan,-91,8795,8886,Gilan
Lakan,181,7803,7622,Gilan
Lakan,1251,10485,9234,Gilan
Lakan,-1155,8168,9323,Gilan
Lakan,-533,8872,9405,Gilan
Lakan,-703,8609,9312,Gilan
Lakan,-68,8287,8355,Gilan
Lakan,-442,8166,8608,Gilan
