City,Net,Input,Output,Province
Langarud,2977,70193,67216,Gilan
Langarud,4451,75235,70784,Gilan
Langarud,3291,74872,71581,Gilan
Langarud,3539,79052,75513,Gilan
Langarud,5135,63692,58557,Gilan
Langarud,6195,74356,68161,Gilan
Langarud,6139,80873,74734,Gilan
Langarud,3437,90047,86610,Gilan
Langarud,6145,93420,87275,Gilan
Langarud,5616,93082,87466,Gilan
Langarud,6813,93826,87013,Gilan
Langarud,2869,97220,94351,Gilan
Langarud,908,95743,94835,Gilan
Langarud,5592,90744,85152,Gilan
Langarud,3693,89946,86253,Gilan
Langarud,-2443,86357,88800,Gilan
Langarud,-4073,73028,77101,Gilan
Langarud,-4335,54692,59027,Gilan
Langarud,-5443,63124,68567,Gilan
Langarud,-1120,59644,60764,Gilan
Langarud,227,59048,58821,Gilan
Langarud,833,60711,59878,Gilan
Langarud,1053,58989,57936,Gilan
