City,Net,Input,Output,Province
Lowshan,34722,57813,23091,Gilan
Lowshan,54446,76599,22153,Gilan
Lowshan,69906,91557,21651,Gilan
Lowshan,69432,87924,18492,Gilan
Lowshan,79448,94317,14869,Gilan
Lowshan,89405,110022,20617,Gilan
Lowshan,72859,98379,25520,Gilan
Lowshan,52756,82895,30139,Gilan
Lowshan,35397,72748,37351,Gilan
Lowshan,26285,78310,52025,Gilan
Lowshan,36700,90044,53344,Gilan
Lowshan,45743,89497,43754,Gilan
Lowshan,39054,79941,40887,Gilan
Lowshan,27700,72066,44366,Gilan
Lowshan,15084,65442,50358,Gilan
Lowshan,-1875,49724,51599,Gilan
Lowshan,-23557,38679,62236,Gilan
Lowshan,-33314,19335,52649,Gilan
Lowshan,-36768,24331,61099,Gilan
Lowshan,-11540,26709,38249,Gilan
Lowshan,2945,27007,24062,Gilan
Lowshan,16455,33658,17203,Gilan
Lowshan,16955,34188,17233,Gilan
