City,Net,Input,Output,Province
Mahmudabad,5787,76839,71052,Mazandaran
Mahmudabad,7151,80637,73486,Mazandaran
Mahmudabad,8099,84552,76453,Mazandaran
Mahmudabad,8103,89958,81855,Mazandaran
Mahmudabad,7686,73911,66225,Mazandaran
Mahmudabad,6477,85900,79423,Mazandaran
Mahmudabad,6563,96269,89706,Mazandaran
Mahmudabad,8700,114546,105846,Mazandaran
Mahmudabad,8584,123367,114783,Mazandaran
Mahmudabad,7006,122481,115475,Mazandaran
Mahmudabad,8016,124367,116351,Mazandaran
Mahmudabad,7754,124968,117214,Mazandaran
Mahmudabad,10923,122401,111478,Mazandaran
Mahmudabad,7496,120484,112988,Mazandaran
Mahmudabad,6183,119742,113559,Mazandaran
Mahmudabad,6156,112346,106190,Mazandaran
Mahmudabad,5894,101871,95977,Mazandaran
Mahmudabad,3303,83492,80189,Mazandaran
Mahmudabad,4751,75388,70637,Mazandaran
Mahmudabad,4574,71658,67084,Mazandaran
Mahmudabad,5726,68727,63001,Mazandaran
Mahmudabad,5902,72760,66858,Mazandaran
Mahmudabad,4735,70020,65285,Mazandaran
