City,Net,Input,Output,Province
Makarud,-13827,2674,16501,Mazandaran
Makarud,-15899,2531,18430,Mazandaran
Makarud,-14656,4629,19285,Mazandaran
Makarud,-18050,4539,22589,Mazandaran
Makarud,-20373,3592,23965,Mazandaran
Makarud,-23868,4344,28212,Mazandaran
Makarud,-18891,3076,21967,Mazandaran
Makarud,-8265,12549,20814,Mazandaran
Makarud,-1122,17877,18999,Mazandaran
Makarud,12315,23330,11015,Mazandaran
Makarud,6245,20835,14590,Mazandaran
Makarud,-40,21364,21404,Mazandaran
Makarud,-571,22261,22832,Mazandaran
Makarud,3260,22445,19185,Mazandaran
Makarud,15923,27965,12042,Mazandaran
Makarud,18138,26263,8125,Mazandaran
Makarud,22833,28829,5996,Mazandaran
Makarud,22562,26430,3868,Mazandaran
Makarud,18664,23131,4467,Mazandaran
Makarud,9625,18285,8660,Mazandaran
Makarud,1179,10821,9642,Mazandaran
Makarud,-3487,9481,12968,Mazandaran
Makarud,-2749,9748,12497,Mazandaran
