City,Net,Input,Output,Province
Manjil,-11109,28360,39469,Gilan
Manjil,-17217,28031,45248,Gilan
Manjil,-24591,24605,49196,Gilan
Manjil,-25474,23369,48843,Gilan
Manjil,-30083,19221,49304,Gilan
Manjil,-15650,28230,43880,Gilan
Manjil,-12085,31820,43905,Gilan
Manjil,-7608,34218,41826,Gilan
Manjil,4574,40579,36005,Gilan
Manjil,20852,55717,34865,Gilan
Manjil,21156,53166,32010,Gilan
Manjil,8273,46630,38357,Gilan
Manjil,-1143,12204,13347,Gilan
Manjil,-1089,7429,8518,Gilan
Manjil,-1192,6817,8009,Gilan
Manjil,-1417,5543,6960,Gilan
Manjil,-1282,4551,5833,Gilan
Manjil,1577,14732,13155,Gilan
Manjil,1274,22052,20778,Gilan
Manjil,-16306,5137,21443,Gilan
Manjil,-13818,5015,18833,Gilan
Manjil,-17521,7895,25416,Gilan
Manjil,-16739,7627,24366,Gilan
