City,Net,Input,Output,Province
Maraveh Tappeh,2290,2290,0,Golestan
Maraveh Tappeh,2397,2397,0,Golestan
Maraveh Tappeh,2264,2264,0,Golestan
Maraveh Tappeh,3508,3508,0,Golestan
Maraveh Tappeh,2950,2950,0,Golestan
Maraveh Tappeh,2508,2508,0,Golestan
Maraveh Tappeh,2565,2565,0,Golestan
Maraveh Tappeh,2600,2600,0,Golestan
Maraveh Tappeh,3041,3041,0,Golestan
Maraveh Tappeh,2754,2754,0,Golestan
Maraveh Tappeh,3435,3435,0,Golestan
Maraveh Tappeh,3545,3545,0,Golestan
Maraveh Tappeh,3542,3542,0,Golestan
Maraveh Tappeh,3460,3460,0,Golestan
Maraveh Tappeh,3638,3638,0,Golestan
Maraveh Tappeh,3743,3743,0,Golestan
Maraveh Tappeh,3116,3116,0,Golestan
Maraveh Tappeh,2227,2227,0,Golestan
Maraveh Tappeh,2579,2579,0,Golestan
Maraveh Tappeh,2276,2276,0,Golestan
Maraveh Tappeh,2319,2319,0,Golestan
Maraveh Tappeh,2432,2432,0,Golestan
Maraveh Tappeh,2308,2308,0,Golestan
