City,Net,Input,Output,Province
Marzanabad,-8502,33275,41777,Mazandaran
Marzanabad,-7643,35488,43131,Mazandaran
Marzanabad,-7019,36988,44007,Mazandaran
Marzanabad,-2548,37481,40029,Mazandaran
Marzanabad,781,33145,32364,Mazandaran
Marzanabad,5454,35235,29781,Mazandaran
Marzanabad,-7215,28948,36163,Mazandaran
Marzanabad,-719,47780,48499,Mazandaran
Marzanabad,4187,62418,58231,Mazandaran
Marzanabad,12436,62719,50283,Mazandaran
Marzanabad,6296,57621,51325,Mazandaran
Marzanabad,8030,68088,60058,Mazandaran
Marzanabad,2325,68655,66330,Mazandaran
Marzanabad,4347,65845,61498,Mazandaran
Marzanabad,10127,64715,54588,Mazandaran
Marzanabad,20921,68256,47335,Mazandaran
Marzanabad,11772,53226,41454,Mazandaran
Marzanabad,6056,51402,45346,Mazandaran
Marzanabad,16411,54639,38228,Mazandaran
Marzanabad,6895,46741,39846,Mazandaran
Marzanabad,2214,35374,33160,Mazandaran
Marzanabad,264,37732,37468,Mazandaran
Marzanabad,1638,39019,37381,Mazandaran
