City,Net,Input,Output,Province
Marzpol,-26,839,865,Golestan
Marzpol,-14,1200,1214,Golestan
Marzpol,-48,1932,1980,Golestan
Marzpol,14,1118,1104,Golestan
Marzpol,-13,1370,1383,Golestan
Marzpol,-31,1586,1617,Golestan
Marzpol,34,1738,1704,Golestan
Marzpol,70,1939,1869,Golestan
Marzpol,2,17,15,Golestan
Marzpol,0,0,0,Golestan
Marzpol,0,0,0,Golestan
Marzpol,0,0,0,Golestan
Marzpol,0,0,0,Golestan
Marzpol,0,0,0,Golestan
Marzpol,0,0,0,Golestan
Marzpol,0,0,0,Golestan
Marzpol,0,0,0,Golestan
Marzpol,0,0,0,Golestan
Marzpol,0,0,0,Golestan
Marzpol,0,0,0,Golestan
Marzpol,0,0,0,Golestan
Marzpol,0,0,0,Golestan
Marzpol,0,0,0,Golestan
