City,Net,Input,Output,Province
Masouleh,0,0,0,Gilan
Masouleh,0,0,0,Gilan
Masouleh,0,0,0,Gilan
Masouleh,0,0,0,Gilan
Masouleh,0,0,0,Gilan
Masouleh,0,0,0,Gilan
Masouleh,0,0,0,Gilan
Masouleh,0,0,0,Gilan
Masouleh,0,0,0,Gilan
Masouleh,0,0,0,Gilan
Masouleh,0,0,0,Gilan
Masouleh,0,0,0,Gilan
Masouleh,0,0,0,Gilan
Masouleh,0,0,0,Gilan
Masouleh,0,0,0,Gilan
Masouleh,0,0,0,Gilan
Masouleh,0,0,0,Gilan
Masouleh,904,6020,5116,Gilan
Masouleh,631,2912,2281,Gilan
Masouleh,216,2026,1810,Gilan
Masouleh,-8,1715,1723,Gilan
Masouleh,-13,1765,1778,Gilan
Masouleh,-236,1663,1899,Gilan
