City,Net,Input,Output,Province
Minudasht,-3067,32399,35466,Golestan
Minudasht,-2376,34441,36817,Golestan
Minudasht,-3395,36756,40151,Golestan
Minudasht,-2112,43378,45490,Golestan
Minudasht,-1687,36297,37984,Golestan
Minudasht,-2979,38945,41924,Golestan
Minudasht,-4999,39480,44479,Golestan
Minudasht,-5622,40969,46591,Golestan
Minudasht,-1835,44201,46036,Golestan
Minudasht,-3963,44899,48862,Golestan
Minudasht,-5081,45159,50240,Golestan
Minudasht,-5234,44634,49868,Golestan
Minudasht,-11590,37300,48890,Golestan
Minudasht,-4828,42992,47820,Golestan
Minudasht,-1754,42934,44688,Golestan
Minudasht,-4389,41342,45731,Golestan
Minudasht,-1746,41408,43154,Golestan
Minudasht,-2213,31672,33885,Golestan
Minudasht,-3917,33973,37890,Golestan
Minudasht,-3967,28438,32405,Golestan
Minudasht,-1001,29390,30391,Golestan
Minudasht,157,29313,29156,Golestan
Minudasht,238,29569,29331,Golestan
