City,Net,Input,Output,Province
Neka,864,59710,58846,Mazandaran
Neka,518,63628,63110,Mazandaran
Neka,-29,64627,64656,Mazandaran
Neka,-88,66402,66490,Mazandaran
Neka,654,49512,48858,Mazandaran
Neka,723,55294,54571,Mazandaran
Neka,588,56912,56324,Mazandaran
Neka,448,63119,62671,Mazandaran
Neka,-59,69360,69419,Mazandaran
Neka,86,75380,75294,Mazandaran
Neka,-493,74994,75487,Mazandaran
Neka,-47,74535,74582,Mazandaran
Neka,168,73378,73210,Mazandaran
Neka,436,72251,71815,Mazandaran
Neka,359,72162,71803,Mazandaran
Neka,218,70421,70203,Mazandaran
Neka,504,63512,63008,Mazandaran
Neka,-963,49725,50688,Mazandaran
Neka,-992,59377,60369,Mazandaran
Neka,-434,55056,55490,Mazandaran
Neka,-317,46535,46852,Mazandaran
Neka,87,49147,49060,Mazandaran
Neka,564,50451,49887,Mazandaran
