City,Net,Input,Output,Province
Nowshahr,-1575,49138,50713,Mazandaran
Nowshahr,-1397,51879,53276,Mazandaran
Nowshahr,3187,49683,46496,Mazandaran
Nowshahr,-1786,58403,60189,Mazandaran
Nowshahr,-5350,46129,51479,Mazandaran
Nowshahr,5155,54389,49234,Mazandaran
Nowshahr,4643,60861,56218,Mazandaran
Nowshahr,4222,66613,62391,Mazandaran
Nowshahr,5701,72379,66678,Mazandaran
Nowshahr,1207,71846,70639,Mazandaran
Nowshahr,-4293,78938,83231,Mazandaran
Nowshahr,-2280,78677,80957,Mazandaran
Nowshahr,-2818,76394,79212,Mazandaran
Nowshahr,3818,76182,72364,Mazandaran
Nowshahr,-5417,69524,74941,Mazandaran
Nowshahr,-25130,46473,71603,Mazandaran
Nowshahr,-2859,55462,58321,Mazandaran
Nowshahr,-2629,37609,40238,Mazandaran
Nowshahr,-6516,45176,51692,Mazandaran
Nowshahr,-2855,44955,47810,Mazandaran
Nowshahr,-4317,41951,46268,Mazandaran
Nowshahr,-2994,45916,48910,Mazandaran
Nowshahr,-10252,44231,54483,Mazandaran
