City,Net,Input,Output,Province
Nur,-7901,33826,41727,Mazandaran
Nur,-8707,38381,47088,Mazandaran
Nur,-7859,40370,48229,Mazandaran
Nur,-8383,41859,50242,Mazandaran
Nur,-6367,35805,42172,Mazandaran
Nur,-8029,45813,53842,Mazandaran
Nur,-8325,51575,59900,Mazandaran
Nur,-14481,56580,71061,Mazandaran
Nur,-18894,59107,78001,Mazandaran
Nur,-22030,61303,83333,Mazandaran
Nur,-19310,60507,79817,Mazandaran
Nur,-6107,67037,73144,Mazandaran
Nur,18528,73882,55354,Mazandaran
Nur,22042,76717,54675,Mazandaran
Nur,33489,92105,58616,Mazandaran
Nur,28805,82280,53475,Mazandaran
Nur,21500,72218,50718,Mazandaran
Nur,12024,55885,43861,Mazandaran
Nur,12619,50221,37602,Mazandaran
Nur,-1423,34312,35735,Mazandaran
Nur,1581,38063,36482,Mazandaran
Nur,2304,39876,37572,Mazandaran
Nur,2680,39683,37003,Mazandaran
