City,Net,Input,Output,Province
Panjab,88,11421,11333,Mazandaran
Panjab,-517,28665,29182,Mazandaran
Panjab,-845,30877,31722,Mazandaran
Panjab,-481,30709,31190,Mazandaran
Panjab,-111,28351,28462,Mazandaran
Panjab,-250,35886,36136,Mazandaran
Panjab,-602,33750,34352,Mazandaran
Panjab,257,34756,34499,Mazandaran
Panjab,39,37324,37285,Mazandaran
Panjab,-233,30880,31113,Mazandaran
Panjab,631,44056,43425,Mazandaran
Panjab,-443,45828,46271,Mazandaran
Panjab,-8651,32530,41181,Mazandaran
Panjab,912,40485,39573,Mazandaran
Panjab,442,41489,41047,Mazandaran
Panjab,1361,39561,38200,Mazandaran
Panjab,989,34987,33998,Mazandaran
Panjab,-1048,27042,28090,Mazandaran
Panjab,305,30729,30424,Mazandaran
Panjab,54,24688,24634,Mazandaran
Panjab,37,19644,19607,Mazandaran
Panjab,386,21378,20992,Mazandaran
Panjab,956,21297,20341,Mazandaran
