City,Net,Input,Output,Province
Pirbazar,341,27676,27335,Gilan
Pirbazar,1221,29118,27897,Gilan
Pirbazar,1128,25354,24226,Gilan
Pirbazar,687,28379,27692,Gilan
Pirbazar,900,22282,21382,Gilan
Pirbazar,921,22129,21208,Gilan
Pirbazar,393,20940,20547,Gilan
Pirbazar,-245,25514,25759,Gilan
Pirbazar,173,27404,27231,Gilan
Pirbazar,323,26273,25950,Gilan
Pirbazar,-231,31062,31293,Gilan
Pirbazar,46,30427,30381,Gilan
Pirbazar,-805,31865,32670,Gilan
Pirbazar,104,30264,30160,Gilan
Pirbazar,838,30481,29643,Gilan
Pirbazar,1251,32069,30818,Gilan
Pirbazar,952,28075,27123,Gilan
Pirbazar,1268,27581,26313,Gilan
Pirbazar,1638,28134,26496,Gilan
Pirbazar,1455,17667,16212,Gilan
Pirbazar,1401,20496,19095,Gilan
Pirbazar,2727,25379,22652,Gilan
Pirbazar,1634,29137,27503,Gilan
