City,Net,Input,Output,Province
Pol-e Sefid,-3849,37500,41349,Mazandaran
Pol-e Sefid,-2974,35243,38217,Mazandaran
Pol-e Sefid,-3452,36364,39816,Mazandaran
Pol-e Sefid,-2545,33095,35640,Mazandaran
Pol-e Sefid,-1287,28017,29304,Mazandaran
Pol-e Sefid,-1414,36068,37482,Mazandaran
Pol-e Sefid,-2731,38378,41109,Mazandaran
Pol-e Sefid,-3460,38894,42354,Mazandaran
Pol-e Sefid,-2587,38705,41292,Mazandaran
Pol-e Sefid,-4480,50746,55226,Mazandaran
Pol-e Sefid,-4148,49965,54113,Mazandaran
Pol-e Sefid,-3758,44412,48170,Mazandaran
Pol-e Sefid,-3261,42239,45500,Mazandaran
Pol-e Sefid,-3160,38926,42086,Mazandaran
Pol-e Sefid,-3389,39780,43169,Mazandaran
Pol-e Sefid,-1114,42757,43871,Mazandaran
Pol-e Sefid,-1113,44105,45218,Mazandaran
Pol-e Sefid,-6775,33724,40499,Mazandaran
Pol-e Sefid,-3250,37027,40277,Mazandaran
Pol-e Sefid,-2362,25667,28029,Mazandaran
Pol-e Sefid,-1943,20466,22409,Mazandaran
Pol-e Sefid,-1635,21538,23173,Mazandaran
Pol-e Sefid,-1118,21560,22678,Mazandaran
