City,Net,Input,Output,Province
Polur,1502,11338,9836,Mazandaran
Polur,-4,28973,28977,Mazandaran
Polur,327,30967,30640,Mazandaran
Polur,503,31075,30572,Mazandaran
Polur,-219,27477,27696,Mazandaran
Polur,-400,35263,35663,Mazandaran
Polur,5091,36369,31278,Mazandaran
Polur,-4015,32632,36647,Mazandaran
Polur,988,36244,35256,Mazandaran
Polur,134,37371,37237,Mazandaran
Polur,353,42123,41770,Mazandaran
Polur,-713,44583,45296,Mazandaran
Polur,-94,39907,40001,Mazandaran
Polur,-358,39885,40243,Mazandaran
Polur,268,40433,40165,Mazandaran
Polur,66,37520,37454,Mazandaran
Polur,-1160,33835,34995,Mazandaran
Polur,-360,27025,27385,Mazandaran
Polur,-1476,30034,31510,Mazandaran
Polur,-1953,24599,26552,Mazandaran
Polur,-646,18646,19292,Mazandaran
Polur,288,20312,20024,Mazandaran
Polur,465,19429,18964,Mazandaran
