City,Net,Input,Output,Province
Punel,-10387,11247,21634,Gilan
Punel,28,24640,24612,Gilan
Punel,171,24131,23960,Gilan
Punel,178,26257,26079,Gilan
Punel,529,22722,22193,Gilan
Punel,1479,23955,22476,Gilan
Punel,1590,27288,25698,Gilan
Punel,345,30222,29877,Gilan
Punel,-494,32046,32540,Gilan
Punel,-1096,34786,35882,Gilan
Punel,-1075,34882,35957,Gilan
Punel,-391,35581,35972,Gilan
Punel,-1084,35189,36273,Gilan
Punel,-843,34130,34973,Gilan
Punel,-1591,34866,36457,Gilan
Punel,-4372,32018,36390,Gilan
Punel,-1573,32323,33896,Gilan
Punel,-3844,27999,31843,Gilan
Punel,-3432,26892,30324,Gilan
Punel,-1364,24004,25368,Gilan
Punel,-1325,22008,23333,Gilan
Punel,-1026,21320,22346,Gilan
Punel,-386,19699,20085,Gilan
