City,Net,Input,Output,Province
Qaemshahr,38227,114544,76317,Mazandaran
Qaemshahr,26353,110335,83982,Mazandaran
Qaemshahr,991,101418,100427,Mazandaran
Qaemshahr,-929,102613,103542,Mazandaran
Qaemshahr,-2011,73792,75803,Mazandaran
Qaemshahr,-3463,84853,88316,Mazandaran
Qaemshahr,-3964,90503,94467,Mazandaran
Qaemshahr,-1960,101197,103157,Mazandaran
Qaemshahr,-91,109339,109430,Mazandaran
Qaemshahr,-856,120077,120933,Mazandaran
Qaemshahr,399,124208,123809,Mazandaran
Qaemshahr,-4111,92201,96312,Mazandaran
Qaemshahr,-3002,98927,101929,Mazandaran
Qaemshahr,1518,98748,97230,Mazandaran
Qaemshahr,44,117888,117844,Mazandaran
Qaemshahr,-1517,115779,117296,Mazandaran
Qaemshahr,-2571,103441,106012,Mazandaran
Qaemshahr,2634,79692,77058,Mazandaran
Qaemshahr,-1657,99369,101026,Mazandaran
Qaemshahr,7897,100528,92631,Mazandaran
Qaemshahr,6428,93525,87097,Mazandaran
Qaemshahr,14842,94969,80127,Mazandaran
Qaemshahr,3474,86540,83066,Mazandaran
