City,Net,Input,Output,Province
Ramsar,6710,59709,52999,Gilan
Ramsar,9147,64811,55664,Gilan
Ramsar,11348,65775,54427,Gilan
Ramsar,14129,65391,51262,Gilan
Ramsar,10721,58798,48077,Gilan
Ramsar,12705,66643,53938,Gilan
Ramsar,15385,80572,65187,Gilan
Ramsar,16749,96497,79748,Gilan
Ramsar,12284,89588,77304,Gilan
Ramsar,13866,94272,80406,Gilan
Ramsar,13488,86585,73097,Gilan
Ramsar,16433,91116,74683,Gilan
Ramsar,19099,92696,73597,Gilan
Ramsar,16056,91860,75804,Gilan
Ramsar,14538,85234,70696,Gilan
Ramsar,14061,85343,71282,Gilan
Ramsar,13045,75367,62322,Gilan
Ramsar,9428,54348,44920,Gilan
Ramsar,12531,57733,45202,Gilan
Ramsar,13447,54926,41479,Gilan
Ramsar,13502,53639,40137,Gilan
Ramsar,13977,54923,40946,Gilan
Ramsar,12928,52427,39499,Gilan
