City,Net,Input,Output,Province
Rasht,-22724,115372,138096,Gilan
Rasht,-34024,118104,152128,Gilan
Rasht,-20707,111585,132292,Gilan
Rasht,-24816,108358,133174,Gilan
Rasht,-29488,86537,116025,Gilan
Rasht,-30115,98507,128622,Gilan
Rasht,-22539,101567,124106,Gilan
Rasht,-23892,121325,145217,Gilan
Rasht,-32299,118854,151153,Gilan
Rasht,-27011,129902,156913,Gilan
Rasht,-26860,134633,161493,Gilan
Rasht,-32318,137594,169912,Gilan
Rasht,-34377,139100,173477,Gilan
Rasht,-12508,131695,144203,Gilan
Rasht,-12314,134833,147147,Gilan
Rasht,-17440,128254,145694,Gilan
Rasht,-17518,114266,131784,Gilan
Rasht,6359,112306,105947,Gilan
Rasht,6670,120154,113484,Gilan
Rasht,-8439,110321,118760,Gilan
Rasht,-11698,105294,116992,Gilan
Rasht,-12291,109873,122164,Gilan
Rasht,-18749,101314,120063,Gilan
