City,Net,Input,Output,Province
Rezvanshahr,-320,7512,7832,Gilan
Rezvanshahr,79,8132,8053,Gilan
Rezvanshahr,74,9065,8991,Gilan
Rezvanshahr,452,9984,9532,Gilan
Rezvanshahr,494,8184,7690,Gilan
Rezvanshahr,-599,10747,11346,Gilan
Rezvanshahr,-954,11133,12087,Gilan
Rezvanshahr,159,13919,13760,Gilan
Rezvanshahr,1633,15545,13912,Gilan
Rezvanshahr,1731,16933,15202,Gilan
Rezvanshahr,1860,15767,13907,Gilan
Rezvanshahr,1720,15406,13686,Gilan
Rezvanshahr,1286,16164,14878,Gilan
Rezvanshahr,1383,15574,14191,Gilan
Rezvanshahr,1280,16044,14764,Gilan
Rezvanshahr,1477,15847,14370,Gilan
Rezvanshahr,1216,14610,13394,Gilan
Rezvanshahr,714,14257,13543,Gilan
Rezvanshahr,-594,8813,9407,Gilan
Rezvanshahr,-280,8148,8428,Gilan
Rezvanshahr,62,7858,7796,Gilan
Rezvanshahr,308,8154,7846,Gilan
Rezvanshahr,398,8146,7748,Gilan
