City,Net,Input,Output,Province
Rostamabad,-3522,110226,113748,Gilan
Rostamabad,-1470,128740,130210,Gilan
Rostamabad,-5700,135020,140720,Gilan
Rostamabad,-5164,136432,141596,Gilan
Rostamabad,-998,126842,127840,Gilan
Rostamabad,-1684,156162,157846,Gilan
Rostamabad,-3138,152698,155836,Gilan
Rostamabad,-5512,152176,157688,Gilan
Rostamabad,-2662,156434,159096,Gilan
Rostamabad,-5146,197564,202710,Gilan
Rostamabad,-2632,184266,186898,Gilan
Rostamabad,-1720,188996,190716,Gilan
Rostamabad,-776,176736,177512,Gilan
Rostamabad,3340,167926,164586,Gilan
Rostamabad,2314,171218,168904,Gilan
Rostamabad,-3664,163618,167282,Gilan
Rostamabad,4816,164328,159512,Gilan
Rostamabad,-10048,121672,131720,Gilan
Rostamabad,-6530,135954,142484,Gilan
Rostamabad,-1808,102994,104802,Gilan
Rostamabad,-1652,75554,77206,Gilan
Rostamabad,-1472,74342,75814,Gilan
Rostamabad,496,72316,71820,Gilan
