City,Net,Input,Output,Province
Rudbar,-10193,77094,87287,Gilan
Rudbar,-24040,81891,105931,Gilan
Rudbar,-28750,82620,111370,Gilan
Rudbar,-31043,82119,113162,Gilan
Rudbar,-34888,74131,109019,Gilan
Rudbar,-63770,75273,139043,Gilan
Rudbar,-45231,84483,129714,Gilan
Rudbar,-23427,95728,119155,Gilan
Rudbar,-6233,111606,117839,Gilan
Rudbar,-2904,137034,139938,Gilan
Rudbar,-10616,121874,132490,Gilan
Rudbar,-21838,120950,142788,Gilan
Rudbar,-9328,87155,96483,Gilan
Rudbar,4982,83709,78727,Gilan
Rudbar,24401,97622,73221,Gilan
Rudbar,49600,109990,60390,Gilan
Rudbar,73786,115436,41650,Gilan
Rudbar,69725,107443,37718,Gilan
Rudbar,78736,128169,49433,Gilan
Rudbar,54949,91551,36602,Gilan
Rudbar,25350,62115,36765,Gilan
Rudbar,16202,61508,45306,Gilan
Rudbar,15085,56890,41805,Gilan
