City,Net,Input,Output,Province
Rudsar,-3813,57668,61481,Gilan
Rudsar,-4355,65573,69928,Gilan
Rudsar,-784,63426,64210,Gilan
Rudsar,-824,69795,70619,Gilan
Rudsar,-1682,60857,62539,Gilan
Rudsar,-2753,74586,77339,Gilan
Rudsar,-2230,77576,79806,Gilan
Rudsar,-4227,83346,87573,Gilan
Rudsar,-4058,88903,92961,Gilan
Rudsar,-4744,88016,92760,Gilan
Rudsar,-3792,80309,84101,Gilan
Rudsar,-3784,84337,88121,Gilan
Rudsar,-3086,81162,84248,Gilan
Rudsar,-3654,77552,81206,Gilan
Rudsar,-1420,79701,81121,Gilan
Rudsar,-787,77322,78109,Gilan
Rudsar,-2753,62950,65703,Gilan
Rudsar,-3077,48859,51936,Gilan
Rudsar,-2675,51800,54475,Gilan
Rudsar,-2138,50613,52751,Gilan
Rudsar,-2133,48471,50604,Gilan
Rudsar,-1843,50116,51959,Gilan
Rudsar,-1454,47648,49102,Gilan
