City,Net,Input,Output,Province
Sangar,985,17657,16672,Gilan
Sangar,3970,21066,17096,Gilan
Sangar,7213,23060,15847,Gilan
Sangar,12463,26412,13949,Gilan
Sangar,11651,25784,14133,Gilan
Sangar,4499,25552,21053,Gilan
Sangar,3690,25160,21470,Gilan
Sangar,7769,30442,22673,Gilan
Sangar,11009,29577,18568,Gilan
Sangar,10327,30494,20167,Gilan
Sangar,12328,31251,18923,Gilan
Sangar,9725,31299,21574,Gilan
Sangar,-2324,23976,26300,Gilan
Sangar,-3718,23016,26734,Gilan
Sangar,-3207,22839,26046,Gilan
Sangar,-1037,25775,26812,Gilan
Sangar,1484,25168,23684,Gilan
Sangar,2487,21458,18971,Gilan
Sangar,2761,20802,18041,Gilan
Sangar,8046,19782,11736,Gilan
Sangar,5386,15004,9618,Gilan
Sangar,5171,15596,10425,Gilan
Sangar,6845,16017,9172,Gilan
