City,Net,Input,Output,Province
Saravan,36395,179580,143185,Gilan
Saravan,57066,210439,153373,Gilan
Saravan,59455,215209,155754,Gilan
Saravan,73852,220005,146153,Gilan
Saravan,72657,203399,130742,Gilan
Saravan,32785,182392,149607,Gilan
Saravan,39116,177443,138327,Gilan
Saravan,9177,181726,172549,Gilan
Saravan,14337,196376,182039,Gilan
Saravan,16797,234409,217612,Gilan
Saravan,6903,236666,229763,Gilan
Saravan,20406,254424,234018,Gilan
Saravan,6359,236001,229642,Gilan
Saravan,-24154,200577,224731,Gilan
Saravan,-41433,194866,236299,Gilan
Saravan,-65897,178892,244789,Gilan
Saravan,-117830,143964,261794,Gilan
Saravan,-119739,122292,242031,Gilan
Saravan,-106970,127122,234092,Gilan
Saravan,-72415,119480,191895,Gilan
Saravan,-27714,103776,131490,Gilan
Saravan,-8982,115178,124160,Gilan
Saravan,-10491,113950,124441,Gilan
