City,Net,Input,Output,Province
Sari,-37981,110492,148473,Mazandaran
Sari,-29751,125663,155414,Mazandaran
Sari,792,151306,150514,Mazandaran
Sari,-2349,154324,156673,Mazandaran
Sari,-14510,108771,123281,Mazandaran
Sari,-23723,107227,130950,Mazandaran
Sari,1067,121556,120489,Mazandaran
Sari,1262,134579,133317,Mazandaran
Sari,-1458,147333,148791,Mazandaran
Sari,2066,158260,156194,Mazandaran
Sari,1578,160710,159132,Mazandaran
Sari,4635,136259,131624,Mazandaran
Sari,3889,142165,138276,Mazandaran
Sari,-2143,137870,140013,Mazandaran
Sari,-2730,157311,160041,Mazandaran
Sari,-11232,152458,163690,Mazandaran
Sari,-13912,138042,151954,Mazandaran
Sari,11890,127809,115919,Mazandaran
Sari,3894,139056,135162,Mazandaran
Sari,-6945,129801,136746,Mazandaran
Sari,-3446,119955,123401,Mazandaran
Sari,-5407,123213,128620,Mazandaran
Sari,-11272,115247,126519,Mazandaran
