City,Net,Input,Output,Province
Se-rah-e Baladeh,1027,13944,12917,Mazandaran
Se-rah-e Baladeh,1125,31504,30379,Mazandaran
Se-rah-e Baladeh,780,33833,33053,Mazandaran
Se-rah-e Baladeh,418,33116,32698,Mazandaran
Se-rah-e Baladeh,-7,30060,30067,Mazandaran
Se-rah-e Baladeh,944,38008,37064,Mazandaran
Se-rah-e Baladeh,854,36517,35663,Mazandaran
Se-rah-e Baladeh,565,36205,35640,Mazandaran
Se-rah-e Baladeh,1982,40117,38135,Mazandaran
Se-rah-e Baladeh,1742,34497,32755,Mazandaran
Se-rah-e Baladeh,1296,45689,44393,Mazandaran
Se-rah-e Baladeh,1964,48618,46654,Mazandaran
Se-rah-e Baladeh,9726,38559,28833,Mazandaran
Se-rah-e Baladeh,1543,41871,40328,Mazandaran
Se-rah-e Baladeh,935,42753,41818,Mazandaran
Se-rah-e Baladeh,2021,42890,40869,Mazandaran
Se-rah-e Baladeh,1594,37702,36108,Mazandaran
Se-rah-e Baladeh,297,29930,29633,Mazandaran
Se-rah-e Baladeh,1313,33458,32145,Mazandaran
Se-rah-e Baladeh,1222,27021,25799,Mazandaran
Se-rah-e Baladeh,687,20810,20123,Mazandaran
Se-rah-e Baladeh,1017,24092,23075,Mazandaran
Se-rah-e Baladeh,1464,24053,22589,Mazandaran
