City,Net,Input,Output,Province
Se-rah-e Yasaqi,-223,3426,3649,Golestan
Se-rah-e Yasaqi,-366,3568,3934,Golestan
Se-rah-e Yasaqi,-338,3406,3744,Golestan
Se-rah-e Yasaqi,-339,4180,4519,Golestan
Se-rah-e Yasaqi,-382,2947,3329,Golestan
Se-rah-e Yasaqi,-615,2967,3582,Golestan
Se-rah-e Yasaqi,-685,3273,3958,Golestan
Se-rah-e Yasaqi,-716,4167,4883,Golestan
Se-rah-e Yasaqi,-1163,4152,5315,Golestan
Se-rah-e Yasaqi,-738,4453,5191,Golestan
Se-rah-e Yasaqi,-762,4638,5400,Golestan
Se-rah-e Yasaqi,-899,4634,5533,Golestan
Se-rah-e Yasaqi,-859,4733,5592,Golestan
Se-rah-e Yasaqi,-789,4728,5517,Golestan
Se-rah-e Yasaqi,-721,4706,5427,Golestan
Se-rah-e Yasaqi,-672,4629,5301,Golestan
Se-rah-e Yasaqi,-680,4487,5167,Golestan
Se-rah-e Yasaqi,-152,2648,2800,Golestan
Se-rah-e Yasaqi,-307,3280,3587,Golestan
Se-rah-e Yasaqi,-190,3484,3674,Golestan
Se-rah-e Yasaqi,-288,3300,3588,Golestan
Se-rah-e Yasaqi,-236,3547,3783,Golestan
Se-rah-e Yasaqi,-229,3210,3439,Golestan
