City,Net,Input,Output,Province
Se-rah-e Sangchal,-1420,10820,12240,Mazandaran
Se-rah-e Sangchal,-1462,30968,32430,Mazandaran
Se-rah-e Sangchal,-1325,32109,33434,Mazandaran
Se-rah-e Sangchal,-1680,31326,33006,Mazandaran
Se-rah-e Sangchal,-1002,28712,29714,Mazandaran
Se-rah-e Sangchal,-1713,36036,37749,Mazandaran
Se-rah-e Sangchal,-1767,34494,36261,Mazandaran
Se-rah-e Sangchal,-1027,35113,36140,Mazandaran
Se-rah-e Sangchal,638,26324,25686,Mazandaran
Se-rah-e Sangchal,4436,23330,18894,Mazandaran
Se-rah-e Sangchal,-902,20414,21316,Mazandaran
Se-rah-e Sangchal,-2368,36333,38701,Mazandaran
Se-rah-e Sangchal,-2206,42306,44512,Mazandaran
Se-rah-e Sangchal,-1921,41645,43566,Mazandaran
Se-rah-e Sangchal,-2904,43011,45915,Mazandaran
Se-rah-e Sangchal,-2138,40709,42847,Mazandaran
Se-rah-e Sangchal,-770,36579,37349,Mazandaran
Se-rah-e Sangchal,6587,26706,20119,Mazandaran
Se-rah-e Sangchal,-3739,30696,34435,Mazandaran
Se-rah-e Sangchal,-2019,26669,28688,Mazandaran
Se-rah-e Sangchal,-1667,25153,26820,Mazandaran
Se-rah-e Sangchal,-1930,26565,28495,Mazandaran
Se-rah-e Sangchal,-1667,24917,26584,Mazandaran
