City,Net,Input,Output,Province
Shahzeyd,-1282,9836,11118,Mazandaran
Shahzeyd,-305,32831,33136,Mazandaran
Shahzeyd,-298,33873,34171,Mazandaran
Shahzeyd,657,33909,33252,Mazandaran
Shahzeyd,578,30585,30007,Mazandaran
Shahzeyd,199,37718,37519,Mazandaran
Shahzeyd,108,36592,36484,Mazandaran
Shahzeyd,-464,36716,37180,Mazandaran
Shahzeyd,-2909,24878,27787,Mazandaran
Shahzeyd,-7228,16895,24123,Mazandaran
Shahzeyd,-5252,20257,25509,Mazandaran
Shahzeyd,516,40062,39546,Mazandaran
Shahzeyd,-580,38975,39555,Mazandaran
Shahzeyd,-1011,41726,42737,Mazandaran
Shahzeyd,-560,43384,43944,Mazandaran
Shahzeyd,-1496,42405,43901,Mazandaran
Shahzeyd,-2379,35927,38306,Mazandaran
Shahzeyd,-13467,14078,27545,Mazandaran
Shahzeyd,-1715,33000,34715,Mazandaran
Shahzeyd,-1328,27215,28543,Mazandaran
Shahzeyd,-604,23033,23637,Mazandaran
Shahzeyd,-752,25747,26499,Mazandaran
Shahzeyd,-1044,25131,26175,Mazandaran
