City,Net,Input,Output,Province
Shakta,-1216,6038,7254,Mazandaran
Shakta,-403,8233,8636,Mazandaran
Shakta,-3090,9893,12983,Mazandaran
Shakta,-1238,9461,10699,Mazandaran
Shakta,1180,10049,8869,Mazandaran
Shakta,1717,13045,11328,Mazandaran
Shakta,-2022,9446,11468,Mazandaran
Shakta,-3371,9579,12950,Mazandaran
Shakta,-2246,12271,14517,Mazandaran
Shakta,-4628,12340,16968,Mazandaran
Shakta,-3526,10718,14244,Mazandaran
Shakta,-2834,12214,15048,Mazandaran
Shakta,-3088,11537,14625,Mazandaran
Shakta,-1683,12159,13842,Mazandaran
Shakta,-1873,12835,14708,Mazandaran
Shakta,2561,16605,14044,Mazandaran
Shakta,2481,18574,16093,Mazandaran
Shakta,-10809,13752,24561,Mazandaran
Shakta,-4845,7921,12766,Mazandaran
Shakta,-1268,7669,8937,Mazandaran
Shakta,-1396,7283,8679,Mazandaran
Shakta,-419,8541,8960,Mazandaran
Shakta,2663,11237,8574,Mazandaran
