City,Net,Input,Output,Province
Shirgah,11893,49138,37245,Mazandaran
Shirgah,12559,47236,34677,Mazandaran
Shirgah,13709,47068,33359,Mazandaran
Shirgah,13970,44231,30261,Mazandaran
Shirgah,14094,37519,23425,Mazandaran
Shirgah,14997,46751,31754,Mazandaran
Shirgah,14371,48207,33836,Mazandaran
Shirgah,14511,49368,34857,Mazandaran
Shirgah,11506,49106,37600,Mazandaran
Shirgah,11880,60451,48571,Mazandaran
Shirgah,12433,60120,47687,Mazandaran
Shirgah,13318,56257,42939,Mazandaran
Shirgah,13315,53995,40680,Mazandaran
Shirgah,11456,50627,39171,Mazandaran
Shirgah,11082,52037,40955,Mazandaran
Shirgah,9002,53102,44100,Mazandaran
Shirgah,6658,52518,45860,Mazandaran
Shirgah,4753,43458,38705,Mazandaran
Shirgah,3739,43670,39931,Mazandaran
Shirgah,6089,34473,28384,Mazandaran
Shirgah,6428,29839,23411,Mazandaran
Shirgah,7989,31542,23553,Mazandaran
Shirgah,7690,31801,24111,Mazandaran
