City,Net,Input,Output,Province
Siah Bisheh,-15268,2203,17471,Mazandaran
Siah Bisheh,-17666,2234,19900,Mazandaran
Siah Bisheh,-17107,4327,21434,Mazandaran
Siah Bisheh,-22607,4633,27240,Mazandaran
Siah Bisheh,-17614,2375,19989,Mazandaran
Siah Bisheh,-26564,3769,30333,Mazandaran
Siah Bisheh,-20917,4587,25504,Mazandaran
Siah Bisheh,-17583,14599,32182,Mazandaran
Siah Bisheh,-14501,20218,34719,Mazandaran
Siah Bisheh,1907,27180,25273,Mazandaran
Siah Bisheh,-5871,23981,29852,Mazandaran
Siah Bisheh,-16160,24974,41134,Mazandaran
Siah Bisheh,-14177,23555,37732,Mazandaran
Siah Bisheh,-9920,27380,37300,Mazandaran
Siah Bisheh,1081,31972,30891,Mazandaran
Siah Bisheh,4449,29859,25410,Mazandaran
Siah Bisheh,92,29203,29111,Mazandaran
Siah Bisheh,-4697,24853,29550,Mazandaran
Siah Bisheh,-3129,22354,25483,Mazandaran
Siah Bisheh,-6480,21351,27831,Mazandaran
Siah Bisheh,-4332,16392,20724,Mazandaran
Siah Bisheh,-4889,17022,21911,Mazandaran
Siah Bisheh,206,21982,21776,Mazandaran
