City,Net,Input,Output,Province
Siahkal,-4833,21407,26240,Gilan
Siahkal,-8949,22286,31235,Gilan
Siahkal,-12321,20816,33137,Gilan
Siahkal,-17447,18617,36064,Gilan
Siahkal,-17461,16440,33901,Gilan
Siahkal,-8322,25399,33721,Gilan
Siahkal,-5558,27859,33417,Gilan
Siahkal,-10445,28702,39147,Gilan
Siahkal,-14340,26086,40426,Gilan
Siahkal,-12095,29741,41836,Gilan
Siahkal,-14929,27776,42705,Gilan
Siahkal,-14291,27455,41746,Gilan
Siahkal,215,34723,34508,Gilan
Siahkal,-72,33975,34047,Gilan
Siahkal,-100,34105,34205,Gilan
Siahkal,-2469,33173,35642,Gilan
Siahkal,-1322,32017,33339,Gilan
Siahkal,210,29819,29609,Gilan
Siahkal,-972,25618,26590,Gilan
Siahkal,-9142,16481,25623,Gilan
Siahkal,-6962,13593,20555,Gilan
Siahkal,-6916,13609,20525,Gilan
Siahkal,-8489,13193,21682,Gilan
