City,Net,Input,Output,Province
Talesh,1099,10491,9392,Gilan
Talesh,48,10560,10512,Gilan
Talesh,443,10633,10190,Gilan
Talesh,503,11115,10612,Gilan
Talesh,1098,10456,9358,Gilan
Talesh,3499,12346,8847,Gilan
Talesh,2050,11722,9672,Gilan
Talesh,221,12897,12676,Gilan
Talesh,-1120,12994,14114,Gilan
Talesh,-2293,13541,15834,Gilan
Talesh,-1635,13524,15159,Gilan
Talesh,-1500,14315,15815,Gilan
Talesh,-848,14180,15028,Gilan
Talesh,-438,15168,15606,Gilan
Talesh,115,15421,15306,Gilan
Talesh,456,14631,14175,Gilan
Talesh,1245,14085,12840,Gilan
Talesh,-577,9355,9932,Gilan
Talesh,2066,11539,9473,Gilan
Talesh,3272,11211,7939,Gilan
Talesh,1628,9205,7577,Gilan
Talesh,1218,9059,7841,Gilan
Talesh,1089,9380,8291,Gilan
