City,Net,Input,Output,Province
Tangrah,77,10424,10347,Golestan
Tangrah,159,11618,11459,Golestan
Tangrah,277,18244,17967,Golestan
Tangrah,251,21025,20774,Golestan
Tangrah,257,18574,18317,Golestan
Tangrah,571,23682,23111,Golestan
Tangrah,-66,24975,25041,Golestan
Tangrah,-221,25857,26078,Golestan
Tangrah,-292,27478,27770,Golestan
Tangrah,-83,30615,30698,Golestan
Tangrah,-260,27749,28009,Golestan
Tangrah,58,27173,27115,Golestan
Tangrah,-73,25349,25422,Golestan
Tangrah,24,24104,24080,Golestan
Tangrah,290,23749,23459,Golestan
Tangrah,526,23502,22976,Golestan
Tangrah,3741,27286,23545,Golestan
Tangrah,1998,23463,21465,Golestan
Tangrah,-272,15762,16034,Golestan
Tangrah,-9,12618,12627,Golestan
Tangrah,-13,10063,10076,Golestan
Tangrah,-15,9273,9288,Golestan
Tangrah,265,9551,9286,Golestan
