City,Net,Input,Output,Province
Tonekabon,-11891,34153,46044,Mazandaran
Tonekabon,-12887,33792,46679,Mazandaran
Tonekabon,-10722,33666,44388,Mazandaran
Tonekabon,-12432,37332,49764,Mazandaran
Tonekabon,-9955,32825,42780,Mazandaran
Tonekabon,-10455,39464,49919,Mazandaran
Tonekabon,-13528,41302,54830,Mazandaran
Tonekabon,-16184,49652,65836,Mazandaran
Tonekabon,-18033,52354,70387,Mazandaran
Tonekabon,-20952,52186,73138,Mazandaran
Tonekabon,-20195,51725,71920,Mazandaran
Tonekabon,-19180,54348,73528,Mazandaran
Tonekabon,-18184,51992,70176,Mazandaran
Tonekabon,-19533,54545,74078,Mazandaran
Tonekabon,-20952,46549,67501,Mazandaran
Tonekabon,-21113,44534,65647,Mazandaran
Tonekabon,-20589,38954,59543,Mazandaran
Tonekabon,-15002,26261,41263,Mazandaran
Tonekabon,-16517,34922,51439,Mazandaran
Tonekabon,-14387,34329,48716,Mazandaran
Tonekabon,-13212,33972,47184,Mazandaran
Tonekabon,-13192,35470,48662,Mazandaran
Tonekabon,-12933,34405,47338,Mazandaran
