City,Net,Input,Output,Province
Veresk,-1247,33123,34370,Mazandaran
Veresk,-947,29794,30741,Mazandaran
Veresk,-1292,31780,33072,Mazandaran
Veresk,-969,27899,28868,Mazandaran
Veresk,-807,23327,24134,Mazandaran
Veresk,-813,29917,30730,Mazandaran
Veresk,-2455,31998,34453,Mazandaran
Veresk,-1932,34018,35950,Mazandaran
Veresk,-742,33388,34130,Mazandaran
Veresk,-2438,45080,47518,Mazandaran
Veresk,-1149,45596,46745,Mazandaran
Veresk,-1009,39428,40437,Mazandaran
Veresk,-1236,36256,37492,Mazandaran
Veresk,-1790,32720,34510,Mazandaran
Veresk,-456,34454,34910,Mazandaran
Veresk,-1017,34716,35733,Mazandaran
Veresk,-707,36150,36857,Mazandaran
Veresk,-1299,29793,31092,Mazandaran
Veresk,-472,32768,33240,Mazandaran
Veresk,-264,20843,21107,Mazandaran
Veresk,-158,15775,15933,Mazandaran
Veresk,-411,15809,16220,Mazandaran
Veresk,-129,15815,15944,Mazandaran
