City,Net,Input,Output,Province
Ziabar,738,20815,20077,Gilan
Ziabar,-915,20519,21434,Gilan
Ziabar,-1677,18844,20521,Gilan
Ziabar,-1221,20921,22142,Gilan
Ziabar,-1869,16375,18244,Gilan
Ziabar,53,18302,18249,Gilan
Ziabar,199,19342,19143,Gilan
Ziabar,1389,23714,22325,Gilan
Ziabar,2500,25654,23154,Gilan
Ziabar,2516,26200,23684,Gilan
Ziabar,3049,29268,26219,Gilan
Ziabar,1592,28015,26423,Gilan
Ziabar,3708,31198,27490,Gilan
Ziabar,3082,28177,25095,Gilan
Ziabar,4104,29129,25025,Gilan
Ziabar,7721,31629,23908,Gilan
Ziabar,5708,27911,22203,Gilan
Ziabar,4588,26085,21497,Gilan
Ziabar,7612,26425,18813,Gilan
Ziabar,6005,13494,7489,Gilan
Ziabar,3268,10571,7303,Gilan
Ziabar,664,12770,12106,Gilan
Ziabar,1502,18148,16646,Gilan
