{
      "Sangar": 12583,
      "Astara": 51579,
      "Khalkhal": 39304,
      "Rezvanshahr": 3606,
      "Saravan": 60014,
      "Rudbar": 14747,
      "Rostamabad": 13746,
      "Rasht": 679995,
      "Lowshan": 13032,
      "Fuman": 35841,
      "Khomam": 20897,
      "Masouleh": 393,
      "Asalem": 10720,
      "Manjil": 15630,
      "Amlash": 15444,
      "Rudsar": 37998,
      "Astaneh": 7166,
      "Deylaman": 1729,
      "Lahijan": 101073,
      "Ramsar": 35997,
      "Langarud": 79445,
      "Someh Sara": 47083,
      "Kiyakala": 8040,
      "Babol": 250217,
      "Gatab": 7374,
      "Amol": 237528,
      "Babolsar": 59966,
      "Garmab": 3823,
      "Juybar": 32924,
      "Behnamir": 7906,
      "Behshahr": 94702,
      "Galugah": 21352,
      "Dabudsht": 1758,
      "Mahmudabad": 6866,
      "Shirgah": 8671,
      "Pol-e Sefid": 8294,
      "Nowshahr": 49403,
      "Chalus": 65196,
      "Marzanabad": 6698,
      "Kalarabad": 6267,
      "Kalardasht": 13401,
      "Nur": 26947,
      "Gorgan": 350676,
      "Aq Qala": 35116,
      "Minudasht": 30085,
      "Azadshahr": 43760,
      "Incheh Borun": 2494,
      "Abbasabad" : 13482,
      "Aliabad":140709,
      "Anzali" : 118564 ,
      "Fereydunkenar" :38154,
      "Neka" : 60991,
      "Gazanak" : 319 , 
      "Kiasar" : 3384 , 
      "Kiashahr" : 14022,
      "Qaemshahr" : 204953 , 
      "Chaboksar" : 8224 , 
      "Sari" : 309820 , 
      "Bandar Torkaman" : 53970 , 
      "Bazar Jomeh" : 4493 ,
      "Bandar-e Amirabad" : 2222 ,
      "Doab" :  108,
      "Aq Chay" : 300 , 
      "Gaduk" : 133,
      "Galikesh": 23396, 
      "Garzin Kheil" : 70,
      "Gilvan" : 204 , 
      "Gomishan" : 61982 , 
      "Hasanrud" : 1266 ,
      "Hazarcham" : 134 , 
      "Siah Bisheh" : 159 ,
      "Gonbad" : 155910 , 
      "Imamzadeh Hashem" : 2286 , 
      "Jirdeh" : 1476  , 
      "Kalachay" : 33636 , 
      "Kalaleh" : 117319 , 
      "Kalan Kalaye" : 418 , 
      "Khazarabad" : 2027 , 
      "Khosh Yeylagh" : 362 , 
      "Kordkuy" :  39881  , 
      "Kuchesfahan" : 9450 , 
      "Lakan" : 5314,
      "Makarud" : 930 ,
      "Maraveh Tappeh" : 60953,
      "Marzpol" : 2494,
      "Panjab" : 205,
      "Pirbazar" : 21374,
      "Polur" : 302,
      "Punel" : 2892 ,
      "Se-rah-e Baladeh" : 7630 , 
      "Se-rah-e Sangchal" : 201,
      "Se-rah-e Yasaqi" : 4093,
      "Shahzeyd" : 209 ,
      "Shakta" : 888,
      "Shaqaji" : 2392,
      "Siahkal" : 19924,
      "Talesh" : 85000,
      "Tangrah" : 1325,
      "Tonekabon" : 55434,
      "Veresk" : 1460,
      "Zagheh Marz" : 5932,
      "Ziabar" : 3388 






      
}