City,Net,Input,Output,Province
Golestan Forest,295,4171,3876,Golestan
Golestan Forest,316,4589,4273,Golestan
Golestan Forest,-335,7732,8067,Golestan
Golestan Forest,2327,10145,7818,Golestan
Golestan Forest,-290,8008,8298,Golestan
Golestan Forest,-3818,8867,12685,Golestan
Golestan Forest,-4749,9055,13804,Golestan
Golestan Forest,-4371,9548,13919,Golestan
Golestan Forest,-2478,11138,13616,Golestan
Golestan Forest,-1186,13373,14559,Golestan
Golestan Forest,-2501,11230,13731,Golestan
Golestan Forest,-2915,10479,13394,Golestan
Golestan Forest,-2243,9951,12194,Golestan
Golestan Forest,-2026,9379,11405,Golestan
Golestan Forest,-1212,9310,10522,Golestan
Golestan Forest,-465,9521,9986,Golestan
Golestan Forest,-71,10559,10630,Golestan
Golestan Forest,2837,11400,8563,Golestan
Golestan Forest,1914,7883,5969,Golestan
Golestan Forest,-428,4972,5400,Golestan
Golestan Forest,-453,3685,4138,Golestan
Golestan Forest,-367,3331,3698,Golestan
Golestan Forest,-567,3363,3930,Golestan
