City,Net,Input,Output,Province
Se-rah-e Kalaleh,-615,10251,10866,Golestan
Se-rah-e Kalaleh,-529,11484,12013,Golestan
Se-rah-e Kalaleh,-157,14148,14305,Golestan
Se-rah-e Kalaleh,-2681,16073,18754,Golestan
Se-rah-e Kalaleh,273,14700,14427,Golestan
Se-rah-e Kalaleh,3232,17937,14705,Golestan
Se-rah-e Kalaleh,4352,20018,15666,Golestan
Se-rah-e Kalaleh,3511,20869,17358,Golestan
Se-rah-e Kalaleh,2033,21620,19587,Golestan
Se-rah-e Kalaleh,148,21922,21774,Golestan
Se-rah-e Kalaleh,1937,22139,20202,Golestan
Se-rah-e Kalaleh,1775,22264,20489,Golestan
Se-rah-e Kalaleh,1729,21109,19380,Golestan
Se-rah-e Kalaleh,1331,20257,18926,Golestan
Se-rah-e Kalaleh,301,19850,19549,Golestan
Se-rah-e Kalaleh,-550,19369,19919,Golestan
Se-rah-e Kalaleh,-4570,18774,23344,Golestan
Se-rah-e Kalaleh,-5492,13425,18917,Golestan
Se-rah-e Kalaleh,-1784,12172,13956,Golestan
Se-rah-e Kalaleh,148,11538,11390,Golestan
Se-rah-e Kalaleh,311,10475,10164,Golestan
Se-rah-e Kalaleh,295,10007,9712,Golestan
Se-rah-e Kalaleh,167,9990,9823,Golestan
