City,Net,Input,Output,Province
Shahroud,-839,2989,3828,Golestan
Shahroud,-1869,2847,4716,Golestan
Shahroud,-2936,2809,5745,Golestan
Shahroud,-2218,2530,4748,Golestan
Shahroud,-1833,2303,4136,Golestan
Shahroud,-1776,3114,4890,Golestan
Shahroud,-2094,2722,4816,Golestan
Shahroud,-2557,2770,5327,Golestan
Shahroud,-2082,3782,5864,Golestan
Shahroud,-3213,4446,7659,Golestan
Shahroud,-2663,3296,5959,Golestan
Shahroud,-2604,3655,6259,Golestan
Shahroud,-2559,3616,6175,Golestan
Shahroud,-2498,3712,6210,Golestan
Shahroud,-2200,4325,6525,Golestan
Shahroud,-2287,4406,6693,Golestan
Shahroud,-1945,6799,8744,Golestan
Shahroud,-1611,8747,10358,Golestan
Shahroud,805,5154,4349,Golestan
Shahroud,523,4152,3629,Golestan
Shahroud,165,3228,3063,Golestan
Shahroud,126,3382,3256,Golestan
Shahroud,382,3577,3195,Golestan
