City,Net,Input,Output,Province
Astara,508,15474,14966,Gilan
Aq Chay,-1439,6127,7566,Gilan
Talesh,931,8839,7908,Gilan
Asalem,1315,15695,14380,Gilan
Astaneh,368,64692,64324,Gilan
Lahijan,1961,78098,76137,Gilan
Kuchesfahan,-1857,52559,54416,Gilan
Kiashahr,-8081,9378,17459,Gilan
Siahkal,1100,22658,21558,Gilan
Langarud,3686,56858,53172,Gilan
Rasht,-35250,81654,116904,Gilan
Sangar,-8447,5465,13912,Gilan
Hasanrud,8539,8539,0,Gilan
Khalkhal,541,3221,2680,Gilan
Punel,-77,19289,19366,Gilan
Ziabar,3756,29054,25298,Gilan
Imamzadeh Hashem,7834,95812,87978,Gilan
Rostamabad,5906,103024,97118,Gilan
Saravan,26917,85747,58830,Gilan
Shaqaji,0,0,0,Gilan
Rudbar,-33001,56323,89324,Gilan
Fuman,35250,57131,21881,Gilan
Amlash,1599,9931,8332,Gilan
Rudsar,-752,44600,45352,Gilan
Kalan Kalaye,-228,3521,3749,Gilan
Kalachay,5976,32270,26294,Gilan
Anzali,2468,34301,31833,Gilan
Khomam,12298,52895,40597,Gilan
Rezvanshahr,254,9587,9333,Gilan
Pirbazar,1250,23991,22741,Gilan
Bazar Jomeh,0,0,0,Gilan
Someh Sara,0,0,0,Gilan
Masouleh,0,0,0,Gilan
Jirdeh,0,0,0,Gilan
Lakan,-378,4411,4789,Gilan
Deylaman,673,2866,2193,Gilan
Ramsar,6959,49195,42236,Gilan
Chaboksar,-2995,39540,42535,Gilan
Tonekabon,-3335,30845,34180,Mazandaran
Manjil,-28817,12627,41444,Gilan
Lowshan,-1483,921,2404,Gilan
Gilvan,52,1722,1670,Gilan
Ghazvin,917,917,0,Gilan
Gilan Border,0,0,0,Gilan
Azadshahr,14595,45706,31111,Golestan
Khosh Yeylagh,-15,2711,2726,Golestan
Aliabad,-13788,66824,80612,Golestan
Minudasht,1209,20221,19012,Golestan
Gonbad,-693,39482,40175,Golestan
Shahroud,162,3647,3485,Golestan
Gorgan,-99,69030,69129,Golestan
Galikesh,-408,10682,11090,Golestan
Aq Qala,-255,22804,23059,Golestan
Incheh Borun,260,7473,7213,Golestan
Se-rah-e Kalaleh,671,9771,9100,Golestan
Bandar Torkaman,356,11422,11066,Golestan
Marzpol,-44,1549,1593,Golestan
Se-rah-e Yasaqi,-354,2640,2994,Golestan
Kordkuy,1185,30077,28892,Mazandaran
Gomishan,8,5577,5569,Golestan
Galugah,-2742,35588,38330,Mazandaran
Tangrah,149,10020,9871,Golestan
Golestan Forest,-963,3330,4293,Golestan
Kalaleh,-2274,0,2274,Golestan
Maraveh Tappeh,2274,2274,0,Golestan
Behshahr,2309,28900,26591,Mazandaran
Amol,3617,85068,81451,Mazandaran
Babol,-3813,117899,121712,Mazandaran
Qaemshahr,10616,72022,61406,Mazandaran
Mahmudabad,1264,50752,49488,Mazandaran
Park Jangali,-2271,26396,28667,Mazandaran
Babolsar,3399,66849,63450,Mazandaran
Fereydunkenar,920,52624,51704,Mazandaran
Kiyakala,-82,4008,4090,Mazandaran
Gatab,-893,15406,16299,Mazandaran
Juybar,-1008,18867,19875,Mazandaran
Sari,-8982,86332,95314,Mazandaran
Shirgah,3210,27758,24548,Mazandaran
Nur,3654,35672,32018,Mazandaran
Se-rah-e Sangchal,4270,28092,23822,Mazandaran
Imamzadeh Hashem Tehran,-8878,9658,18536,Mazandaran
Polur,-5317,23317,28634,Mazandaran
Gazanak,-292,24126,24418,Mazandaran
Behnamir,789,11890,11101,Mazandaran
Dabudsht,-973,6481,7454,Mazandaran
Bandar-e Amirabad,0,0,0,Mazandaran
Neka,84,31566,31482,Mazandaran
Zagheh Marz,-89,879,968,Mazandaran
Abbasabad,2574,40243,37669,Mazandaran
Chalus,6715,65727,59012,Mazandaran
Kalardasht,0,0,0,Mazandaran
Khazarabad,1664,18807,17143,Mazandaran
Shakta,2406,9696,7290,Mazandaran
Kiasar,2366,11601,9235,Mazandaran
Doab,14230,26505,12275,Mazandaran
Marzanabad,-10472,35821,46293,Mazandaran
Makarud,-18126,3702,21828,Mazandaran
Nowshahr,-1348,41644,42992,Mazandaran
Kalarabad,0,0,0,Mazandaran
Semnan,-351,1609,1960,Mazandaran
Garmab,-723,3056,3779,Mazandaran
Se-rah-e Baladeh,95,28478,28383,Mazandaran
Shahzeyd,-329,29264,29593,Mazandaran
Panjab,-80,26216,26296,Mazandaran
Siah Bisheh,11633,24370,12737,Mazandaran
Hazarcham,6933,9096,2163,Mazandaran
Kandovan,-18566,3641,22207,Mazandaran
Sisangan,2515,38706,36191,Mazandaran
Pol-e Sefid,-5238,13533,18771,Mazandaran
Garzin Kheil,92,6323,6231,Mazandaran
Veresk,4749,11843,7094,Mazandaran
Gaduk,-6425,3939,10364,Mazandaran
