City,Net,Input,Output,Province
Astara,-746,19490,20236,Gilan
Aq Chay,-513,9131,9644,Gilan
Talesh,1259,11105,9846,Gilan
Asalem,165,18388,18223,Gilan
Astaneh,-1594,75635,77229,Gilan
Lahijan,616,92749,92133,Gilan
Kuchesfahan,-939,58950,59889,Gilan
Kiashahr,-10272,10945,21217,Gilan
Siahkal,1083,26941,25858,Gilan
Langarud,1546,67981,66435,Gilan
Rasht,-30309,99367,129676,Gilan
Sangar,-4269,8275,12544,Gilan
Hasanrud,10474,10474,0,Gilan
Khalkhal,147,2895,2748,Gilan
Punel,-244,24436,24680,Gilan
Ziabar,2888,33938,31050,Gilan
Imamzadeh Hashem,756,97672,96916,Gilan
Rostamabad,-10890,92818,103708,Gilan
Saravan,20924,87870,66946,Gilan
Shaqaji,0,0,0,Gilan
Rudbar,-8519,62884,71403,Gilan
Fuman,32980,61838,28858,Gilan
Amlash,738,11566,10828,Gilan
Rudsar,129,57530,57401,Gilan
Kalan Kalaye,-498,3718,4216,Gilan
Kalachay,381,42229,41848,Gilan
Anzali,1986,40614,38628,Gilan
Khomam,7877,62116,54239,Gilan
Rezvanshahr,31,11385,11354,Gilan
Pirbazar,1057,25936,24879,Gilan
Bazar Jomeh,0,0,0,Gilan
Someh Sara,0,0,0,Gilan
Masouleh,0,0,0,Gilan
Jirdeh,0,0,0,Gilan
Lakan,-352,5292,5644,Gilan
Deylaman,181,3400,3219,Gilan
Ramsar,3908,70202,66294,Gilan
Chaboksar,-204,62650,62854,Gilan
Tonekabon,558,52471,51913,Mazandaran
Manjil,-15912,21688,37600,Gilan
Lowshan,-2056,1351,3407,Gilan
Gilvan,-130,1987,2117,Gilan
Ghazvin,1365,1365,0,Gilan
Gilan Border,0,0,0,Gilan
Azadshahr,12579,50090,37511,Golestan
Khosh Yeylagh,-109,2703,2812,Golestan
Aliabad,-14962,77658,92620,Golestan
Minudasht,1771,24300,22529,Golestan
Gonbad,-489,45475,45964,Golestan
Shahroud,-153,4606,4759,Golestan
Gorgan,4210,82879,78669,Golestan
Galikesh,-1133,11909,13042,Golestan
Aq Qala,-160,26057,26217,Golestan
Incheh Borun,-114,9080,9194,Golestan
Se-rah-e Kalaleh,687,12372,11685,Golestan
Bandar Torkaman,420,13636,13216,Golestan
Marzpol,32,1888,1856,Golestan
Se-rah-e Yasaqi,-335,3523,3858,Golestan
Kordkuy,-2079,33289,35368,Mazandaran
Gomishan,7,6209,6202,Golestan
Galugah,-1750,42150,43900,Mazandaran
Tangrah,275,13086,12811,Golestan
Golestan Forest,-1367,4315,5682,Golestan
Kalaleh,-2431,0,2431,Golestan
Maraveh Tappeh,2431,2431,0,Golestan
Behshahr,2218,36989,34771,Mazandaran
Amol,3648,111772,108124,Mazandaran
Babol,-3898,146848,150746,Mazandaran
Qaemshahr,5576,81717,76141,Mazandaran
Mahmudabad,1374,68785,67411,Mazandaran
Park Jangali,634,38489,37855,Mazandaran
Babolsar,-988,85290,86278,Mazandaran
Fereydunkenar,3124,73462,70338,Mazandaran
Kiyakala,36,4910,4874,Mazandaran
Gatab,-463,17986,18449,Mazandaran
Juybar,-137,22799,22936,Mazandaran
Sari,341,114647,114306,Mazandaran
Shirgah,5071,32590,27519,Mazandaran
Nur,3257,50216,46959,Mazandaran
Se-rah-e Sangchal,-5986,22655,28641,Mazandaran
Imamzadeh Hashem Tehran,-6947,13544,20491,Mazandaran
Polur,-1965,28500,30465,Mazandaran
Gazanak,-1607,25776,27383,Mazandaran
Behnamir,1153,16687,15534,Mazandaran
Dabudsht,-244,7587,7831,Mazandaran
Bandar-e Amirabad,121,1310,1189,Mazandaran
Neka,367,40552,40185,Mazandaran
Zagheh Marz,-180,1040,1220,Mazandaran
Abbasabad,2678,59432,56754,Mazandaran
Chalus,5329,82982,77653,Mazandaran
Kalardasht,0,0,0,Mazandaran
Khazarabad,2441,22454,20013,Mazandaran
Shakta,-2875,12953,15828,Mazandaran
Kiasar,-1320,14281,15601,Mazandaran
Doab,11480,32150,20670,Mazandaran
Marzanabad,-10346,48282,58628,Mazandaran
Makarud,-17003,9760,26763,Mazandaran
Nowshahr,-1335,50064,51399,Mazandaran
Kalarabad,0,0,0,Mazandaran
Semnan,-485,2345,2830,Mazandaran
Garmab,803,4998,4195,Mazandaran
Se-rah-e Baladeh,309,34264,33955,Mazandaran
Shahzeyd,5639,29192,23553,Mazandaran
Panjab,-493,30978,31471,Mazandaran
Siah Bisheh,128,33966,33838,Mazandaran
Hazarcham,17471,27418,9947,Mazandaran
Kandovan,-13967,10052,24019,Mazandaran
Sisangan,2580,53620,51040,Mazandaran
Pol-e Sefid,-6471,11966,18437,Mazandaran
Garzin Kheil,3682,10432,6750,Mazandaran
Veresk,-53,16488,16541,Mazandaran
Gaduk,-3629,6109,9738,Mazandaran
