City,Net,Input,Output,Province
Astara,-409,13131,13540,Gilan
Aq Chay,339,4815,4476,Gilan
Talesh,70,8725,8655,Gilan
Asalem,2552,15537,12985,Gilan
Astaneh,520,70334,69814,Gilan
Lahijan,1297,85776,84479,Gilan
Kuchesfahan,-1010,60808,61818,Gilan
Kiashahr,-5626,9483,15109,Gilan
Siahkal,1121,22655,21534,Gilan
Langarud,3282,60319,57037,Gilan
Rasht,-41128,94582,135710,Gilan
Sangar,-6863,11016,17879,Gilan
Hasanrud,5953,5953,0,Gilan
Khalkhal,251,1441,1190,Gilan
Punel,-1071,19900,20971,Gilan
Ziabar,2734,30540,27806,Gilan
Imamzadeh Hashem,-35782,88034,123816,Gilan
Rostamabad,9154,103044,93890,Gilan
Saravan,61959,118655,56696,Gilan
Shaqaji,0,0,0,Gilan
Rudbar,-26603,58035,84638,Gilan
Fuman,31786,57020,25234,Gilan
Amlash,963,8897,7934,Gilan
Rudsar,-138,48493,48631,Gilan
Kalan Kalaye,206,2676,2470,Gilan
Kalachay,13705,34602,20897,Gilan
Anzali,583,30715,30132,Gilan
Khomam,12448,55390,42942,Gilan
Rezvanshahr,1162,8837,7675,Gilan
Pirbazar,1741,28735,26994,Gilan
Bazar Jomeh,0,0,0,Gilan
Someh Sara,0,0,0,Gilan
Masouleh,0,0,0,Gilan
Jirdeh,0,0,0,Gilan
Lakan,-347,7399,7746,Gilan
Deylaman,410,1415,1005,Gilan
Ramsar,-312,41133,41445,Gilan
Chaboksar,-11860,25627,37487,Gilan
Tonekabon,1839,36328,34489,Mazandaran
Manjil,-20584,18325,38909,Gilan
Lowshan,49030,63716,14686,Gilan
Gilvan,538,1956,1418,Gilan
Ghazvin,-58688,2330,61018,Gilan
Gilan Border,9145,9145,0,Gilan
Azadshahr,15011,53111,38100,Golestan
Khosh Yeylagh,-517,3426,3943,Golestan
Aliabad,-10579,85979,96558,Golestan
Minudasht,-265,26642,26907,Golestan
Gonbad,-439,53392,53831,Golestan
Shahroud,-1041,3326,4367,Golestan
Gorgan,-2594,95736,98330,Golestan
Galikesh,1332,13609,12277,Golestan
Aq Qala,-270,36040,36310,Golestan
Incheh Borun,296,6717,6421,Golestan
Se-rah-e Kalaleh,-616,10332,10948,Golestan
Bandar Torkaman,402,14803,14401,Golestan
Marzpol,13,1118,1105,Golestan
Se-rah-e Yasaqi,-291,3680,3971,Golestan
Kordkuy,6214,40680,34466,Mazandaran
Gomishan,136,6620,6484,Golestan
Galugah,-5368,43346,48714,Mazandaran
Tangrah,282,8723,8441,Golestan
Golestan Forest,298,2948,2650,Golestan
Kalaleh,-2783,0,2783,Golestan
Maraveh Tappeh,2783,2783,0,Golestan
Behshahr,3183,44425,41242,Mazandaran
Amol,1475,89786,88311,Mazandaran
Babol,-4100,137307,141407,Mazandaran
Qaemshahr,27180,105028,77848,Mazandaran
Mahmudabad,820,50198,49378,Mazandaran
Park Jangali,1710,29579,27869,Mazandaran
Babolsar,-1846,70358,72204,Mazandaran
Fereydunkenar,5211,60875,55664,Mazandaran
Kiyakala,-26,5855,5881,Mazandaran
Gatab,-1268,16611,17879,Mazandaran
Juybar,-2304,33732,36036,Mazandaran
Sari,-18810,118611,137421,Mazandaran
Shirgah,6245,39323,33078,Mazandaran
Nur,2839,39456,36617,Mazandaran
Se-rah-e Sangchal,-1695,23486,25181,Mazandaran
Imamzadeh Hashem Tehran,-12070,3218,15288,Mazandaran
Polur,10322,21714,11392,Mazandaran
Gazanak,-7377,14688,22065,Mazandaran
Behnamir,73,14255,14182,Mazandaran
Dabudsht,-449,7933,8382,Mazandaran
Bandar-e Amirabad,-72,1150,1222,Mazandaran
Neka,-476,52199,52675,Mazandaran
Zagheh Marz,-257,1200,1457,Mazandaran
Abbasabad,1837,39033,37196,Mazandaran
Chalus,3756,59449,55693,Mazandaran
Kalardasht,0,0,0,Mazandaran
Khazarabad,3156,24037,20881,Mazandaran
Shakta,-28,10190,10218,Mazandaran
Kiasar,97,8436,8339,Mazandaran
Doab,8432,23262,14830,Mazandaran
Marzanabad,-5273,33702,38975,Mazandaran
Makarud,-13638,4695,18333,Mazandaran
Nowshahr,-2433,40472,42905,Mazandaran
Kalarabad,0,0,0,Mazandaran
Semnan,-433,1029,1462,Mazandaran
Garmab,74,2820,2746,Mazandaran
Se-rah-e Baladeh,481,25736,25255,Mazandaran
Shahzeyd,1208,25678,24470,Mazandaran
Panjab,-853,22976,23829,Mazandaran
Siah Bisheh,-135,19720,19855,Mazandaran
Hazarcham,13205,17971,4766,Mazandaran
Kandovan,-10562,4392,14954,Mazandaran
Sisangan,894,39825,38931,Mazandaran
Pol-e Sefid,-6718,21840,28558,Mazandaran
Garzin Kheil,-5746,4485,10231,Mazandaran
Veresk,8559,14196,5637,Mazandaran
Gaduk,-8559,5637,14196,Mazandaran
