City,Net,Input,Output,Province
Astara,-1516,20065,21581,Gilan
Aq Chay,978,10301,9323,Gilan
Talesh,538,11280,10742,Gilan
Asalem,-698,19140,19838,Gilan
Astaneh,-1492,82027,83519,Gilan
Lahijan,-1781,99840,101621,Gilan
Kuchesfahan,2160,65457,63297,Gilan
Kiashahr,-10663,10936,21599,Gilan
Siahkal,-168,28536,28704,Gilan
Langarud,285,72927,72642,Gilan
Rasht,-28613,115777,144390,Gilan
Sangar,1195,12234,11039,Gilan
Hasanrud,10483,10483,0,Gilan
Khalkhal,40,3271,3231,Gilan
Punel,-862,25564,26426,Gilan
Ziabar,1594,35922,34328,Gilan
Imamzadeh Hashem,-19116,94450,113566,Gilan
Rostamabad,6864,128030,121166,Gilan
Saravan,13811,87326,73515,Gilan
Shaqaji,0,0,0,Gilan
Rudbar,-2358,88921,91279,Gilan
Fuman,26704,62425,35721,Gilan
Amlash,754,11303,10549,Gilan
Rudsar,-1651,60852,62503,Gilan
Kalan Kalaye,-339,3911,4250,Gilan
Kalachay,794,44697,43903,Gilan
Anzali,-1116,40630,41746,Gilan
Khomam,-1779,65201,66980,Gilan
Rezvanshahr,1352,12649,11297,Gilan
Pirbazar,1134,28199,27065,Gilan
Bazar Jomeh,0,0,0,Gilan
Someh Sara,0,0,0,Gilan
Masouleh,0,0,0,Gilan
Jirdeh,0,0,0,Gilan
Lakan,-113,6544,6657,Gilan
Deylaman,-97,3068,3165,Gilan
Ramsar,-1892,65813,67705,Gilan
Chaboksar,-516,59682,60198,Gilan
Tonekabon,241,50597,50356,Mazandaran
Manjil,4727,36494,31767,Gilan
Lowshan,-1770,1682,3452,Gilan
Gilvan,190,2228,2038,Gilan
Ghazvin,1489,1489,0,Gilan
Gilan Border,0,0,0,Gilan
Azadshahr,14076,54078,40002,Golestan
Khosh Yeylagh,-205,3483,3688,Golestan
Aliabad,-16026,86030,102056,Golestan
Minudasht,4881,26910,22029,Golestan
Gonbad,-4516,45256,49772,Golestan
Shahroud,383,5515,5132,Golestan
Gorgan,2875,92854,89979,Golestan
Galikesh,-287,13697,13984,Golestan
Aq Qala,-459,29251,29710,Golestan
Incheh Borun,248,8368,8120,Golestan
Se-rah-e Kalaleh,-59,12526,12585,Golestan
Bandar Torkaman,438,14119,13681,Golestan
Marzpol,33,1779,1746,Golestan
Se-rah-e Yasaqi,-433,3721,4154,Golestan
Kordkuy,-1409,38240,39649,Mazandaran
Gomishan,100,6154,6054,Golestan
Galugah,-353,48897,49250,Mazandaran
Tangrah,286,13640,13354,Golestan
Golestan Forest,-398,5053,5451,Golestan
Kalaleh,-2743,0,2743,Golestan
Maraveh Tappeh,2743,2743,0,Golestan
Behshahr,728,41709,40981,Mazandaran
Amol,-6340,102755,109095,Mazandaran
Babol,-9324,141155,150479,Mazandaran
Qaemshahr,8875,98544,89669,Mazandaran
Mahmudabad,2646,66584,63938,Mazandaran
Park Jangali,3066,34334,31268,Mazandaran
Babolsar,1785,78996,77211,Mazandaran
Fereydunkenar,-854,67717,68571,Mazandaran
Kiyakala,-111,5134,5245,Mazandaran
Gatab,-1521,17295,18816,Mazandaran
Juybar,43,25887,25844,Mazandaran
Sari,-1125,113992,115117,Mazandaran
Shirgah,1028,35725,34697,Mazandaran
Nur,-64,47237,47301,Mazandaran
Se-rah-e Sangchal,918,14309,13391,Mazandaran
Imamzadeh Hashem Tehran,-3321,6969,10290,Mazandaran
Polur,2728,23062,20334,Mazandaran
Gazanak,3516,28585,25069,Mazandaran
Behnamir,-120,17424,17544,Mazandaran
Dabudsht,872,8259,7387,Mazandaran
Bandar-e Amirabad,131,1324,1193,Mazandaran
Neka,809,36721,35912,Mazandaran
Zagheh Marz,-238,1121,1359,Mazandaran
Abbasabad,1251,60074,58823,Mazandaran
Chalus,-1748,76422,78170,Mazandaran
Kalardasht,0,0,0,Mazandaran
Khazarabad,1829,26686,24857,Mazandaran
Shakta,-1270,11328,12598,Mazandaran
Kiasar,-556,13131,13687,Mazandaran
Doab,366,21974,21608,Mazandaran
Marzanabad,-961,47358,48319,Mazandaran
Makarud,395,18566,18171,Mazandaran
Nowshahr,-3201,48210,51411,Mazandaran
Kalarabad,0,0,0,Mazandaran
Semnan,-91,1765,1856,Mazandaran
Garmab,303,4454,4151,Mazandaran
Se-rah-e Baladeh,-414,30952,31366,Mazandaran
Shahzeyd,-3038,13468,16506,Mazandaran
Panjab,529,30195,29666,Mazandaran
Siah Bisheh,-1177,29869,31046,Mazandaran
Hazarcham,-172,17794,17966,Mazandaran
Kandovan,5747,17650,11903,Mazandaran
Sisangan,-408,52610,53018,Mazandaran
Pol-e Sefid,-1322,27372,28694,Mazandaran
Garzin Kheil,-206,22623,22829,Mazandaran
Veresk,539,20273,19734,Mazandaran
Gaduk,1510,10308,8798,Mazandaran
