City,Net,Input,Output,Province
Astara,-2159,13442,15601,Gilan
Aq Chay,1386,8576,7190,Gilan
Talesh,773,7025,6252,Gilan
Asalem,-1942,16539,18481,Gilan
Astaneh,-2757,48297,51054,Gilan
Lahijan,-2443,53328,55771,Gilan
Kuchesfahan,-1927,43720,45647,Gilan
Kiashahr,-8251,7926,16177,Gilan
Siahkal,-2036,18968,21004,Gilan
Langarud,-9373,26971,36344,Gilan
Rasht,-12436,88997,101433,Gilan
Sangar,13236,18957,5721,Gilan
Hasanrud,7799,7799,0,Gilan
Khalkhal,-97,5601,5698,Gilan
Punel,-1633,18102,19735,Gilan
Ziabar,-1630,24300,25930,Gilan
Imamzadeh Hashem,-29362,62384,91746,Gilan
Rostamabad,-5038,83894,88932,Gilan
Saravan,3063,68654,65591,Gilan
Shaqaji,0,0,0,Gilan
Rudbar,22795,71292,48497,Gilan
Fuman,7165,38174,31009,Gilan
Amlash,-872,6073,6945,Gilan
Rudsar,4946,28377,23431,Gilan
Kalan Kalaye,296,2546,2250,Gilan
Kalachay,-994,20857,21851,Gilan
Anzali,-3002,26880,29882,Gilan
Khomam,-1938,41641,43579,Gilan
Rezvanshahr,789,9742,8953,Gilan
Pirbazar,538,22349,21811,Gilan
Bazar Jomeh,0,0,0,Gilan
Someh Sara,0,0,0,Gilan
Masouleh,0,0,0,Gilan
Jirdeh,0,0,0,Gilan
Lakan,1570,8116,6546,Gilan
Deylaman,-938,3329,4267,Gilan
Ramsar,866,35472,34606,Gilan
Chaboksar,-1439,30197,31636,Gilan
Tonekabon,-4016,25378,29394,Mazandaran
Manjil,25602,35336,9734,Gilan
Lowshan,-1401,1244,2645,Gilan
Gilvan,-780,1500,2280,Gilan
Ghazvin,1394,1394,0,Gilan
Gilan Border,0,0,0,Gilan
Azadshahr,-11790,18042,29832,Golestan
Khosh Yeylagh,-76,3405,3481,Golestan
Aliabad,-711,53853,54564,Golestan
Minudasht,2761,18754,15993,Golestan
Gonbad,1096,34506,33410,Golestan
Shahroud,754,6950,6196,Golestan
Gorgan,11877,71476,59599,Golestan
Galikesh,-711,7827,8538,Golestan
Aq Qala,-558,23798,24356,Golestan
Incheh Borun,-1339,8800,10139,Golestan
Se-rah-e Kalaleh,-1044,9913,10957,Golestan
Bandar Torkaman,608,14887,14279,Golestan
Marzpol,109,1564,1455,Golestan
Se-rah-e Yasaqi,-153,2182,2335,Golestan
Kordkuy,-2949,25294,28243,Mazandaran
Gomishan,20,5192,5172,Golestan
Galugah,-452,30225,30677,Mazandaran
Tangrah,-821,11389,12210,Golestan
Golestan Forest,1259,4945,3686,Golestan
Kalaleh,-1728,0,1728,Golestan
Maraveh Tappeh,1728,1728,0,Golestan
Behshahr,-925,26713,27638,Mazandaran
Amol,832,90049,89217,Mazandaran
Babol,-11815,109003,120818,Mazandaran
Qaemshahr,-8251,54317,62568,Mazandaran
Mahmudabad,-433,56333,56766,Mazandaran
Park Jangali,1215,32690,31475,Mazandaran
Babolsar,11946,58388,46442,Mazandaran
Fereydunkenar,-12169,38709,50878,Mazandaran
Kiyakala,-63,4189,4252,Mazandaran
Gatab,2462,18838,16376,Mazandaran
Juybar,-1900,17951,19851,Mazandaran
Sari,30602,89717,59115,Mazandaran
Shirgah,-2564,28058,30622,Mazandaran
Nur,-2179,31545,33724,Mazandaran
Se-rah-e Sangchal,-4964,22301,27265,Mazandaran
Imamzadeh Hashem Tehran,12552,15250,2698,Mazandaran
Polur,-436,17754,18190,Mazandaran
Gazanak,-891,17837,18728,Mazandaran
Behnamir,-1642,10992,12634,Mazandaran
Dabudsht,1344,7450,6106,Mazandaran
Bandar-e Amirabad,-68,1009,1077,Mazandaran
Neka,1939,23192,21253,Mazandaran
Zagheh Marz,-206,1013,1219,Mazandaran
Abbasabad,-163,31561,31724,Mazandaran
Chalus,-1163,53016,54179,Mazandaran
Kalardasht,0,0,0,Mazandaran
Khazarabad,-4004,15079,19083,Mazandaran
Shakta,-6444,9664,16108,Mazandaran
Kiasar,-4928,9713,14641,Mazandaran
Doab,-12297,13534,25831,Mazandaran
Marzanabad,4986,35927,30941,Mazandaran
Makarud,10168,17588,7420,Mazandaran
Nowshahr,-2451,29437,31888,Mazandaran
Kalarabad,0,0,0,Mazandaran
Semnan,542,2413,1871,Mazandaran
Garmab,1942,4808,2866,Mazandaran
Se-rah-e Baladeh,-2682,20267,22949,Mazandaran
Shahzeyd,1303,22459,21156,Mazandaran
Panjab,-118,20717,20835,Mazandaran
Siah Bisheh,281,18561,18280,Mazandaran
Hazarcham,-9269,8123,17392,Mazandaran
Kandovan,14425,15594,1169,Mazandaran
Sisangan,-2652,27177,29829,Mazandaran
Pol-e Sefid,-5574,20424,25998,Mazandaran
Garzin Kheil,635,18208,17573,Mazandaran
Veresk,-53,15668,15721,Mazandaran
Gaduk,9496,12327,2831,Mazandaran
