City,Net,Input,Output,Province
Astara,-939,17864,18803,Gilan
Aq Chay,-62,7748,7810,Gilan
Talesh,1001,11055,10054,Gilan
Asalem,-742,18579,19321,Gilan
Astaneh,-1806,81410,83216,Gilan
Lahijan,2,98016,98014,Gilan
Kuchesfahan,-783,69643,70426,Gilan
Kiashahr,-10244,11421,21665,Gilan
Siahkal,-207,26383,26590,Gilan
Langarud,-6977,62313,69290,Gilan
Rasht,-28656,115911,144567,Gilan
Sangar,3476,17999,14523,Gilan
Hasanrud,9923,9923,0,Gilan
Khalkhal,-54,2754,2808,Gilan
Punel,-754,25318,26072,Gilan
Ziabar,1926,34857,32931,Gilan
Imamzadeh Hashem,-21490,89348,110838,Gilan
Rostamabad,6396,122514,116118,Gilan
Saravan,19356,87170,67814,Gilan
Shaqaji,0,0,0,Gilan
Rudbar,-3912,85050,88962,Gilan
Fuman,26049,60701,34652,Gilan
Amlash,316,10488,10172,Gilan
Rudsar,5955,57695,51740,Gilan
Kalan Kalaye,89,3045,2956,Gilan
Kalachay,614,41601,40987,Gilan
Anzali,59,39957,39898,Gilan
Khomam,-1153,65809,66962,Gilan
Rezvanshahr,494,11060,10566,Gilan
Pirbazar,1308,28066,26758,Gilan
Bazar Jomeh,0,0,0,Gilan
Someh Sara,0,0,0,Gilan
Masouleh,0,0,0,Gilan
Jirdeh,0,0,0,Gilan
Lakan,-251,7568,7819,Gilan
Deylaman,-14,2437,2451,Gilan
Ramsar,6122,65547,59425,Gilan
Chaboksar,-562,56165,56727,Gilan
Tonekabon,-6136,44243,50379,Mazandaran
Manjil,2144,34615,32471,Gilan
Lowshan,-2306,2092,4398,Gilan
Gilvan,18,2111,2093,Gilan
Ghazvin,1768,1768,0,Gilan
Gilan Border,0,0,0,Gilan
Azadshahr,-11395,24597,35992,Golestan
Khosh Yeylagh,-279,2807,3086,Golestan
Aliabad,10335,78421,68086,Golestan
Minudasht,1031,24097,23066,Golestan
Gonbad,17,43282,43265,Golestan
Shahroud,-133,3200,3333,Golestan
Gorgan,2283,85447,83164,Golestan
Galikesh,-290,12437,12727,Golestan
Aq Qala,-204,28100,28304,Golestan
Incheh Borun,-203,4349,4552,Golestan
Se-rah-e Kalaleh,-340,10277,10617,Golestan
Bandar Torkaman,710,12994,12284,Golestan
Marzpol,55,936,881,Golestan
Se-rah-e Yasaqi,-559,3154,3713,Golestan
Kordkuy,-1040,33850,34890,Mazandaran
Gomishan,74,5526,5452,Golestan
Galugah,1441,44070,42629,Mazandaran
Tangrah,145,11087,10942,Golestan
Golestan Forest,-169,4292,4461,Golestan
Kalaleh,-1996,0,1996,Golestan
Maraveh Tappeh,1996,1996,0,Golestan
Behshahr,-1698,38656,40354,Mazandaran
Amol,-3777,91782,95559,Mazandaran
Babol,-11836,141479,153315,Mazandaran
Qaemshahr,17695,100491,82796,Mazandaran
Mahmudabad,3290,59798,56508,Mazandaran
Park Jangali,1649,34535,32886,Mazandaran
Babolsar,2196,80597,78401,Mazandaran
Fereydunkenar,-665,63307,63972,Mazandaran
Kiyakala,-38,5028,5066,Mazandaran
Gatab,-725,17958,18683,Mazandaran
Juybar,-1390,27181,28571,Mazandaran
Sari,-6143,117135,123278,Mazandaran
Shirgah,714,29843,29129,Mazandaran
Nur,1161,47914,46753,Mazandaran
Se-rah-e Sangchal,-1180,23614,24794,Mazandaran
Imamzadeh Hashem Tehran,260,12784,12524,Mazandaran
Polur,472,27720,27248,Mazandaran
Gazanak,-558,29327,29885,Mazandaran
Behnamir,-583,14060,14643,Mazandaran
Dabudsht,461,7773,7312,Mazandaran
Bandar-e Amirabad,41,1233,1192,Mazandaran
Neka,940,47764,46824,Mazandaran
Zagheh Marz,-33,1144,1177,Mazandaran
Abbasabad,1690,52921,51231,Mazandaran
Chalus,-33,79534,79567,Mazandaran
Kalardasht,0,0,0,Mazandaran
Khazarabad,2443,24688,22245,Mazandaran
Shakta,-405,7537,7942,Mazandaran
Kiasar,-844,7374,8218,Mazandaran
Doab,84,23820,23736,Mazandaran
Marzanabad,-549,50534,51083,Mazandaran
Makarud,-3796,17644,21440,Mazandaran
Nowshahr,-3867,57101,60968,Mazandaran
Kalarabad,0,0,0,Mazandaran
Semnan,-107,1232,1339,Mazandaran
Garmab,533,2588,2055,Mazandaran
Se-rah-e Baladeh,-586,31204,31790,Mazandaran
Shahzeyd,-878,23349,24227,Mazandaran
Panjab,844,31414,30570,Mazandaran
Siah Bisheh,-5747,31055,36802,Mazandaran
Hazarcham,3660,22412,18752,Mazandaran
Kandovan,7844,20147,12303,Mazandaran
Sisangan,-994,52395,53389,Mazandaran
Pol-e Sefid,8141,31159,23018,Mazandaran
Garzin Kheil,-8368,19501,27869,Mazandaran
Veresk,239,18637,18398,Mazandaran
Gaduk,-1004,8268,9272,Mazandaran
