City,Net,Input,Output,Province
Astara,-1276,14495,15771,Gilan
Aq Chay,-1390,5515,6905,Gilan
Talesh,2666,10256,7590,Gilan
Asalem,-3051,13631,16682,Gilan
Astaneh,-1915,63654,65569,Gilan
Lahijan,-1486,75385,76871,Gilan
Kuchesfahan,-2780,57122,59902,Gilan
Kiashahr,-6236,8207,14443,Gilan
Siahkal,-803,17305,18108,Gilan
Langarud,-10578,42596,53174,Gilan
Rasht,-23481,102795,126276,Gilan
Sangar,8540,16714,8174,Gilan
Hasanrud,5897,5897,0,Gilan
Khalkhal,-228,2027,2255,Gilan
Punel,-246,20642,20888,Gilan
Ziabar,-516,27119,27635,Gilan
Imamzadeh Hashem,-29876,57108,86984,Gilan
Rostamabad,3964,89522,85558,Gilan
Saravan,13809,64698,50889,Gilan
Shaqaji,0,0,0,Gilan
Rudbar,11458,68889,57431,Gilan
Fuman,15656,45767,30111,Gilan
Amlash,201,7550,7349,Gilan
Rudsar,8519,41106,32587,Gilan
Kalan Kalaye,-291,2039,2330,Gilan
Kalachay,155,27595,27440,Gilan
Anzali,-966,29377,30343,Gilan
Khomam,-2438,54776,57214,Gilan
Rezvanshahr,188,7456,7268,Gilan
Pirbazar,1824,26003,24179,Gilan
Bazar Jomeh,0,0,0,Gilan
Someh Sara,0,0,0,Gilan
Masouleh,0,0,0,Gilan
Jirdeh,0,0,0,Gilan
Lakan,-415,7288,7703,Gilan
Deylaman,-199,1152,1351,Gilan
Ramsar,1325,42895,41570,Gilan
Chaboksar,-1470,35510,36980,Gilan
Tonekabon,-1964,36269,38233,Mazandaran
Manjil,15784,32620,16836,Gilan
Lowshan,-1902,2556,4458,Gilan
Gilvan,-684,1301,1985,Gilan
Ghazvin,1762,1762,0,Gilan
Gilan Border,0,0,0,Gilan
Azadshahr,-12415,24485,36900,Golestan
Khosh Yeylagh,-180,3098,3278,Golestan
Aliabad,6255,77139,70884,Golestan
Minudasht,1316,24701,23385,Golestan
Gonbad,-228,47759,47987,Golestan
Shahroud,960,4396,3436,Golestan
Gorgan,6550,92628,86078,Golestan
Galikesh,-551,11988,12539,Golestan
Aq Qala,-781,37793,38574,Golestan
Incheh Borun,-97,6055,6152,Golestan
Se-rah-e Kalaleh,-222,9987,10209,Golestan
Bandar Torkaman,1406,19794,18388,Golestan
Marzpol,20,1061,1041,Golestan
Se-rah-e Yasaqi,-804,3075,3879,Golestan
Kordkuy,-3870,20894,24764,Mazandaran
Gomishan,-124,5905,6029,Golestan
Galugah,1580,30774,29194,Mazandaran
Tangrah,10,9114,9104,Golestan
Golestan Forest,-87,3273,3360,Golestan
Kalaleh,-2466,0,2466,Golestan
Maraveh Tappeh,2466,2466,0,Golestan
Behshahr,-2339,36040,38379,Mazandaran
Amol,-4739,110308,115047,Mazandaran
Babol,-14410,145422,159832,Mazandaran
Qaemshahr,3607,70809,67202,Mazandaran
Mahmudabad,1576,62508,60932,Mazandaran
Park Jangali,2768,30806,28038,Mazandaran
Babolsar,-2730,65391,68121,Mazandaran
Fereydunkenar,3029,52596,49567,Mazandaran
Kiyakala,-33,4870,4903,Mazandaran
Gatab,-488,16625,17113,Mazandaran
Juybar,-798,29794,30592,Mazandaran
Sari,3998,93262,89264,Mazandaran
Shirgah,378,28811,28433,Mazandaran
Nur,224,36704,36480,Mazandaran
Se-rah-e Sangchal,-1597,21063,22660,Mazandaran
Imamzadeh Hashem Tehran,10315,16716,6401,Mazandaran
Polur,-3288,19224,22512,Mazandaran
Gazanak,-238,19227,19465,Mazandaran
Behnamir,-281,14222,14503,Mazandaran
Dabudsht,927,7630,6703,Mazandaran
Bandar-e Amirabad,136,1299,1163,Mazandaran
Neka,2267,36442,34175,Mazandaran
Zagheh Marz,-242,912,1154,Mazandaran
Abbasabad,1175,41219,40044,Mazandaran
Chalus,-2168,52431,54599,Mazandaran
Kalardasht,0,0,0,Mazandaran
Khazarabad,2175,24841,22666,Mazandaran
Shakta,-1070,7623,8693,Mazandaran
Kiasar,-236,6907,7143,Mazandaran
Doab,-6549,13760,20309,Mazandaran
Marzanabad,4750,35122,30372,Mazandaran
Makarud,5658,14505,8847,Mazandaran
Nowshahr,-3010,36026,39036,Mazandaran
Kalarabad,0,0,0,Mazandaran
Semnan,157,1262,1105,Mazandaran
Garmab,175,2185,2010,Mazandaran
Se-rah-e Baladeh,-344,24123,24467,Mazandaran
Shahzeyd,-2250,20277,22527,Mazandaran
Panjab,1504,22222,20718,Mazandaran
Siah Bisheh,-1438,18576,20014,Mazandaran
Hazarcham,-4177,9273,13450,Mazandaran
Kandovan,9234,14360,5126,Mazandaran
Sisangan,-2077,34678,36755,Mazandaran
Pol-e Sefid,-1307,22541,23848,Mazandaran
Garzin Kheil,317,18771,18454,Mazandaran
Veresk,-135,16720,16855,Mazandaran
Gaduk,5279,10596,5317,Mazandaran
