City,Net,Input,Output,Province
Astara,-448,12081,12529,Gilan
Aq Chay,-351,4485,4836,Gilan
Talesh,799,8044,7245,Gilan
Asalem,-225,12179,12404,Gilan
Astaneh,210,56589,56379,Gilan
Lahijan,-553,66540,67093,Gilan
Kuchesfahan,-1433,50266,51699,Gilan
Kiashahr,-5611,7519,13130,Gilan
Siahkal,-46,15134,15180,Gilan
Langarud,-7322,38643,45965,Gilan
Rasht,-29616,93162,122778,Gilan
Sangar,2016,10707,8691,Gilan
Hasanrud,5625,5625,0,Gilan
Khalkhal,490,2018,1528,Gilan
Punel,-564,14460,15024,Gilan
Ziabar,1784,21939,20155,Gilan
Imamzadeh Hashem,-7544,49068,56612,Gilan
Rostamabad,9686,62694,53008,Gilan
Saravan,9459,51607,42148,Gilan
Shaqaji,0,0,0,Gilan
Rudbar,-7370,36487,43857,Gilan
Fuman,21254,42207,20953,Gilan
Amlash,655,7997,7342,Gilan
Rudsar,7474,37795,30321,Gilan
Kalan Kalaye,-79,3092,3171,Gilan
Kalachay,876,26416,25540,Gilan
Anzali,15,26239,26224,Gilan
Khomam,-1289,49933,51222,Gilan
Rezvanshahr,1026,7445,6419,Gilan
Pirbazar,1611,25157,23546,Gilan
Bazar Jomeh,0,0,0,Gilan
Someh Sara,0,0,0,Gilan
Masouleh,0,0,0,Gilan
Jirdeh,0,0,0,Gilan
Lakan,-16,7394,7410,Gilan
Deylaman,426,1621,1195,Gilan
Ramsar,667,41907,41240,Gilan
Chaboksar,-133,34729,34862,Gilan
Tonekabon,-828,34576,35404,Mazandaran
Manjil,-886,16222,17108,Gilan
Lowshan,-1646,1826,3472,Gilan
Gilvan,219,1495,1276,Gilan
Ghazvin,1701,1701,0,Gilan
Gilan Border,0,0,0,Gilan
Azadshahr,-10951,21315,32266,Golestan
Khosh Yeylagh,-93,2321,2414,Golestan
Aliabad,12074,76028,63954,Golestan
Minudasht,1146,21675,20529,Golestan
Gonbad,-919,43568,44487,Golestan
Shahroud,656,4274,3618,Golestan
Gorgan,-1837,86443,88280,Golestan
Galikesh,213,10670,10457,Golestan
Aq Qala,-444,38108,38552,Golestan
Incheh Borun,78,5820,5742,Golestan
Se-rah-e Kalaleh,107,9674,9567,Golestan
Bandar Torkaman,1044,19062,18018,Golestan
Marzpol,46,1431,1385,Golestan
Se-rah-e Yasaqi,-625,3132,3757,Golestan
Kordkuy,-1575,28911,30486,Mazandaran
Gomishan,87,5923,5836,Golestan
Galugah,-4,35975,35979,Mazandaran
Tangrah,122,8028,7906,Golestan
Golestan Forest,-177,2433,2610,Golestan
Kalaleh,-2681,0,2681,Golestan
Maraveh Tappeh,2681,2681,0,Golestan
Behshahr,1185,34449,33264,Mazandaran
Amol,-7744,104933,112677,Mazandaran
Babol,-4500,143476,147976,Mazandaran
Qaemshahr,8702,86645,77943,Mazandaran
Mahmudabad,692,61190,60498,Mazandaran
Park Jangali,3158,30541,27383,Mazandaran
Babolsar,-781,61381,62162,Mazandaran
Fereydunkenar,3895,53913,50018,Mazandaran
Kiyakala,81,5476,5395,Mazandaran
Gatab,-2143,17339,19482,Mazandaran
Juybar,-1989,29061,31050,Mazandaran
Sari,-12543,112864,125407,Mazandaran
Shirgah,-1533,24578,26111,Mazandaran
Nur,-3772,30177,33949,Mazandaran
Se-rah-e Sangchal,-1474,23327,24801,Mazandaran
Imamzadeh Hashem Tehran,-1287,6231,7518,Mazandaran
Polur,689,14257,13568,Mazandaran
Gazanak,402,14922,14520,Mazandaran
Behnamir,8,13223,13215,Mazandaran
Dabudsht,78,7596,7518,Mazandaran
Bandar-e Amirabad,118,1256,1138,Mazandaran
Neka,1285,42409,41124,Mazandaran
Zagheh Marz,0,0,0,Mazandaran
Abbasabad,1510,38977,37467,Mazandaran
Chalus,-1086,53239,54325,Mazandaran
Kalardasht,0,0,0,Mazandaran
Khazarabad,3125,23580,20455,Mazandaran
Shakta,3504,12663,9159,Mazandaran
Kiasar,3486,11233,7747,Mazandaran
Doab,739,15544,14805,Mazandaran
Marzanabad,2725,25076,22351,Mazandaran
Makarud,-1209,5581,6790,Mazandaran
Nowshahr,-3962,34781,38743,Mazandaran
Kalarabad,0,0,0,Mazandaran
Semnan,219,1384,1165,Mazandaran
Garmab,-1477,2445,3922,Mazandaran
Se-rah-e Baladeh,676,20799,20123,Mazandaran
Shahzeyd,-223,22293,22516,Mazandaran
Panjab,1367,17984,16617,Mazandaran
Siah Bisheh,-359,10754,11113,Mazandaran
Hazarcham,1501,6527,5026,Mazandaran
Kandovan,-584,5144,5728,Mazandaran
Sisangan,5018,31454,26436,Mazandaran
Pol-e Sefid,3522,12595,9073,Mazandaran
Garzin Kheil,1444,7375,5931,Mazandaran
Veresk,-636,11966,12602,Mazandaran
Gaduk,-808,5227,6035,Mazandaran
