City,Net,Input,Output,Province
Astara,104,17400,17296,Gilan
Aq Chay,-1313,7478,8791,Gilan
Talesh,1209,9818,8609,Gilan
Asalem,746,15829,15083,Gilan
Astaneh,-944,66164,67108,Gilan
Lahijan,1837,81903,80066,Gilan
Kuchesfahan,-2264,51257,53521,Gilan
Kiashahr,-8627,9207,17834,Gilan
Siahkal,959,23045,22086,Gilan
Langarud,2773,59790,57017,Gilan
Rasht,-29665,82901,112566,Gilan
Sangar,-6314,5993,12307,Gilan
Hasanrud,8672,8672,0,Gilan
Khalkhal,199,2597,2398,Gilan
Punel,419,20889,20470,Gilan
Ziabar,2860,29256,26396,Gilan
Imamzadeh Hashem,18948,98066,79118,Gilan
Rostamabad,-25906,59898,85804,Gilan
Saravan,11097,73705,62608,Gilan
Shaqaji,0,0,0,Gilan
Rudbar,-2920,40543,43463,Gilan
Fuman,33344,57385,24041,Gilan
Amlash,527,9825,9298,Gilan
Rudsar,-204,48487,48691,Gilan
Kalan Kalaye,86,3851,3765,Gilan
Kalachay,1061,35612,34551,Gilan
Anzali,2674,34725,32051,Gilan
Khomam,11351,52491,41140,Gilan
Rezvanshahr,-50,9968,10018,Gilan
Pirbazar,1074,22955,21881,Gilan
Bazar Jomeh,0,0,0,Gilan
Someh Sara,0,0,0,Gilan
Masouleh,0,0,0,Gilan
Jirdeh,0,0,0,Gilan
Lakan,-254,4510,4764,Gilan
Deylaman,377,2454,2077,Gilan
Ramsar,2901,53262,50361,Gilan
Chaboksar,434,46950,46516,Gilan
Tonekabon,2158,45573,43415,Mazandaran
Manjil,-21877,15657,37534,Gilan
Lowshan,-1906,1239,3145,Gilan
Gilvan,-157,1798,1955,Gilan
Ghazvin,1340,1340,0,Gilan
Gilan Border,0,0,0,Gilan
Azadshahr,10293,45358,35065,Golestan
Khosh Yeylagh,-143,2511,2654,Golestan
Aliabad,-13506,69588,83094,Golestan
Minudasht,2926,23972,21046,Golestan
Gonbad,-528,41107,41635,Golestan
Shahroud,110,3916,3806,Golestan
Gorgan,3338,74585,71247,Golestan
Galikesh,-1163,11137,12300,Golestan
Aq Qala,-152,23703,23855,Golestan
Incheh Borun,74,7761,7687,Golestan
Se-rah-e Kalaleh,1037,10871,9834,Golestan
Bandar Torkaman,293,12570,12277,Golestan
Marzpol,-4,1646,1650,Golestan
Se-rah-e Yasaqi,-191,3149,3340,Golestan
Kordkuy,-1430,31922,33352,Mazandaran
Gomishan,-36,5742,5778,Golestan
Galugah,-2166,39265,41431,Mazandaran
Tangrah,180,11190,11010,Golestan
Golestan Forest,-1502,3581,5083,Golestan
Kalaleh,-2305,0,2305,Golestan
Maraveh Tappeh,2305,2305,0,Golestan
Behshahr,2542,33869,31327,Mazandaran
Amol,5096,92358,87262,Mazandaran
Babol,-6595,123203,129798,Mazandaran
Qaemshahr,13894,78854,64960,Mazandaran
Mahmudabad,1726,62277,60551,Mazandaran
Park Jangali,1620,34491,32871,Mazandaran
Babolsar,2076,73282,71206,Mazandaran
Fereydunkenar,1155,61999,60844,Mazandaran
Kiyakala,-34,4338,4372,Mazandaran
Gatab,174,16338,16164,Mazandaran
Juybar,-2043,19453,21496,Mazandaran
Sari,-3889,99834,103723,Mazandaran
Shirgah,1942,29120,27178,Mazandaran
Nur,3288,43335,40047,Mazandaran
Se-rah-e Sangchal,-4151,25181,29332,Mazandaran
Imamzadeh Hashem Tehran,-13982,5558,19540,Mazandaran
Polur,-382,26084,26466,Mazandaran
Gazanak,59,27341,27282,Mazandaran
Behnamir,767,14155,13388,Mazandaran
Dabudsht,-725,7123,7848,Mazandaran
Bandar-e Amirabad,-30,402,432,Mazandaran
Neka,484,36465,35981,Mazandaran
Zagheh Marz,-157,862,1019,Mazandaran
Abbasabad,2156,48903,46747,Mazandaran
Chalus,5409,66675,61266,Mazandaran
Kalardasht,0,0,0,Mazandaran
Khazarabad,1451,20964,19513,Mazandaran
Shakta,-732,11215,11947,Mazandaran
Kiasar,-357,12961,13318,Mazandaran
Doab,11490,27352,15862,Mazandaran
Marzanabad,-7296,40613,47909,Mazandaran
Makarud,-19164,6207,25371,Mazandaran
Nowshahr,-1074,45143,46217,Mazandaran
Kalarabad,0,0,0,Mazandaran
Semnan,-587,2035,2622,Mazandaran
Garmab,400,4183,3783,Mazandaran
Se-rah-e Baladeh,907,32931,32024,Mazandaran
Shahzeyd,4500,30801,26301,Mazandaran
Panjab,-1332,29164,30496,Mazandaran
Siah Bisheh,570,28869,28299,Mazandaran
Hazarcham,18958,25227,6269,Mazandaran
Kandovan,-16627,5973,22600,Mazandaran
Sisangan,2113,44686,42573,Mazandaran
Pol-e Sefid,-5799,10791,16590,Mazandaran
Garzin Kheil,5345,10910,5565,Mazandaran
Veresk,189,15917,15728,Mazandaran
Gaduk,-5534,4818,10352,Mazandaran
