City,Net,Input,Output,Province
Astara,-1093,18340,19433,Gilan
Aq Chay,-65,8610,8675,Gilan
Talesh,1158,10823,9665,Gilan
Asalem,-1449,18569,20018,Gilan
Astaneh,-1676,78936,80612,Gilan
Lahijan,-1020,94623,95643,Gilan
Kuchesfahan,-2254,67033,69287,Gilan
Kiashahr,-10338,10888,21226,Gilan
Siahkal,-543,26373,26916,Gilan
Langarud,-14082,52989,67071,Gilan
Rasht,-26956,113052,140008,Gilan
Sangar,6703,20345,13642,Gilan
Hasanrud,9805,9805,0,Gilan
Khalkhal,47,3331,3284,Gilan
Punel,-650,25362,26012,Gilan
Ziabar,1404,34875,33471,Gilan
Imamzadeh Hashem,-30748,85302,116050,Gilan
Rostamabad,5394,114046,108652,Gilan
Saravan,22185,91073,68888,Gilan
Shaqaji,0,0,0,Gilan
Rudbar,2347,79994,77647,Gilan
Fuman,22502,57803,35301,Gilan
Amlash,96,10030,9934,Gilan
Rudsar,12611,55013,42402,Gilan
Kalan Kalaye,-23,2978,3001,Gilan
Kalachay,151,39901,39750,Gilan
Anzali,-615,38736,39351,Gilan
Khomam,-1744,62795,64539,Gilan
Rezvanshahr,479,11254,10775,Gilan
Pirbazar,960,28029,27069,Gilan
Bazar Jomeh,0,0,0,Gilan
Someh Sara,0,0,0,Gilan
Masouleh,0,0,0,Gilan
Jirdeh,0,0,0,Gilan
Lakan,-334,6889,7223,Gilan
Deylaman,-12,2989,3001,Gilan
Ramsar,2668,62974,60306,Gilan
Chaboksar,-985,55117,56102,Gilan
Tonekabon,-2876,44405,47281,Mazandaran
Manjil,8774,36442,27668,Gilan
Lowshan,-2230,2031,4261,Gilan
Gilvan,74,2123,2049,Gilan
Ghazvin,1757,1757,0,Gilan
Gilan Border,0,0,0,Gilan
Azadshahr,-12863,25663,38526,Golestan
Khosh Yeylagh,-208,3102,3310,Golestan
Aliabad,9402,82890,73488,Golestan
Minudasht,1198,24806,23608,Golestan
Gonbad,-622,45260,45882,Golestan
Shahroud,-65,5513,5578,Golestan
Gorgan,4958,91353,86395,Golestan
Galikesh,-364,12959,13323,Golestan
Aq Qala,-335,27104,27439,Golestan
Incheh Borun,119,8625,8506,Golestan
Se-rah-e Kalaleh,-49,12228,12277,Golestan
Bandar Torkaman,1325,14030,12705,Golestan
Marzpol,27,1817,1790,Golestan
Se-rah-e Yasaqi,-1213,2914,4127,Golestan
Kordkuy,-4344,36777,41121,Mazandaran
Gomishan,25,5925,5900,Golestan
Galugah,3431,50089,46658,Mazandaran
Tangrah,118,13132,13014,Golestan
Golestan Forest,-353,4737,5090,Golestan
Kalaleh,-2287,0,2287,Golestan
Maraveh Tappeh,2287,2287,0,Golestan
Behshahr,-1603,38880,40483,Mazandaran
Amol,-4240,112938,117178,Mazandaran
Babol,-9559,144732,154291,Mazandaran
Qaemshahr,4903,94710,89807,Mazandaran
Mahmudabad,2171,81053,78882,Mazandaran
Park Jangali,2430,38032,35602,Mazandaran
Babolsar,288,81732,81444,Mazandaran
Fereydunkenar,-92,71783,71875,Mazandaran
Kiyakala,-79,5188,5267,Mazandaran
Gatab,-773,18941,19714,Mazandaran
Juybar,-47,25503,25550,Mazandaran
Sari,3295,125610,122315,Mazandaran
Shirgah,107,33072,32965,Mazandaran
Nur,37,48183,48146,Mazandaran
Se-rah-e Sangchal,631,22821,22190,Mazandaran
Imamzadeh Hashem Tehran,3272,15194,11922,Mazandaran
Polur,1206,28492,27286,Mazandaran
Gazanak,-660,28451,29111,Mazandaran
Behnamir,-976,14420,15396,Mazandaran
Dabudsht,869,8837,7968,Mazandaran
Bandar-e Amirabad,290,1511,1221,Mazandaran
Neka,658,45996,45338,Mazandaran
Zagheh Marz,-168,1281,1449,Mazandaran
Abbasabad,1107,49012,47905,Mazandaran
Chalus,-1278,73971,75249,Mazandaran
Kalardasht,0,0,0,Mazandaran
Khazarabad,1800,25930,24130,Mazandaran
Shakta,-1694,11166,12860,Mazandaran
Kiasar,-606,11138,11744,Mazandaran
Doab,-2723,21372,24095,Mazandaran
Marzanabad,2551,50389,47838,Mazandaran
Makarud,-193,18106,18299,Mazandaran
Nowshahr,-3924,53062,56986,Mazandaran
Kalarabad,0,0,0,Mazandaran
Semnan,-183,2141,2324,Mazandaran
Garmab,337,3463,3126,Mazandaran
Se-rah-e Baladeh,-1039,30404,31443,Mazandaran
Shahzeyd,-2701,20535,23236,Mazandaran
Panjab,1168,31019,29851,Mazandaran
Siah Bisheh,-4572,26655,31227,Mazandaran
Hazarcham,243,18577,18334,Mazandaran
Kandovan,9492,17813,8321,Mazandaran
Sisangan,-1045,51914,52959,Mazandaran
Pol-e Sefid,995,27658,26663,Mazandaran
Garzin Kheil,-1384,21239,22623,Mazandaran
Veresk,-180,19380,19560,Mazandaran
Gaduk,2260,10364,8104,Mazandaran
