City,Net,Input,Output,Province
Astara,-1325,12589,13914,Gilan
Aq Chay,459,5125,4666,Gilan
Talesh,866,8789,7923,Gilan
Asalem,990,13478,12488,Gilan
Astaneh,-1041,65628,66669,Gilan
Lahijan,578,79361,78783,Gilan
Kuchesfahan,-1429,57220,58649,Gilan
Kiashahr,-5248,8389,13637,Gilan
Siahkal,64,17540,17476,Gilan
Langarud,929,55862,54933,Gilan
Rasht,-28239,98770,127009,Gilan
Sangar,-5,11054,11059,Gilan
Hasanrud,5356,5356,0,Gilan
Khalkhal,253,997,744,Gilan
Punel,-1278,18497,19775,Gilan
Ziabar,1216,25544,24328,Gilan
Imamzadeh Hashem,-264,73918,74182,Gilan
Rostamabad,4146,74374,70228,Gilan
Saravan,8739,68395,59656,Gilan
Shaqaji,0,0,0,Gilan
Rudbar,-7947,48098,56045,Gilan
Fuman,22989,45291,22302,Gilan
Amlash,801,6273,5472,Gilan
Rudsar,-756,44191,44947,Gilan
Kalan Kalaye,307,1064,757,Gilan
Kalachay,304,30595,30291,Gilan
Anzali,-409,28031,28440,Gilan
Khomam,3606,53145,49539,Gilan
Rezvanshahr,1104,7839,6735,Gilan
Pirbazar,1702,26499,24797,Gilan
Bazar Jomeh,0,0,0,Gilan
Someh Sara,0,0,0,Gilan
Masouleh,0,0,0,Gilan
Jirdeh,0,0,0,Gilan
Lakan,-614,7755,8369,Gilan
Deylaman,110,907,797,Gilan
Ramsar,1586,46475,44889,Gilan
Chaboksar,-7,37994,38001,Gilan
Tonekabon,-1087,41627,42714,Mazandaran
Manjil,-5402,19512,24914,Gilan
Lowshan,17195,32391,15196,Gilan
Gilvan,137,1683,1546,Gilan
Ghazvin,-26407,2523,28930,Gilan
Gilan Border,9034,9034,0,Gilan
Azadshahr,13750,48073,34323,Golestan
Khosh Yeylagh,-230,2469,2699,Golestan
Aliabad,-14873,77697,92570,Golestan
Minudasht,1346,23936,22590,Golestan
Gonbad,-927,45287,46214,Golestan
Shahroud,-245,2445,2690,Golestan
Gorgan,2513,90410,87897,Golestan
Galikesh,62,11178,11116,Golestan
Aq Qala,-222,31963,32185,Golestan
Incheh Borun,658,4224,3566,Golestan
Se-rah-e Kalaleh,-663,8403,9066,Golestan
Bandar Torkaman,440,14045,13605,Golestan
Marzpol,-723,5,728,Golestan
Se-rah-e Yasaqi,-357,3291,3648,Golestan
Kordkuy,-537,31356,31893,Mazandaran
Gomishan,-81,5623,5704,Golestan
Galugah,411,37725,37314,Mazandaran
Tangrah,447,7282,6835,Golestan
Golestan Forest,-50,2210,2260,Golestan
Kalaleh,-2167,0,2167,Golestan
Maraveh Tappeh,2167,2167,0,Golestan
Behshahr,-319,32419,32738,Mazandaran
Amol,-2012,111144,113156,Mazandaran
Babol,-3478,149799,153277,Mazandaran
Qaemshahr,17765,107148,89383,Mazandaran
Mahmudabad,1109,60991,59882,Mazandaran
Park Jangali,2089,31302,29213,Mazandaran
Babolsar,913,66459,65546,Mazandaran
Fereydunkenar,2147,55049,52902,Mazandaran
Kiyakala,210,1989,1779,Mazandaran
Gatab,-1130,16155,17285,Mazandaran
Juybar,-1690,32729,34419,Mazandaran
Sari,-11422,126856,138278,Mazandaran
Shirgah,604,26570,25966,Mazandaran
Nur,2646,38916,36270,Mazandaran
Se-rah-e Sangchal,-1369,25949,27318,Mazandaran
Imamzadeh Hashem Tehran,7494,18694,11200,Mazandaran
Polur,-4988,17303,22291,Mazandaran
Gazanak,-5735,11794,17529,Mazandaran
Behnamir,-1506,11907,13413,Mazandaran
Dabudsht,143,7804,7661,Mazandaran
Bandar-e Amirabad,-71,1274,1345,Mazandaran
Neka,906,45297,44391,Mazandaran
Zagheh Marz,-114,1150,1264,Mazandaran
Abbasabad,1791,45319,43528,Mazandaran
Chalus,2645,61561,58916,Mazandaran
Kalardasht,0,0,0,Mazandaran
Khazarabad,1931,24771,22840,Mazandaran
Shakta,-885,6905,7790,Mazandaran
Kiasar,-297,5099,5396,Mazandaran
Doab,3153,16046,12893,Mazandaran
Marzanabad,-5946,15540,21486,Mazandaran
Makarud,-4046,0,4046,Mazandaran
Nowshahr,-3403,43947,47350,Mazandaran
Kalarabad,0,0,0,Mazandaran
Semnan,0,0,0,Mazandaran
Garmab,99,1978,1879,Mazandaran
Se-rah-e Baladeh,-5217,18440,23657,Mazandaran
Shahzeyd,-57,26482,26539,Mazandaran
Panjab,5554,20743,15189,Mazandaran
Siah Bisheh,64,14067,14003,Mazandaran
Hazarcham,7840,13021,5181,Mazandaran
Kandovan,-3858,5028,8886,Mazandaran
Sisangan,-924,34893,35817,Mazandaran
Pol-e Sefid,406,20956,20550,Mazandaran
Garzin Kheil,617,18468,17851,Mazandaran
Veresk,-1083,16109,17192,Mazandaran
Gaduk,-2308,6419,8727,Mazandaran
