City,Net,Input,Output,Province
Astara,-1212,17856,19068,Gilan
Aq Chay,-472,7872,8344,Gilan
Talesh,1684,11196,9512,Gilan
Asalem,-1808,18044,19852,Gilan
Astaneh,-2131,78653,80784,Gilan
Lahijan,-932,95384,96316,Gilan
Kuchesfahan,-1986,66604,68590,Gilan
Kiashahr,-9736,10971,20707,Gilan
Siahkal,-929,24960,25889,Gilan
Langarud,-14869,52811,67680,Gilan
Rasht,-26768,114524,141292,Gilan
Sangar,7211,19315,12104,Gilan
Hasanrud,9403,9403,0,Gilan
Khalkhal,54,2916,2862,Gilan
Punel,-704,24810,25514,Gilan
Ziabar,395,33318,32923,Gilan
Imamzadeh Hashem,-24542,75046,99588,Gilan
Rostamabad,696,110922,110226,Gilan
Saravan,11422,74767,63345,Gilan
Shaqaji,0,0,0,Gilan
Rudbar,11140,86723,75583,Gilan
Fuman,21706,56824,35118,Gilan
Amlash,-89,10135,10224,Gilan
Rudsar,12950,55510,42560,Gilan
Kalan Kalaye,29,3051,3022,Gilan
Kalachay,-69,39583,39652,Gilan
Anzali,-1086,37717,38803,Gilan
Khomam,-1888,63500,65388,Gilan
Rezvanshahr,568,10890,10322,Gilan
Pirbazar,1455,28071,26616,Gilan
Bazar Jomeh,0,0,0,Gilan
Someh Sara,0,0,0,Gilan
Masouleh,0,0,0,Gilan
Jirdeh,0,0,0,Gilan
Lakan,-278,7447,7725,Gilan
Deylaman,-103,2740,2843,Gilan
Ramsar,1599,62140,60541,Gilan
Chaboksar,-811,53689,54500,Gilan
Tonekabon,-3354,47100,50454,Mazandaran
Manjil,11787,36461,24674,Gilan
Lowshan,-2117,2334,4451,Gilan
Gilvan,-13,1989,2002,Gilan
Ghazvin,1865,1865,0,Gilan
Gilan Border,0,0,0,Gilan
Azadshahr,-13158,27365,40523,Golestan
Khosh Yeylagh,-176,3001,3177,Golestan
Aliabad,9320,86106,76786,Golestan
Minudasht,1469,28332,26863,Golestan
Gonbad,-358,51398,51756,Golestan
Shahroud,174,4575,4401,Golestan
Gorgan,4924,97020,92096,Golestan
Galikesh,-653,13801,14454,Golestan
Aq Qala,-724,36200,36924,Golestan
Incheh Borun,-3,8603,8606,Golestan
Se-rah-e Kalaleh,-20,13012,13032,Golestan
Bandar Torkaman,1439,19789,18350,Golestan
Marzpol,-6,1802,1808,Golestan
Se-rah-e Yasaqi,-819,3571,4390,Golestan
Kordkuy,-3575,35933,39508,Mazandaran
Gomishan,-14,6454,6468,Golestan
Galugah,875,46752,45877,Mazandaran
Tangrah,262,12873,12611,Golestan
Golestan Forest,-342,4408,4750,Golestan
Kalaleh,-3110,0,3110,Golestan
Maraveh Tappeh,3110,3110,0,Golestan
Behshahr,48,40999,40951,Mazandaran
Amol,-6422,115223,121645,Mazandaran
Babol,-11665,150190,161855,Mazandaran
Qaemshahr,16591,100345,83754,Mazandaran
Mahmudabad,871,76002,75131,Mazandaran
Park Jangali,2809,35722,32913,Mazandaran
Babolsar,-1796,79088,80884,Mazandaran
Fereydunkenar,2571,71757,69186,Mazandaran
Kiyakala,-132,5404,5536,Mazandaran
Gatab,-845,18249,19094,Mazandaran
Juybar,251,29433,29182,Mazandaran
Sari,-7405,120492,127897,Mazandaran
Shirgah,2840,33107,30267,Mazandaran
Nur,836,47375,46539,Mazandaran
Se-rah-e Sangchal,2246,19490,17244,Mazandaran
Imamzadeh Hashem Tehran,5319,15378,10059,Mazandaran
Polur,1674,27288,25614,Mazandaran
Gazanak,-934,26669,27603,Mazandaran
Behnamir,-695,15227,15922,Mazandaran
Dabudsht,816,8379,7563,Mazandaran
Bandar-e Amirabad,94,1455,1361,Mazandaran
Neka,487,49966,49479,Mazandaran
Zagheh Marz,-194,1159,1353,Mazandaran
Abbasabad,1244,53022,51778,Mazandaran
Chalus,-3452,76649,80101,Mazandaran
Kalardasht,0,0,0,Mazandaran
Khazarabad,1624,26035,24411,Mazandaran
Shakta,-1191,9504,10695,Mazandaran
Kiasar,365,11007,10642,Mazandaran
Doab,-4740,21916,26656,Mazandaran
Marzanabad,3898,51264,47366,Mazandaran
Makarud,4935,20078,15143,Mazandaran
Nowshahr,-3774,55041,58815,Mazandaran
Kalarabad,0,0,0,Mazandaran
Semnan,-89,1851,1940,Mazandaran
Garmab,-34,3303,3337,Mazandaran
Se-rah-e Baladeh,-188,31466,31654,Mazandaran
Shahzeyd,-5443,16429,21872,Mazandaran
Panjab,949,29670,28721,Mazandaran
Siah Bisheh,-3433,28176,31609,Mazandaran
Hazarcham,-4785,15302,20087,Mazandaran
Kandovan,12609,20698,8089,Mazandaran
Sisangan,-2121,53988,56109,Mazandaran
Pol-e Sefid,-2317,23156,25473,Mazandaran
Garzin Kheil,-364,19775,20139,Mazandaran
Veresk,-50,18063,18113,Mazandaran
Gaduk,2310,9744,7434,Mazandaran
