City,Net,Input,Output,Province
Astara,-12,13285,13297,Gilan
Aq Chay,675,5474,4799,Gilan
Talesh,-663,7823,8486,Gilan
Asalem,3344,15320,11976,Gilan
Astaneh,556,62325,61769,Gilan
Lahijan,1747,78908,77161,Gilan
Kuchesfahan,-836,53884,54720,Gilan
Kiashahr,-6069,8771,14840,Gilan
Siahkal,1223,22604,21381,Gilan
Langarud,4344,58195,53851,Gilan
Rasht,-34664,83083,117747,Gilan
Sangar,-10068,9285,19353,Gilan
Hasanrud,6651,6651,0,Gilan
Khalkhal,665,2280,1615,Gilan
Punel,-895,18292,19187,Gilan
Ziabar,2938,28282,25344,Gilan
Imamzadeh Hashem,-28014,98194,126208,Gilan
Rostamabad,7812,110766,102954,Gilan
Saravan,61890,120529,58639,Gilan
Shaqaji,0,0,0,Gilan
Rudbar,-33229,61367,94596,Gilan
Fuman,32456,54425,21969,Gilan
Amlash,1197,9639,8442,Gilan
Rudsar,-159,44693,44852,Gilan
Kalan Kalaye,41,3174,3133,Gilan
Kalachay,13994,30563,16569,Gilan
Anzali,672,28554,27882,Gilan
Khomam,11689,49867,38178,Gilan
Rezvanshahr,1015,8370,7355,Gilan
Pirbazar,1513,25703,24190,Gilan
Bazar Jomeh,0,0,0,Gilan
Someh Sara,0,0,0,Gilan
Masouleh,0,0,0,Gilan
Jirdeh,0,0,0,Gilan
Lakan,-202,5193,5395,Gilan
Deylaman,502,1964,1462,Gilan
Ramsar,3010,46692,43682,Gilan
Chaboksar,-11812,26840,38652,Gilan
Tonekabon,-119,39891,40010,Mazandaran
Manjil,-27977,15804,43781,Gilan
Lowshan,64978,77637,12659,Gilan
Gilvan,959,2337,1378,Gilan
Ghazvin,-74107,1603,75710,Gilan
Gilan Border,8756,8756,0,Gilan
Azadshahr,14992,49096,34104,Golestan
Khosh Yeylagh,-422,3542,3964,Golestan
Aliabad,-11098,75646,86744,Golestan
Minudasht,-224,23492,23716,Golestan
Gonbad,834,46228,45394,Golestan
Shahroud,-1073,3716,4789,Golestan
Gorgan,-2634,81820,84454,Golestan
Galikesh,1143,12355,11212,Golestan
Aq Qala,-45,28774,28819,Golestan
Incheh Borun,-8,10047,10055,Golestan
Se-rah-e Kalaleh,-554,9842,10396,Golestan
Bandar Torkaman,1382,12757,11375,Golestan
Marzpol,-55,2003,2058,Golestan
Se-rah-e Yasaqi,-1208,2303,3511,Golestan
Kordkuy,8307,38962,30655,Mazandaran
Gomishan,106,5449,5343,Golestan
Galugah,-6667,40055,46722,Mazandaran
Tangrah,106,9668,9562,Golestan
Golestan Forest,203,3376,3173,Golestan
Kalaleh,-1957,0,1957,Golestan
Maraveh Tappeh,1957,1957,0,Golestan
Behshahr,2866,38606,35740,Mazandaran
Amol,-115,98745,98860,Mazandaran
Babol,-752,138768,139520,Mazandaran
Qaemshahr,-8944,60903,69847,Mazandaran
Mahmudabad,1775,58126,56351,Mazandaran
Park Jangali,1314,28786,27472,Mazandaran
Babolsar,1696,68877,67181,Mazandaran
Fereydunkenar,987,56246,55259,Mazandaran
Kiyakala,-216,4972,5188,Mazandaran
Gatab,-1161,16968,18129,Mazandaran
Juybar,-1895,26991,28886,Mazandaran
Sari,20961,107313,86352,Mazandaran
Shirgah,1870,32229,30359,Mazandaran
Nur,3341,33123,29782,Mazandaran
Se-rah-e Sangchal,-9747,10514,20261,Mazandaran
Imamzadeh Hashem Tehran,-10242,6078,16320,Mazandaran
Polur,1977,21755,19778,Mazandaran
Gazanak,-3750,18920,22670,Mazandaran
Behnamir,171,13929,13758,Mazandaran
Dabudsht,-410,6992,7402,Mazandaran
Bandar-e Amirabad,0,857,857,Mazandaran
Neka,-1310,43827,45137,Mazandaran
Zagheh Marz,-134,973,1107,Mazandaran
Abbasabad,2496,45005,42509,Mazandaran
Chalus,5432,64995,59563,Mazandaran
Kalardasht,0,0,0,Mazandaran
Khazarabad,1435,21246,19811,Mazandaran
Shakta,-780,9491,10271,Mazandaran
Kiasar,-27,8262,8289,Mazandaran
Doab,11550,24288,12738,Mazandaran
Marzanabad,-8768,33310,42078,Mazandaran
Makarud,-16448,4322,20770,Mazandaran
Nowshahr,-3151,41928,45079,Mazandaran
Kalarabad,0,0,0,Mazandaran
Semnan,-463,990,1453,Mazandaran
Garmab,200,2861,2661,Mazandaran
Se-rah-e Baladeh,2690,27958,25268,Mazandaran
Shahzeyd,9420,19966,10546,Mazandaran
Panjab,-2838,23639,26477,Mazandaran
Siah Bisheh,667,23633,22966,Mazandaran
Hazarcham,16014,20661,4647,Mazandaran
Kandovan,-14702,4284,18986,Mazandaran
Sisangan,1921,33984,32063,Mazandaran
Pol-e Sefid,-2929,21669,24598,Mazandaran
Garzin Kheil,-6887,5561,12448,Mazandaran
Veresk,10121,14770,4649,Mazandaran
Gaduk,-10121,4649,14770,Mazandaran
