City,Net,Input,Output,Province
Astara,-1269,18947,20216,Gilan
Aq Chay,611,10075,9464,Gilan
Talesh,658,10141,9483,Gilan
Asalem,-225,19784,20009,Gilan
Astaneh,-1807,77806,79613,Gilan
Lahijan,-1630,94544,96174,Gilan
Kuchesfahan,807,65707,64900,Gilan
Kiashahr,-11237,11940,23177,Gilan
Siahkal,1216,30357,29141,Gilan
Langarud,1177,73807,72630,Gilan
Rasht,-21423,113119,134542,Gilan
Sangar,-1214,11198,12412,Gilan
Hasanrud,11396,11396,0,Gilan
Khalkhal,302,3409,3107,Gilan
Punel,-1202,25915,27117,Gilan
Ziabar,2423,36019,33596,Gilan
Imamzadeh Hashem,-37830,98572,136402,Gilan
Rostamabad,4300,118016,113716,Gilan
Saravan,44301,118085,73784,Gilan
Shaqaji,0,0,0,Gilan
Rudbar,-10532,77430,87962,Gilan
Fuman,28112,61245,33133,Gilan
Amlash,415,11847,11432,Gilan
Rudsar,-947,62448,63395,Gilan
Kalan Kalaye,-29,4469,4498,Gilan
Kalachay,3944,47585,43641,Gilan
Anzali,802,43125,42323,Gilan
Khomam,-2565,62138,64703,Gilan
Rezvanshahr,773,12395,11622,Gilan
Pirbazar,762,27607,26845,Gilan
Bazar Jomeh,0,0,0,Gilan
Someh Sara,0,0,0,Gilan
Masouleh,0,0,0,Gilan
Jirdeh,0,0,0,Gilan
Lakan,-320,5494,5814,Gilan
Deylaman,-188,4025,4213,Gilan
Ramsar,1425,75647,74222,Gilan
Chaboksar,-3719,64500,68219,Gilan
Tonekabon,-1237,54761,55998,Mazandaran
Manjil,-5145,29992,35137,Gilan
Lowshan,-1885,1154,3039,Gilan
Gilvan,4,2051,2047,Gilan
Ghazvin,1524,1524,0,Gilan
Gilan Border,0,0,0,Gilan
Azadshahr,12552,51018,38466,Golestan
Khosh Yeylagh,-258,2959,3217,Golestan
Aliabad,-16391,80968,97359,Golestan
Minudasht,2470,25153,22683,Golestan
Gonbad,-1345,45325,46670,Golestan
Shahroud,6,5497,5491,Golestan
Gorgan,5842,88558,82716,Golestan
Galikesh,-716,12583,13299,Golestan
Aq Qala,-194,26468,26662,Golestan
Incheh Borun,-394,8758,9152,Golestan
Se-rah-e Kalaleh,77,12639,12562,Golestan
Bandar Torkaman,418,13752,13334,Golestan
Marzpol,73,1876,1803,Golestan
Se-rah-e Yasaqi,-299,3691,3990,Golestan
Kordkuy,-2871,35982,38853,Mazandaran
Gomishan,30,5976,5946,Golestan
Galugah,-2149,44891,47040,Mazandaran
Tangrah,138,13721,13583,Golestan
Golestan Forest,-762,4895,5657,Golestan
Kalaleh,-2685,0,2685,Golestan
Maraveh Tappeh,2685,2685,0,Golestan
Behshahr,2559,38545,35986,Mazandaran
Amol,-2552,114412,116964,Mazandaran
Babol,-1235,150313,151548,Mazandaran
Qaemshahr,5315,90014,84699,Mazandaran
Mahmudabad,134,76405,76271,Mazandaran
Park Jangali,1660,32091,30431,Mazandaran
Babolsar,3470,77128,73658,Mazandaran
Fereydunkenar,-2615,70037,72652,Mazandaran
Kiyakala,-93,4951,5044,Mazandaran
Gatab,356,18105,17749,Mazandaran
Juybar,-393,23075,23468,Mazandaran
Sari,2870,123915,121045,Mazandaran
Shirgah,733,35162,34429,Mazandaran
Nur,5040,59326,54286,Mazandaran
Se-rah-e Sangchal,-3933,13685,17618,Mazandaran
Imamzadeh Hashem Tehran,-6546,4854,11400,Mazandaran
Polur,4224,20757,16533,Mazandaran
Gazanak,-1683,16091,17774,Mazandaran
Behnamir,631,14360,13729,Mazandaran
Dabudsht,558,8209,7651,Mazandaran
Bandar-e Amirabad,178,1437,1259,Mazandaran
Neka,335,44649,44314,Mazandaran
Zagheh Marz,-254,1123,1377,Mazandaran
Abbasabad,1849,58225,56376,Mazandaran
Chalus,2514,73288,70774,Mazandaran
Kalardasht,0,0,0,Mazandaran
Khazarabad,2303,25810,23507,Mazandaran
Shakta,-4686,12815,17501,Mazandaran
Kiasar,-2111,14394,16505,Mazandaran
Doab,5513,21260,15747,Mazandaran
Marzanabad,-5713,36961,42674,Mazandaran
Makarud,-8769,9766,18535,Mazandaran
Nowshahr,-2762,56666,59428,Mazandaran
Kalarabad,0,0,0,Mazandaran
Semnan,-389,2467,2856,Mazandaran
Garmab,1028,5282,4254,Mazandaran
Se-rah-e Baladeh,-167,15363,15530,Mazandaran
Shahzeyd,2291,12534,10243,Mazandaran
Panjab,453,12665,12212,Mazandaran
Siah Bisheh,2514,22635,20121,Mazandaran
Hazarcham,6983,14954,7971,Mazandaran
Kandovan,-5939,8725,14664,Mazandaran
Sisangan,466,64896,64430,Mazandaran
Pol-e Sefid,-2119,23289,25408,Mazandaran
Garzin Kheil,974,18136,17162,Mazandaran
Veresk,-917,19666,20583,Mazandaran
Gaduk,1150,12344,11194,Mazandaran
