City,Net,Input,Output,Province
Astara,-2343,21671,24014,Gilan
Aq Chay,1648,12257,10609,Gilan
Talesh,695,11757,11062,Gilan
Asalem,-1750,21325,23075,Gilan
Astaneh,-2765,83046,85811,Gilan
Lahijan,-2727,97972,100699,Gilan
Kuchesfahan,3523,68969,65446,Gilan
Kiashahr,-10841,11358,22199,Gilan
Siahkal,-1085,30250,31335,Gilan
Langarud,-247,71104,71351,Gilan
Rasht,-22183,116810,138993,Gilan
Sangar,4464,16835,12371,Gilan
Hasanrud,10849,10849,0,Gilan
Khalkhal,-303,4697,5000,Gilan
Punel,-1030,27352,28382,Gilan
Ziabar,1680,36713,35033,Gilan
Imamzadeh Hashem,-49646,103530,153176,Gilan
Rostamabad,2512,145800,143288,Gilan
Saravan,33556,116131,82575,Gilan
Shaqaji,0,0,0,Gilan
Rudbar,8062,109374,101312,Gilan
Fuman,21594,61709,40115,Gilan
Amlash,821,10910,10089,Gilan
Rudsar,-2308,58301,60609,Gilan
Kalan Kalaye,-499,3488,3987,Gilan
Kalachay,-430,44411,44841,Gilan
Anzali,-1940,42163,44103,Gilan
Khomam,-2923,64868,67791,Gilan
Rezvanshahr,1410,12995,11585,Gilan
Pirbazar,28,26844,26816,Gilan
Bazar Jomeh,0,0,0,Gilan
Someh Sara,0,0,0,Gilan
Masouleh,0,0,0,Gilan
Jirdeh,0,0,0,Gilan
Lakan,-740,6656,7396,Gilan
Deylaman,-463,3792,4255,Gilan
Ramsar,3855,71184,67329,Gilan
Chaboksar,-543,65015,65558,Gilan
Tonekabon,-6816,47605,54421,Mazandaran
Manjil,13851,46705,32854,Gilan
Lowshan,-1661,2044,3705,Gilan
Gilvan,-204,2520,2724,Gilan
Ghazvin,1820,1820,0,Gilan
Gilan Border,0,0,0,Gilan
Azadshahr,9843,48276,38433,Golestan
Khosh Yeylagh,-93,4327,4420,Golestan
Aliabad,-15105,77987,93092,Golestan
Minudasht,618,22824,22206,Golestan
Gonbad,320,40375,40055,Golestan
Shahroud,-383,5147,5530,Golestan
Gorgan,7215,83270,76055,Golestan
Galikesh,-133,13050,13183,Golestan
Aq Qala,177,24531,24354,Golestan
Incheh Borun,-777,11900,12677,Golestan
Se-rah-e Kalaleh,-1278,11163,12441,Golestan
Bandar Torkaman,410,12292,11882,Golestan
Marzpol,160,3114,2954,Golestan
Se-rah-e Yasaqi,-221,3193,3414,Golestan
Kordkuy,-1659,39622,41281,Mazandaran
Gomishan,-88,5410,5498,Golestan
Galugah,2902,55042,52140,Mazandaran
Tangrah,-48,15005,15053,Golestan
Golestan Forest,634,6829,6195,Golestan
Kalaleh,-1915,0,1915,Golestan
Maraveh Tappeh,1915,1915,0,Golestan
Behshahr,-3476,39492,42968,Mazandaran
Amol,-1469,103022,104491,Mazandaran
Babol,-12150,139229,151379,Mazandaran
Qaemshahr,9726,98127,88401,Mazandaran
Mahmudabad,-338,65857,66195,Mazandaran
Park Jangali,657,37714,37057,Mazandaran
Babolsar,570,79545,78975,Mazandaran
Fereydunkenar,-921,70001,70922,Mazandaran
Kiyakala,-49,4815,4864,Mazandaran
Gatab,890,17687,16797,Mazandaran
Juybar,-2834,22947,25781,Mazandaran
Sari,11297,119007,107710,Mazandaran
Shirgah,-1177,35573,36750,Mazandaran
Nur,132,41288,41156,Mazandaran
Se-rah-e Sangchal,2231,24198,21967,Mazandaran
Imamzadeh Hashem Tehran,5648,16571,10923,Mazandaran
Polur,609,29929,29320,Mazandaran
Gazanak,-933,31289,32222,Mazandaran
Behnamir,-975,14337,15312,Mazandaran
Dabudsht,1083,8826,7743,Mazandaran
Bandar-e Amirabad,49,1103,1054,Mazandaran
Neka,-89,34192,34281,Mazandaran
Zagheh Marz,-181,1022,1203,Mazandaran
Abbasabad,1786,53448,51662,Mazandaran
Chalus,-2369,73578,75947,Mazandaran
Kalardasht,0,0,0,Mazandaran
Khazarabad,249,24300,24051,Mazandaran
Shakta,-4913,9493,14406,Mazandaran
Kiasar,-3665,14190,17855,Mazandaran
Doab,-5821,23103,28924,Mazandaran
Marzanabad,2502,55552,53050,Mazandaran
Makarud,3112,22743,19631,Mazandaran
Nowshahr,-3322,51756,55078,Mazandaran
Kalarabad,0,0,0,Mazandaran
Semnan,117,3108,2991,Mazandaran
Garmab,1560,5499,3939,Mazandaran
Se-rah-e Baladeh,-408,35272,35680,Mazandaran
Shahzeyd,-4951,19744,24695,Mazandaran
Panjab,34,34307,34273,Mazandaran
Siah Bisheh,-4648,28871,33519,Mazandaran
Hazarcham,-2156,19028,21184,Mazandaran
Kandovan,13050,20737,7687,Mazandaran
Sisangan,-1408,48217,49625,Mazandaran
Pol-e Sefid,-2735,29932,32667,Mazandaran
Garzin Kheil,-768,25092,25860,Mazandaran
Veresk,245,24505,24260,Mazandaran
Gaduk,6794,15980,9186,Mazandaran
