City,Net,Input,Output,Province
Astara,-753,12340,13093,Gilan
Aq Chay,-396,4493,4889,Gilan
Talesh,1149,8600,7451,Gilan
Asalem,-440,12812,13252,Gilan
Astaneh,-376,60540,60916,Gilan
Lahijan,-800,69483,70283,Gilan
Kuchesfahan,-2051,53439,55490,Gilan
Kiashahr,-5797,8042,13839,Gilan
Siahkal,142,14981,14839,Gilan
Langarud,-7791,39983,47774,Gilan
Rasht,-22998,89357,112355,Gilan
Sangar,2389,11009,8620,Gilan
Hasanrud,5623,5623,0,Gilan
Khalkhal,246,1753,1507,Gilan
Punel,-885,17780,18665,Gilan
Ziabar,1424,25158,23734,Gilan
Imamzadeh Hashem,-19016,51426,70442,Gilan
Rostamabad,7258,65914,58656,Gilan
Saravan,20675,54399,33724,Gilan
Shaqaji,0,0,0,Gilan
Rudbar,-6675,40521,47196,Gilan
Fuman,21263,42980,21717,Gilan
Amlash,325,8081,7756,Gilan
Rudsar,8193,39308,31115,Gilan
Kalan Kalaye,-99,2810,2909,Gilan
Kalachay,563,26610,26047,Gilan
Anzali,-403,27602,28005,Gilan
Khomam,-2298,51469,53767,Gilan
Rezvanshahr,775,7543,6768,Gilan
Pirbazar,1992,25732,23740,Gilan
Bazar Jomeh,0,0,0,Gilan
Someh Sara,0,0,0,Gilan
Masouleh,0,0,0,Gilan
Jirdeh,0,0,0,Gilan
Lakan,-359,7291,7650,Gilan
Deylaman,123,1152,1029,Gilan
Ramsar,2780,43329,40549,Gilan
Chaboksar,-456,35502,35958,Gilan
Tonekabon,-2197,34929,37126,Mazandaran
Manjil,-772,15593,16365,Gilan
Lowshan,-1843,0,1843,Gilan
Gilvan,-21,1410,1431,Gilan
Ghazvin,1843,1843,0,Gilan
Gilan Border,0,0,0,Gilan
Azadshahr,-10454,24124,34578,Golestan
Khosh Yeylagh,-199,2288,2487,Golestan
Aliabad,8646,75497,66851,Golestan
Minudasht,865,22622,21757,Golestan
Gonbad,-484,43055,43539,Golestan
Shahroud,201,3542,3341,Golestan
Gorgan,2545,88767,86222,Golestan
Galikesh,105,11049,10944,Golestan
Aq Qala,-585,37619,38204,Golestan
Incheh Borun,-96,2250,2346,Golestan
Se-rah-e Kalaleh,-189,9304,9493,Golestan
Bandar Torkaman,1155,19489,18334,Golestan
Marzpol,17,1170,1153,Golestan
Se-rah-e Yasaqi,-670,3207,3877,Golestan
Kordkuy,-2245,28733,30978,Mazandaran
Gomishan,18,6188,6170,Golestan
Galugah,-467,35367,35834,Mazandaran
Tangrah,59,7799,7740,Golestan
Golestan Forest,-67,2590,2657,Golestan
Kalaleh,-2729,0,2729,Golestan
Maraveh Tappeh,2729,2729,0,Golestan
Behshahr,1411,34811,33400,Mazandaran
Amol,-2500,110885,113385,Mazandaran
Babol,-5087,147362,152449,Mazandaran
Qaemshahr,-9066,73727,82793,Mazandaran
Mahmudabad,133,61632,61499,Mazandaran
Park Jangali,2399,30002,27603,Mazandaran
Babolsar,-2630,63929,66559,Mazandaran
Fereydunkenar,4325,52644,48319,Mazandaran
Kiyakala,-191,5064,5255,Mazandaran
Gatab,-912,15994,16906,Mazandaran
Juybar,-56,30110,30166,Mazandaran
Sari,16786,115717,98931,Mazandaran
Shirgah,4136,28838,24702,Mazandaran
Nur,-4376,29262,33638,Mazandaran
Se-rah-e Sangchal,-2209,20245,22454,Mazandaran
Imamzadeh Hashem Tehran,-2008,6831,8839,Mazandaran
Polur,644,16354,15710,Mazandaran
Gazanak,-368,16717,17085,Mazandaran
Behnamir,-358,14331,14689,Mazandaran
Dabudsht,172,6919,6747,Mazandaran
Bandar-e Amirabad,93,1318,1225,Mazandaran
Neka,107,43058,42951,Mazandaran
Zagheh Marz,0,0,0,Mazandaran
Abbasabad,1350,41984,40634,Mazandaran
Chalus,999,53548,52549,Mazandaran
Kalardasht,0,0,0,Mazandaran
Khazarabad,-556,17714,18270,Mazandaran
Shakta,-316,8721,9037,Mazandaran
Kiasar,454,7405,6951,Mazandaran
Doab,945,14996,14051,Mazandaran
Marzanabad,245,25604,25359,Mazandaran
Makarud,-2812,6145,8957,Mazandaran
Nowshahr,-3082,35111,38193,Mazandaran
Kalarabad,0,0,0,Mazandaran
Semnan,-3,1054,1057,Mazandaran
Garmab,-137,2237,2374,Mazandaran
Se-rah-e Baladeh,152,21659,21507,Mazandaran
Shahzeyd,450,20164,19714,Mazandaran
Panjab,397,18739,18342,Mazandaran
Siah Bisheh,75,13038,12963,Mazandaran
Hazarcham,3097,9039,5942,Mazandaran
Kandovan,-1751,5345,7096,Mazandaran
Sisangan,6090,33605,27515,Mazandaran
Pol-e Sefid,-4775,12284,17059,Mazandaran
Garzin Kheil,1720,9796,8076,Mazandaran
Veresk,-535,13433,13968,Mazandaran
Gaduk,-944,6173,7117,Mazandaran
