City,Net,Input,Output,Province
Astara,-1111,17931,19042,Gilan
Aq Chay,-831,7727,8558,Gilan
Talesh,1942,11315,9373,Gilan
Asalem,-1935,17983,19918,Gilan
Astaneh,-2745,78306,81051,Gilan
Lahijan,-1543,93933,95476,Gilan
Kuchesfahan,-2601,68187,70788,Gilan
Kiashahr,-9027,10936,19963,Gilan
Siahkal,-1099,24800,25899,Gilan
Langarud,-13957,51163,65120,Gilan
Rasht,-31484,112036,143520,Gilan
Sangar,10903,22354,11451,Gilan
Hasanrud,8760,8760,0,Gilan
Khalkhal,138,3034,2896,Gilan
Punel,-877,24859,25736,Gilan
Ziabar,120,33318,33198,Gilan
Imamzadeh Hashem,-32712,74858,107570,Gilan
Rostamabad,3046,116960,113914,Gilan
Saravan,11043,75232,64189,Gilan
Shaqaji,0,0,0,Gilan
Rudbar,34308,78733,44425,Gilan
Fuman,19588,55712,36124,Gilan
Amlash,106,9770,9664,Gilan
Rudsar,12170,52518,40348,Gilan
Kalan Kalaye,-13,2726,2739,Gilan
Kalachay,-23,38165,38188,Gilan
Anzali,-1812,36330,38142,Gilan
Khomam,-1669,62124,63793,Gilan
Rezvanshahr,669,10663,9994,Gilan
Pirbazar,1357,28487,27130,Gilan
Bazar Jomeh,0,0,0,Gilan
Someh Sara,0,0,0,Gilan
Masouleh,0,0,0,Gilan
Jirdeh,0,0,0,Gilan
Lakan,-215,7452,7667,Gilan
Deylaman,14,2543,2529,Gilan
Ramsar,345,56917,56572,Gilan
Chaboksar,-528,49031,49559,Gilan
Tonekabon,-3369,43847,47216,Mazandaran
Manjil,444,9768,9324,Gilan
Lowshan,-1941,2526,4467,Gilan
Gilvan,109,2015,1906,Gilan
Ghazvin,1896,1896,0,Gilan
Gilan Border,0,0,0,Gilan
Azadshahr,-15629,28970,44599,Golestan
Khosh Yeylagh,-77,3445,3522,Golestan
Aliabad,10870,85707,74837,Golestan
Minudasht,4695,32536,27841,Golestan
Gonbad,-212,50792,51004,Golestan
Shahroud,366,5081,4715,Golestan
Gorgan,1898,95059,93161,Golestan
Galikesh,-394,13648,14042,Golestan
Aq Qala,-788,37834,38622,Golestan
Incheh Borun,60,9150,9090,Golestan
Se-rah-e Kalaleh,-444,13252,13696,Golestan
Bandar Torkaman,1094,21334,20240,Golestan
Marzpol,24,2006,1982,Golestan
Se-rah-e Yasaqi,-468,3889,4357,Golestan
Kordkuy,-3734,36341,40075,Mazandaran
Gomishan,24,6454,6430,Golestan
Galugah,938,47123,46185,Mazandaran
Tangrah,317,13426,13109,Golestan
Golestan Forest,-284,4652,4936,Golestan
Kalaleh,-3067,0,3067,Golestan
Maraveh Tappeh,3067,3067,0,Golestan
Behshahr,516,42050,41534,Mazandaran
Amol,-9652,111594,121246,Mazandaran
Babol,-10909,145916,156825,Mazandaran
Qaemshahr,2064,92002,89938,Mazandaran
Mahmudabad,-536,75091,75627,Mazandaran
Park Jangali,8628,35262,26634,Mazandaran
Babolsar,-3112,76558,79670,Mazandaran
Fereydunkenar,2940,70963,68023,Mazandaran
Kiyakala,61,5254,5193,Mazandaran
Gatab,-1384,17451,18835,Mazandaran
Juybar,-1508,27347,28855,Mazandaran
Sari,5021,112241,107220,Mazandaran
Shirgah,-4165,29097,33262,Mazandaran
Nur,658,39695,39037,Mazandaran
Se-rah-e Sangchal,-3750,18078,21828,Mazandaran
Imamzadeh Hashem Tehran,9194,17376,8182,Mazandaran
Polur,1448,27106,25658,Mazandaran
Gazanak,-523,27103,27626,Mazandaran
Behnamir,-344,15598,15942,Mazandaran
Dabudsht,1385,8935,7550,Mazandaran
Bandar-e Amirabad,189,1378,1189,Mazandaran
Neka,232,46378,46146,Mazandaran
Zagheh Marz,-259,1164,1423,Mazandaran
Abbasabad,761,46931,46170,Mazandaran
Chalus,-3384,69550,72934,Mazandaran
Kalardasht,0,0,0,Mazandaran
Khazarabad,-273,14681,14954,Mazandaran
Shakta,934,12080,11146,Mazandaran
Kiasar,1933,13084,11151,Mazandaran
Doab,-7776,18199,25975,Mazandaran
Marzanabad,5608,46800,41192,Mazandaran
Makarud,7804,21138,13334,Mazandaran
Nowshahr,-4549,49523,54072,Mazandaran
Kalarabad,0,0,0,Mazandaran
Semnan,13,2199,2186,Mazandaran
Garmab,-632,3208,3840,Mazandaran
Se-rah-e Baladeh,-1213,29297,30510,Mazandaran
Shahzeyd,-3994,20854,24848,Mazandaran
Panjab,1418,30100,28682,Mazandaran
Siah Bisheh,-4062,26701,30763,Mazandaran
Hazarcham,-7471,13512,20983,Mazandaran
Kandovan,17186,22904,5718,Mazandaran
Sisangan,-2939,42597,45536,Mazandaran
Pol-e Sefid,4041,27082,23041,Mazandaran
Garzin Kheil,196,21173,20977,Mazandaran
Veresk,236,19426,19190,Mazandaran
Gaduk,4247,11265,7018,Mazandaran
