City,Net,Input,Output,Province
Astara,-975,11279,12254,Gilan
Aq Chay,484,4237,3753,Gilan
Talesh,491,8017,7526,Gilan
Asalem,1692,13666,11974,Gilan
Astaneh,-378,62536,62914,Gilan
Lahijan,-87,76820,76907,Gilan
Kuchesfahan,-726,55054,55780,Gilan
Kiashahr,-5376,8323,13699,Gilan
Siahkal,307,17997,17690,Gilan
Langarud,1823,55265,53442,Gilan
Rasht,-38837,90875,129712,Gilan
Sangar,-722,10960,11682,Gilan
Hasanrud,5704,5704,0,Gilan
Khalkhal,302,1155,853,Gilan
Punel,-1058,18009,19067,Gilan
Ziabar,2087,26118,24031,Gilan
Imamzadeh Hashem,-45774,62400,108174,Gilan
Rostamabad,10496,76852,66356,Gilan
Saravan,56960,103306,46346,Gilan
Shaqaji,0,0,0,Gilan
Rudbar,-15913,42725,58638,Gilan
Fuman,24059,47058,22999,Gilan
Amlash,603,7738,7135,Gilan
Rudsar,-343,44454,44797,Gilan
Kalan Kalaye,-117,1720,1837,Gilan
Kalachay,734,30444,29710,Gilan
Anzali,1203,28628,27425,Gilan
Khomam,8213,53400,45187,Gilan
Rezvanshahr,1444,7783,6339,Gilan
Pirbazar,2179,26666,24487,Gilan
Bazar Jomeh,0,0,0,Gilan
Someh Sara,0,0,0,Gilan
Masouleh,0,0,0,Gilan
Jirdeh,0,0,0,Gilan
Lakan,-384,8202,8586,Gilan
Deylaman,136,1054,918,Gilan
Ramsar,2141,43805,41664,Gilan
Chaboksar,202,36382,36180,Gilan
Tonekabon,-1910,37821,39731,Mazandaran
Manjil,-7936,18490,26426,Gilan
Lowshan,21533,36518,14985,Gilan
Gilvan,297,1569,1272,Gilan
Ghazvin,-30231,2725,32956,Gilan
Gilan Border,8720,8720,0,Gilan
Azadshahr,12597,47689,35092,Golestan
Khosh Yeylagh,-211,2696,2907,Golestan
Aliabad,-12182,78866,91048,Golestan
Minudasht,400,22889,22489,Golestan
Gonbad,-261,46565,46826,Golestan
Shahroud,-237,3224,3461,Golestan
Gorgan,674,91335,90661,Golestan
Galikesh,565,11962,11397,Golestan
Aq Qala,-330,32971,33301,Golestan
Incheh Borun,953,5525,4572,Golestan
Se-rah-e Kalaleh,-323,8911,9234,Golestan
Bandar Torkaman,395,14017,13622,Golestan
Marzpol,-956,0,956,Golestan
Se-rah-e Yasaqi,-294,3523,3817,Golestan
Kordkuy,634,32996,32362,Mazandaran
Gomishan,49,5869,5820,Golestan
Galugah,-902,37988,38890,Mazandaran
Tangrah,71,7109,7038,Golestan
Golestan Forest,180,2322,2142,Golestan
Kalaleh,-2325,0,2325,Golestan
Maraveh Tappeh,2325,2325,0,Golestan
Behshahr,394,36557,36163,Mazandaran
Amol,-1612,93518,95130,Mazandaran
Babol,-8534,141843,150377,Mazandaran
Qaemshahr,21389,101954,80565,Mazandaran
Mahmudabad,555,55983,55428,Mazandaran
Park Jangali,2056,31324,29268,Mazandaran
Babolsar,3334,75333,71999,Mazandaran
Fereydunkenar,182,58154,57972,Mazandaran
Kiyakala,-96,5509,5605,Mazandaran
Gatab,-1825,17156,18981,Mazandaran
Juybar,-2622,31731,34353,Mazandaran
Sari,-8756,126072,134828,Mazandaran
Shirgah,2346,30628,28282,Mazandaran
Nur,3265,38497,35232,Mazandaran
Se-rah-e Sangchal,-1808,26339,28147,Mazandaran
Imamzadeh Hashem Tehran,-1186,9878,11064,Mazandaran
Polur,3429,16425,12996,Mazandaran
Gazanak,-6631,11073,17704,Mazandaran
Behnamir,-410,13954,14364,Mazandaran
Dabudsht,169,7905,7736,Mazandaran
Bandar-e Amirabad,-137,1254,1391,Mazandaran
Neka,-715,50026,50741,Mazandaran
Zagheh Marz,-259,1085,1344,Mazandaran
Abbasabad,2084,44330,42246,Mazandaran
Chalus,2930,62776,59846,Mazandaran
Kalardasht,0,0,0,Mazandaran
Khazarabad,3456,29180,25724,Mazandaran
Shakta,-630,7311,7941,Mazandaran
Kiasar,-168,6124,6292,Mazandaran
Doab,4073,17663,13590,Mazandaran
Marzanabad,-7952,16478,24430,Mazandaran
Makarud,-2132,0,2132,Mazandaran
Nowshahr,-3391,43089,46480,Mazandaran
Kalarabad,0,0,0,Mazandaran
Semnan,-24,578,602,Mazandaran
Garmab,76,2130,2054,Mazandaran
Se-rah-e Baladeh,774,23550,22776,Mazandaran
Shahzeyd,274,25627,25353,Mazandaran
Panjab,-622,20947,21569,Mazandaran
Siah Bisheh,-258,14734,14992,Mazandaran
Hazarcham,7302,12258,4956,Mazandaran
Kandovan,-4912,4866,9778,Mazandaran
Sisangan,-309,37409,37718,Mazandaran
Pol-e Sefid,-1193,23117,24310,Mazandaran
Garzin Kheil,-706,15568,16274,Mazandaran
Veresk,672,14945,14273,Mazandaran
Gaduk,-3737,6250,9987,Mazandaran
