City,Net,Input,Output,Province
Astara,-995,13477,14472,Gilan
Aq Chay,-924,5077,6001,Gilan
Talesh,1919,9395,7476,Gilan
Asalem,-1862,13139,15001,Gilan
Astaneh,-693,61835,62528,Gilan
Lahijan,-1109,73186,74295,Gilan
Kuchesfahan,-2487,52934,55421,Gilan
Kiashahr,-5991,7759,13750,Gilan
Siahkal,-41,15852,15893,Gilan
Langarud,-9194,41811,51005,Gilan
Rasht,-22251,100228,122479,Gilan
Sangar,4179,12051,7872,Gilan
Hasanrud,5721,5721,0,Gilan
Khalkhal,11,1910,1899,Gilan
Punel,-547,19087,19634,Gilan
Ziabar,643,25683,25040,Gilan
Imamzadeh Hashem,-28404,48646,77050,Gilan
Rostamabad,4716,68620,63904,Gilan
Saravan,24333,68588,44255,Gilan
Shaqaji,0,0,0,Gilan
Rudbar,661,49554,48893,Gilan
Fuman,18600,43203,24603,Gilan
Amlash,117,7976,7859,Gilan
Rudsar,8710,40768,32058,Gilan
Kalan Kalaye,-171,2707,2878,Gilan
Kalachay,137,27368,27231,Gilan
Anzali,-604,28937,29541,Gilan
Khomam,-2587,53668,56255,Gilan
Rezvanshahr,479,7612,7133,Gilan
Pirbazar,1976,25701,23725,Gilan
Bazar Jomeh,0,0,0,Gilan
Someh Sara,0,0,0,Gilan
Masouleh,0,0,0,Gilan
Jirdeh,0,0,0,Gilan
Lakan,-533,7273,7806,Gilan
Deylaman,-21,1171,1192,Gilan
Ramsar,3557,43066,39509,Gilan
Chaboksar,-917,34410,35327,Gilan
Tonekabon,-3268,36086,39354,Mazandaran
Manjil,6632,23766,17134,Gilan
Lowshan,-2193,2370,4563,Gilan
Gilvan,-225,1408,1633,Gilan
Ghazvin,1729,1729,0,Gilan
Gilan Border,0,0,0,Gilan
Azadshahr,-11914,24793,36707,Golestan
Khosh Yeylagh,-150,2538,2688,Golestan
Aliabad,7251,77151,69900,Golestan
Minudasht,1411,24105,22694,Golestan
Gonbad,-324,48254,48578,Golestan
Shahroud,303,3870,3567,Golestan
Gorgan,5258,91790,86532,Golestan
Galikesh,-452,11376,11828,Golestan
Aq Qala,-679,38426,39105,Golestan
Incheh Borun,-197,6415,6612,Golestan
Se-rah-e Kalaleh,148,10135,9987,Golestan
Bandar Torkaman,1257,20960,19703,Golestan
Marzpol,69,1304,1235,Golestan
Se-rah-e Yasaqi,-730,3290,4020,Golestan
Kordkuy,-4683,29525,34208,Mazandaran
Gomishan,-43,6280,6323,Golestan
Galugah,2712,38862,36150,Mazandaran
Tangrah,-15,8871,8886,Golestan
Golestan Forest,-200,3010,3210,Golestan
Kalaleh,-2552,0,2552,Golestan
Maraveh Tappeh,2552,2552,0,Golestan
Behshahr,-1066,34524,35590,Mazandaran
Amol,-6512,109033,115545,Mazandaran
Babol,-5154,146688,151842,Mazandaran
Qaemshahr,4198,77907,73709,Mazandaran
Mahmudabad,1280,62246,60966,Mazandaran
Park Jangali,2190,28264,26074,Mazandaran
Babolsar,-2600,60517,63117,Mazandaran
Fereydunkenar,3211,52741,49530,Mazandaran
Kiyakala,-85,5009,5094,Mazandaran
Gatab,-389,17139,17528,Mazandaran
Juybar,-1098,30537,31635,Mazandaran
Sari,2306,112030,109724,Mazandaran
Shirgah,235,27893,27658,Mazandaran
Nur,1216,36042,34826,Mazandaran
Se-rah-e Sangchal,-1989,22571,24560,Mazandaran
Imamzadeh Hashem Tehran,2061,8671,6610,Mazandaran
Polur,1066,16367,15301,Mazandaran
Gazanak,-620,16480,17100,Mazandaran
Behnamir,153,12606,12453,Mazandaran
Dabudsht,608,7545,6937,Mazandaran
Bandar-e Amirabad,64,1383,1319,Mazandaran
Neka,1349,45153,43804,Mazandaran
Zagheh Marz,-280,935,1215,Mazandaran
Abbasabad,1193,42395,41202,Mazandaran
Chalus,776,57779,57003,Mazandaran
Kalardasht,0,0,0,Mazandaran
Khazarabad,1434,25249,23815,Mazandaran
Shakta,-1042,7911,8953,Mazandaran
Kiasar,-8,6813,6821,Mazandaran
Doab,-1717,14007,15724,Mazandaran
Marzanabad,1494,26860,25366,Mazandaran
Makarud,337,8458,8121,Mazandaran
Nowshahr,-3514,39661,43175,Mazandaran
Kalarabad,0,0,0,Mazandaran
Semnan,-22,995,1017,Mazandaran
Garmab,64,2186,2122,Mazandaran
Se-rah-e Baladeh,641,21011,20370,Mazandaran
Shahzeyd,-315,23016,23331,Mazandaran
Panjab,-266,17812,18078,Mazandaran
Siah Bisheh,-506,13719,14225,Mazandaran
Hazarcham,190,8467,8277,Mazandaran
Kandovan,2541,7983,5442,Mazandaran
Sisangan,-1256,33298,34554,Mazandaran
Pol-e Sefid,-171,21215,21386,Mazandaran
Garzin Kheil,224,15705,15481,Mazandaran
Veresk,-441,13793,14234,Mazandaran
Gaduk,2095,7898,5803,Mazandaran
