City,Net,Input,Output,Province
Astara,-1340,10306,11646,Gilan
Aq Chay,55,3667,3612,Gilan
Talesh,1285,7979,6694,Gilan
Asalem,29,11301,11272,Gilan
Astaneh,-706,58217,58923,Gilan
Lahijan,-741,70246,70987,Gilan
Kuchesfahan,-1816,49698,51514,Gilan
Kiashahr,-4836,7569,12405,Gilan
Siahkal,137,12587,12450,Gilan
Langarud,642,52379,51737,Gilan
Rasht,-21058,86910,107968,Gilan
Sangar,2515,9724,7209,Gilan
Hasanrud,4770,4770,0,Gilan
Khalkhal,-38,320,358,Gilan
Punel,-884,16440,17324,Gilan
Ziabar,661,21677,21016,Gilan
Imamzadeh Hashem,8012,61250,53238,Gilan
Rostamabad,4592,57914,53322,Gilan
Saravan,-8253,43728,51981,Gilan
Shaqaji,0,0,0,Gilan
Rudbar,-3680,38878,42558,Gilan
Fuman,19901,38218,18317,Gilan
Amlash,538,5525,4987,Gilan
Rudsar,-793,42059,42852,Gilan
Kalan Kalaye,-50,639,689,Gilan
Kalachay,115,28791,28676,Gilan
Anzali,-424,24694,25118,Gilan
Khomam,245,46713,46468,Gilan
Rezvanshahr,491,6599,6108,Gilan
Pirbazar,1971,22980,21009,Gilan
Bazar Jomeh,0,0,0,Gilan
Someh Sara,0,0,0,Gilan
Masouleh,0,0,0,Gilan
Jirdeh,0,0,0,Gilan
Lakan,-528,6356,6884,Gilan
Deylaman,-109,346,455,Gilan
Ramsar,1351,42624,41273,Gilan
Chaboksar,331,36188,35857,Gilan
Tonekabon,-2377,34246,36623,Mazandaran
Manjil,900,18437,17537,Gilan
Lowshan,6271,21357,15086,Gilan
Gilvan,-34,1250,1284,Gilan
Ghazvin,-17039,1835,18874,Gilan
Gilan Border,10416,10416,0,Gilan
Azadshahr,5105,34764,29659,Golestan
Khosh Yeylagh,-78,426,504,Golestan
Aliabad,-10305,56585,66890,Golestan
Minudasht,3870,19196,15326,Golestan
Gonbad,374,34919,34545,Golestan
Shahroud,-158,1217,1375,Golestan
Gorgan,2633,69884,67251,Golestan
Galikesh,-178,6089,6267,Golestan
Aq Qala,-530,27236,27766,Golestan
Incheh Borun,569,3485,2916,Golestan
Se-rah-e Kalaleh,-19,4391,4410,Golestan
Bandar Torkaman,229,11919,11690,Golestan
Marzpol,-498,0,498,Golestan
Se-rah-e Yasaqi,-302,2850,3152,Golestan
Kordkuy,-748,6403,7151,Mazandaran
Gomishan,17,5238,5221,Golestan
Galugah,968,11585,10617,Mazandaran
Tangrah,-48,3442,3490,Golestan
Golestan Forest,67,983,916,Golestan
Kalaleh,-564,0,564,Golestan
Maraveh Tappeh,564,564,0,Golestan
Behshahr,-969,25194,26163,Mazandaran
Amol,-2748,78118,80866,Mazandaran
Babol,-6388,121971,128359,Mazandaran
Qaemshahr,-30290,47196,77486,Mazandaran
Mahmudabad,1478,49197,47719,Mazandaran
Park Jangali,1273,17415,16142,Mazandaran
Babolsar,3197,61152,57955,Mazandaran
Fereydunkenar,627,45494,44867,Mazandaran
Kiyakala,-247,4177,4424,Mazandaran
Gatab,-41,14199,14240,Mazandaran
Juybar,-1495,26369,27864,Mazandaran
Sari,32269,104604,72335,Mazandaran
Shirgah,-151,20170,20321,Mazandaran
Nur,1875,32894,31019,Mazandaran
Se-rah-e Sangchal,207,9889,9682,Mazandaran
Imamzadeh Hashem Tehran,1758,4774,3016,Mazandaran
Polur,-7193,8032,15225,Mazandaran
Gazanak,7231,15953,8722,Mazandaran
Behnamir,-2758,9416,12174,Mazandaran
Dabudsht,586,6607,6021,Mazandaran
Bandar-e Amirabad,-113,949,1062,Mazandaran
Neka,14,36706,36692,Mazandaran
Zagheh Marz,266,1440,1174,Mazandaran
Abbasabad,1713,38412,36699,Mazandaran
Chalus,-1856,45392,47248,Mazandaran
Kalardasht,0,0,0,Mazandaran
Khazarabad,589,19914,19325,Mazandaran
Shakta,-992,3895,4887,Mazandaran
Kiasar,4397,6949,2552,Mazandaran
Doab,2565,10432,7867,Mazandaran
Marzanabad,-551,4959,5510,Mazandaran
Makarud,-10050,0,10050,Mazandaran
Nowshahr,-2936,37197,40133,Mazandaran
Kalarabad,0,0,0,Mazandaran
Semnan,0,0,0,Mazandaran
Garmab,211,932,721,Mazandaran
Se-rah-e Baladeh,919,12149,11230,Mazandaran
Shahzeyd,-1441,7698,9139,Mazandaran
Panjab,-334,10090,10424,Mazandaran
Siah Bisheh,-49,1821,1870,Mazandaran
Hazarcham,10284,11044,760,Mazandaran
Kandovan,-185,876,1061,Mazandaran
Sisangan,-1708,29513,31221,Mazandaran
Pol-e Sefid,-75,14078,14153,Mazandaran
Garzin Kheil,-553,11822,12375,Mazandaran
Veresk,-304,10284,10588,Mazandaran
Gaduk,478,4816,4338,Mazandaran
