City,Net,Input,Output,Province
Astara,-1099,8793,9892,Gilan
Aq Chay,243,3294,3051,Gilan
Talesh,856,6598,5742,Gilan
Asalem,-653,8568,9221,Gilan
Astaneh,-1082,42797,43879,Gilan
Lahijan,-303,53158,53461,Gilan
Kuchesfahan,-1877,38520,40397,Gilan
Kiashahr,-5202,5365,10567,Gilan
Siahkal,-308,11866,12174,Gilan
Langarud,-735,39096,39831,Gilan
Rasht,-12797,71073,83870,Gilan
Sangar,3517,9580,6063,Gilan
Hasanrud,5087,5087,0,Gilan
Khalkhal,94,971,877,Gilan
Punel,-451,12186,12637,Gilan
Ziabar,-597,16800,17397,Gilan
Imamzadeh Hashem,3002,55500,52498,Gilan
Rostamabad,680,52294,51614,Gilan
Saravan,-7279,41766,49045,Gilan
Shaqaji,0,0,0,Gilan
Rudbar,2922,38801,35879,Gilan
Fuman,14334,30344,16010,Gilan
Amlash,-500,3972,4472,Gilan
Rudsar,-503,29709,30212,Gilan
Kalan Kalaye,107,1307,1200,Gilan
Kalachay,-211,21016,21227,Gilan
Anzali,-1093,20480,21573,Gilan
Khomam,-599,38000,38599,Gilan
Rezvanshahr,96,5238,5142,Gilan
Pirbazar,1427,17814,16387,Gilan
Bazar Jomeh,0,0,0,Gilan
Someh Sara,0,0,0,Gilan
Masouleh,0,0,0,Gilan
Jirdeh,0,0,0,Gilan
Lakan,-263,4311,4574,Gilan
Deylaman,-186,1031,1217,Gilan
Ramsar,-912,32144,33056,Gilan
Chaboksar,-147,27591,27738,Gilan
Tonekabon,17,27798,27781,Mazandaran
Manjil,4155,17126,12971,Gilan
Lowshan,1723,17410,15687,Gilan
Gilvan,-109,804,913,Gilan
Ghazvin,-13550,1744,15294,Gilan
Gilan Border,12123,12123,0,Gilan
Azadshahr,6078,38577,32499,Golestan
Khosh Yeylagh,-215,2013,2228,Golestan
Aliabad,-14975,54185,69160,Golestan
Minudasht,4599,21798,17199,Golestan
Gonbad,433,33455,33022,Golestan
Shahroud,1,2968,2967,Golestan
Gorgan,5957,65498,59541,Golestan
Galikesh,-221,7512,7733,Golestan
Aq Qala,-181,20775,20956,Golestan
Incheh Borun,916,5564,4648,Golestan
Se-rah-e Kalaleh,-195,6187,6382,Golestan
Bandar Torkaman,235,9850,9615,Golestan
Marzpol,-1156,0,1156,Golestan
Se-rah-e Yasaqi,-120,2737,2857,Golestan
Kordkuy,-967,5802,6769,Mazandaran
Gomishan,-120,4223,4343,Golestan
Galugah,-447,11414,11861,Mazandaran
Tangrah,-255,5550,5805,Golestan
Golestan Forest,186,2059,1873,Golestan
Kalaleh,-1338,0,1338,Golestan
Maraveh Tappeh,1338,1338,0,Golestan
Behshahr,-407,27443,27850,Mazandaran
Amol,-1803,70110,71913,Mazandaran
Babol,-6868,106642,113510,Mazandaran
Qaemshahr,-6580,60052,66632,Mazandaran
Mahmudabad,365,43482,43117,Mazandaran
Park Jangali,1399,16775,15376,Mazandaran
Babolsar,-2140,51316,53456,Mazandaran
Fereydunkenar,2657,43175,40518,Mazandaran
Kiyakala,-86,4121,4207,Mazandaran
Gatab,1008,15500,14492,Mazandaran
Juybar,-513,21555,22068,Mazandaran
Sari,20529,98064,77535,Mazandaran
Shirgah,-187,25225,25412,Mazandaran
Nur,1923,28827,26904,Mazandaran
Se-rah-e Sangchal,-1673,12736,14409,Mazandaran
Imamzadeh Hashem Tehran,0,0,0,Mazandaran
Polur,-8055,3054,11109,Mazandaran
Gazanak,8986,16396,7410,Mazandaran
Behnamir,-1800,9432,11232,Mazandaran
Dabudsht,1012,6150,5138,Mazandaran
Bandar-e Amirabad,-3,778,781,Mazandaran
Neka,224,35195,34971,Mazandaran
Zagheh Marz,-117,1326,1443,Mazandaran
Abbasabad,1254,29126,27872,Mazandaran
Chalus,-125,29560,29685,Mazandaran
Kalardasht,0,0,0,Mazandaran
Khazarabad,-392,19064,19456,Mazandaran
Shakta,-4869,5535,10404,Mazandaran
Kiasar,-2557,5344,7901,Mazandaran
Doab,106,10057,9951,Mazandaran
Marzanabad,-428,6702,7130,Mazandaran
Makarud,-7983,0,7983,Mazandaran
Nowshahr,-1557,22930,24487,Mazandaran
Kalarabad,0,0,0,Mazandaran
Semnan,47,798,751,Mazandaran
Garmab,1188,2819,1631,Mazandaran
Se-rah-e Baladeh,-193,12413,12606,Mazandaran
Shahzeyd,152,13548,13396,Mazandaran
Panjab,-308,10457,10765,Mazandaran
Siah Bisheh,108,6131,6023,Mazandaran
Hazarcham,7189,10722,3533,Mazandaran
Kandovan,686,3284,2598,Mazandaran
Sisangan,-1500,24770,26270,Mazandaran
Pol-e Sefid,-1431,18586,20017,Mazandaran
Garzin Kheil,177,14409,14232,Mazandaran
Veresk,416,13145,12729,Mazandaran
Gaduk,2669,7026,4357,Mazandaran
