City,Net,Input,Output,Province
Astara,-803,12736,13539,Gilan
Aq Chay,-675,4618,5293,Gilan
Talesh,1478,8921,7443,Gilan
Asalem,-940,12860,13800,Gilan
Astaneh,-383,58322,58705,Gilan
Lahijan,-593,70463,71056,Gilan
Kuchesfahan,-2633,50027,52660,Gilan
Kiashahr,-5571,7732,13303,Gilan
Siahkal,112,14902,14790,Gilan
Langarud,-8553,40428,48981,Gilan
Rasht,-21790,97933,119723,Gilan
Sangar,2927,10920,7993,Gilan
Hasanrud,5442,5442,0,Gilan
Khalkhal,167,1848,1681,Gilan
Punel,-551,17967,18518,Gilan
Ziabar,587,23210,22623,Gilan
Imamzadeh Hashem,-24620,47098,71718,Gilan
Rostamabad,8306,65386,57080,Gilan
Saravan,22819,63913,41094,Gilan
Shaqaji,0,0,0,Gilan
Rudbar,-5454,40495,45949,Gilan
Fuman,20886,41484,20598,Gilan
Amlash,10,8181,8171,Gilan
Rudsar,8487,40010,31523,Gilan
Kalan Kalaye,-76,2845,2921,Gilan
Kalachay,283,26852,26569,Gilan
Anzali,-307,25837,26144,Gilan
Khomam,-2745,49018,51763,Gilan
Rezvanshahr,503,7314,6811,Gilan
Pirbazar,1992,25077,23085,Gilan
Bazar Jomeh,0,0,0,Gilan
Someh Sara,0,0,0,Gilan
Masouleh,0,0,0,Gilan
Jirdeh,0,0,0,Gilan
Lakan,-582,7383,7965,Gilan
Deylaman,21,1064,1043,Gilan
Ramsar,2344,40555,38211,Gilan
Chaboksar,-852,33770,34622,Gilan
Tonekabon,-1960,34960,36920,Mazandaran
Manjil,2699,17631,14932,Gilan
Lowshan,-2048,207,2255,Gilan
Gilvan,-170,1338,1508,Gilan
Ghazvin,1823,1823,0,Gilan
Gilan Border,0,0,0,Gilan
Azadshahr,-10791,23850,34641,Golestan
Khosh Yeylagh,-190,2235,2425,Golestan
Aliabad,7481,74999,67518,Golestan
Minudasht,4061,23439,19378,Golestan
Gonbad,-3082,44296,47378,Golestan
Shahroud,149,3574,3425,Golestan
Gorgan,4092,89761,85669,Golestan
Galikesh,-25,11236,11261,Golestan
Aq Qala,-690,37534,38224,Golestan
Incheh Borun,-199,5998,6197,Golestan
Se-rah-e Kalaleh,-361,9429,9790,Golestan
Bandar Torkaman,1094,19680,18586,Golestan
Marzpol,25,1169,1144,Golestan
Se-rah-e Yasaqi,-707,3088,3795,Golestan
Kordkuy,-2556,28612,31168,Mazandaran
Gomishan,23,6282,6259,Golestan
Galugah,419,35502,35083,Mazandaran
Tangrah,-39,8224,8263,Golestan
Golestan Forest,43,2836,2793,Golestan
Kalaleh,-2513,0,2513,Golestan
Maraveh Tappeh,2513,2513,0,Golestan
Behshahr,115,32787,32672,Mazandaran
Amol,-2338,98497,100835,Mazandaran
Babol,-9375,129893,139268,Mazandaran
Qaemshahr,-11090,74816,85906,Mazandaran
Mahmudabad,1324,61075,59751,Mazandaran
Park Jangali,2146,28158,26012,Mazandaran
Babolsar,-3436,59809,63245,Mazandaran
Fereydunkenar,4519,52114,47595,Mazandaran
Kiyakala,-72,5090,5162,Mazandaran
Gatab,-272,15096,15368,Mazandaran
Juybar,-499,31199,31698,Mazandaran
Sari,18799,127804,109005,Mazandaran
Shirgah,3367,29285,25918,Mazandaran
Nur,-4353,30697,35050,Mazandaran
Se-rah-e Sangchal,-1971,22637,24608,Mazandaran
Imamzadeh Hashem Tehran,224,7734,7510,Mazandaran
Polur,818,15762,14944,Mazandaran
Gazanak,-671,15619,16290,Mazandaran
Behnamir,-72,14472,14544,Mazandaran
Dabudsht,609,7416,6807,Mazandaran
Bandar-e Amirabad,99,1277,1178,Mazandaran
Neka,786,45199,44413,Mazandaran
Zagheh Marz,-207,1001,1208,Mazandaran
Abbasabad,1342,39949,38607,Mazandaran
Chalus,696,50345,49649,Mazandaran
Kalardasht,0,0,0,Mazandaran
Khazarabad,1813,24641,22828,Mazandaran
Shakta,-946,8440,9386,Mazandaran
Kiasar,-187,6793,6980,Mazandaran
Doab,-338,14050,14388,Mazandaran
Marzanabad,460,24872,24412,Mazandaran
Makarud,-382,6724,7106,Mazandaran
Nowshahr,-2647,34622,37269,Mazandaran
Kalarabad,0,0,0,Mazandaran
Semnan,65,1064,999,Mazandaran
Garmab,74,2262,2188,Mazandaran
Se-rah-e Baladeh,335,20579,20244,Mazandaran
Shahzeyd,-163,22821,22984,Mazandaran
Panjab,62,17302,17240,Mazandaran
Siah Bisheh,-253,12221,12474,Mazandaran
Hazarcham,894,7365,6471,Mazandaran
Kandovan,337,6087,5750,Mazandaran
Sisangan,5061,33663,28602,Mazandaran
Pol-e Sefid,-3306,19916,23222,Mazandaran
Garzin Kheil,182,14540,14358,Mazandaran
Veresk,-395,12707,13102,Mazandaran
Gaduk,519,6476,5957,Mazandaran
