City,Net,Input,Output,Province
Astara,-712,12235,12947,Gilan
Aq Chay,-92,4619,4711,Gilan
Talesh,804,8328,7524,Gilan
Asalem,502,13173,12671,Gilan
Astaneh,-850,68419,69269,Gilan
Lahijan,1088,82007,80919,Gilan
Kuchesfahan,-2445,60575,63020,Gilan
Kiashahr,-6494,9343,15837,Gilan
Siahkal,467,19186,18719,Gilan
Langarud,1842,58219,56377,Gilan
Rasht,-28210,102025,130235,Gilan
Sangar,-2199,11613,13812,Gilan
Hasanrud,6573,6573,0,Gilan
Khalkhal,138,1051,913,Gilan
Punel,-993,18433,19426,Gilan
Ziabar,1293,26951,25658,Gilan
Imamzadeh Hashem,-42856,69394,112250,Gilan
Rostamabad,4726,84910,80184,Gilan
Saravan,57654,107143,49489,Gilan
Shaqaji,0,0,0,Gilan
Rudbar,-13325,53291,66616,Gilan
Fuman,25858,49056,23198,Gilan
Amlash,782,7610,6828,Gilan
Rudsar,-369,46740,47109,Gilan
Kalan Kalaye,-129,1475,1604,Gilan
Kalachay,581,31832,31251,Gilan
Anzali,-1617,29308,30925,Gilan
Khomam,8309,56125,47816,Gilan
Rezvanshahr,472,7718,7246,Gilan
Pirbazar,1298,27650,26352,Gilan
Bazar Jomeh,0,0,0,Gilan
Someh Sara,0,0,0,Gilan
Masouleh,0,0,0,Gilan
Jirdeh,0,0,0,Gilan
Lakan,-911,7572,8483,Gilan
Deylaman,134,1052,918,Gilan
Ramsar,3409,47328,43919,Gilan
Chaboksar,292,39233,38941,Gilan
Tonekabon,-2676,39753,42429,Mazandaran
Manjil,-11216,18759,29975,Gilan
Lowshan,29335,44055,14720,Gilan
Gilvan,113,1681,1568,Gilan
Ghazvin,-38203,2497,40700,Gilan
Gilan Border,8848,8848,0,Gilan
Azadshahr,11413,47986,36573,Golestan
Khosh Yeylagh,-366,2898,3264,Golestan
Aliabad,-10766,81185,91951,Golestan
Minudasht,123,25129,25006,Golestan
Gonbad,434,50512,50078,Golestan
Shahroud,-558,3001,3559,Golestan
Gorgan,993,94058,93065,Golestan
Galikesh,451,12198,11747,Golestan
Aq Qala,-347,34374,34721,Golestan
Incheh Borun,196,5668,5472,Golestan
Se-rah-e Kalaleh,-320,7046,7366,Golestan
Bandar Torkaman,795,14671,13876,Golestan
Marzpol,-353,572,925,Golestan
Se-rah-e Yasaqi,-627,3463,4090,Golestan
Kordkuy,2756,35691,32935,Mazandaran
Gomishan,1,6257,6256,Golestan
Galugah,-2937,39549,42486,Mazandaran
Tangrah,-87,4741,4828,Golestan
Golestan Forest,284,2352,2068,Golestan
Kalaleh,-2524,0,2524,Golestan
Maraveh Tappeh,2524,2524,0,Golestan
Behshahr,2200,38350,36150,Mazandaran
Amol,-1749,102095,103844,Mazandaran
Babol,-5946,158576,164522,Mazandaran
Qaemshahr,32252,105324,73072,Mazandaran
Mahmudabad,1249,50412,49163,Mazandaran
Park Jangali,2455,27973,25518,Mazandaran
Babolsar,10090,73411,63321,Mazandaran
Fereydunkenar,-8493,47048,55541,Mazandaran
Kiyakala,-151,5785,5936,Mazandaran
Gatab,-1038,19933,20971,Mazandaran
Juybar,1373,29017,27644,Mazandaran
Sari,-17865,107281,125146,Mazandaran
Shirgah,1990,30921,28931,Mazandaran
Nur,2177,31722,29545,Mazandaran
Se-rah-e Sangchal,-1058,24655,25713,Mazandaran
Imamzadeh Hashem Tehran,-8059,2805,10864,Mazandaran
Polur,5657,16360,10703,Mazandaran
Gazanak,-3014,15346,18360,Mazandaran
Behnamir,-680,13299,13979,Mazandaran
Dabudsht,-40,7628,7668,Mazandaran
Bandar-e Amirabad,-138,1215,1353,Mazandaran
Neka,-5931,42521,48452,Mazandaran
Zagheh Marz,-200,1072,1272,Mazandaran
Abbasabad,2015,44293,42278,Mazandaran
Chalus,3411,60044,56633,Mazandaran
Kalardasht,0,0,0,Mazandaran
Khazarabad,1185,24678,23493,Mazandaran
Shakta,-1235,7467,8702,Mazandaran
Kiasar,-236,6708,6944,Mazandaran
Doab,5151,17572,12421,Mazandaran
Marzanabad,-7429,20472,27901,Mazandaran
Makarud,-5271,2703,7974,Mazandaran
Nowshahr,-3637,41200,44837,Mazandaran
Kalarabad,0,0,0,Mazandaran
Semnan,-174,799,973,Mazandaran
Garmab,152,2249,2097,Mazandaran
Se-rah-e Baladeh,334,23565,23231,Mazandaran
Shahzeyd,26,25391,25365,Mazandaran
Panjab,-107,21244,21351,Mazandaran
Siah Bisheh,177,16239,16062,Mazandaran
Hazarcham,9324,14213,4889,Mazandaran
Kandovan,-6781,4569,11350,Mazandaran
Sisangan,1137,34425,33288,Mazandaran
Pol-e Sefid,-302,26615,26917,Mazandaran
Garzin Kheil,-5127,9875,15002,Mazandaran
Veresk,5411,11846,6435,Mazandaran
Gaduk,-5411,6435,11846,Mazandaran
