City,Net,Input,Output,Province
Astara,-3175,14448,17623,Gilan
Aq Chay,468,7134,6666,Gilan
Talesh,2707,10489,7782,Gilan
Asalem,-5130,13325,18455,Gilan
Astaneh,-3483,64605,68088,Gilan
Lahijan,-2150,79666,81816,Gilan
Kuchesfahan,-4691,56914,61605,Gilan
Kiashahr,-7704,7957,15661,Gilan
Siahkal,-1838,20915,22753,Gilan
Langarud,-14823,42895,57718,Gilan
Rasht,-11297,107720,119017,Gilan
Sangar,15407,22733,7326,Gilan
Hasanrud,6905,6905,0,Gilan
Khalkhal,-492,2084,2576,Gilan
Punel,-717,21777,22494,Gilan
Ziabar,-2826,28043,30869,Gilan
Imamzadeh Hashem,-45576,65734,111310,Gilan
Rostamabad,-1220,114160,115380,Gilan
Saravan,8529,68603,60074,Gilan
Shaqaji,0,0,0,Gilan
Rudbar,34190,96989,62799,Gilan
Fuman,9919,45301,35382,Gilan
Amlash,-891,6696,7587,Gilan
Rudsar,9934,43829,33895,Gilan
Kalan Kalaye,253,1470,1217,Gilan
Kalachay,-1354,28983,30337,Gilan
Anzali,-3101,28366,31467,Gilan
Khomam,-4383,52364,56747,Gilan
Rezvanshahr,-498,7505,8003,Gilan
Pirbazar,1422,26060,24638,Gilan
Bazar Jomeh,0,0,0,Gilan
Someh Sara,0,0,0,Gilan
Masouleh,0,0,0,Gilan
Jirdeh,0,0,0,Gilan
Lakan,-1076,7085,8161,Gilan
Deylaman,-885,1045,1930,Gilan
Ramsar,2387,47285,44898,Gilan
Chaboksar,-2368,38587,40955,Gilan
Tonekabon,-4529,37051,41580,Mazandaran
Manjil,29171,42326,13155,Gilan
Lowshan,-1756,2166,3922,Gilan
Gilvan,-1863,1342,3205,Gilan
Ghazvin,1748,1748,0,Gilan
Gilan Border,0,0,0,Gilan
Azadshahr,-13159,24749,37908,Golestan
Khosh Yeylagh,-95,4617,4712,Golestan
Aliabad,3687,74329,70642,Golestan
Minudasht,749,23650,22901,Golestan
Gonbad,273,46998,46725,Golestan
Shahroud,1990,5704,3714,Golestan
Gorgan,9178,90768,81590,Golestan
Galikesh,-346,12075,12421,Golestan
Aq Qala,-764,36560,37324,Golestan
Incheh Borun,-357,6013,6370,Golestan
Se-rah-e Kalaleh,-1451,9650,11101,Golestan
Bandar Torkaman,2883,18941,16058,Golestan
Marzpol,35,1125,1090,Golestan
Se-rah-e Yasaqi,-2458,1208,3666,Golestan
Kordkuy,-1464,8041,9505,Mazandaran
Gomishan,-117,5736,5853,Golestan
Galugah,-3466,15650,19116,Mazandaran
Tangrah,-242,10221,10463,Golestan
Golestan Forest,1262,4679,3417,Golestan
Kalaleh,-2262,0,2262,Golestan
Maraveh Tappeh,2262,2262,0,Golestan
Behshahr,-1001,37168,38169,Mazandaran
Amol,-3663,101408,105071,Mazandaran
Babol,-19218,134185,153403,Mazandaran
Qaemshahr,-8176,79268,87444,Mazandaran
Mahmudabad,-726,61565,62291,Mazandaran
Park Jangali,2514,32773,30259,Mazandaran
Babolsar,-1104,64839,65943,Mazandaran
Fereydunkenar,22,50629,50607,Mazandaran
Kiyakala,-222,4696,4918,Mazandaran
Gatab,693,16877,16184,Mazandaran
Juybar,-550,28825,29375,Mazandaran
Sari,22490,111409,88919,Mazandaran
Shirgah,-2396,32126,34522,Mazandaran
Nur,-948,37571,38519,Mazandaran
Se-rah-e Sangchal,-1704,24710,26414,Mazandaran
Imamzadeh Hashem Tehran,16854,21340,4486,Mazandaran
Polur,-2358,23673,26031,Mazandaran
Gazanak,-1001,23399,24400,Mazandaran
Behnamir,-548,12199,12747,Mazandaran
Dabudsht,1885,8185,6300,Mazandaran
Bandar-e Amirabad,25,1134,1109,Mazandaran
Neka,2139,41470,39331,Mazandaran
Zagheh Marz,-163,929,1092,Mazandaran
Abbasabad,553,42674,42121,Mazandaran
Chalus,-2495,57092,59587,Mazandaran
Kalardasht,0,0,0,Mazandaran
Khazarabad,-313,15925,16238,Mazandaran
Shakta,-4299,5998,10297,Mazandaran
Kiasar,-2492,8626,11118,Mazandaran
Doab,-11416,12841,24257,Mazandaran
Marzanabad,6863,40451,33588,Mazandaran
Makarud,10666,19179,8513,Mazandaran
Nowshahr,-3062,37524,40586,Mazandaran
Kalarabad,0,0,0,Mazandaran
Semnan,504,1900,1396,Mazandaran
Garmab,980,3498,2518,Mazandaran
Se-rah-e Baladeh,-2589,25461,28050,Mazandaran
Shahzeyd,-2267,24018,26285,Mazandaran
Panjab,2044,25884,23840,Mazandaran
Siah Bisheh,5612,21957,16345,Mazandaran
Hazarcham,-10509,9342,19851,Mazandaran
Kandovan,9894,12000,2106,Mazandaran
Sisangan,-3037,35982,39019,Mazandaran
Pol-e Sefid,-2995,27142,30137,Mazandaran
Garzin Kheil,2940,24278,21338,Mazandaran
Veresk,-1729,19981,21710,Mazandaran
Gaduk,12951,17210,4259,Mazandaran
