City,Net,Input,Output,Province
Astara,-420,10452,10872,Gilan
Aq Chay,-17,3877,3894,Gilan
Talesh,437,6995,6558,Gilan
Asalem,2257,12124,9867,Gilan
Astaneh,1561,51269,49708,Gilan
Lahijan,833,61360,60527,Gilan
Kuchesfahan,332,45253,44921,Gilan
Kiashahr,-4950,7758,12708,Gilan
Siahkal,894,16587,15693,Gilan
Langarud,4059,44661,40602,Gilan
Rasht,-39991,63671,103662,Gilan
Sangar,-7343,6965,14308,Gilan
Hasanrud,5396,5396,0,Gilan
Khalkhal,602,2067,1465,Gilan
Punel,-600,14415,15015,Gilan
Ziabar,3170,22621,19451,Gilan
Imamzadeh Hashem,-4806,73360,78166,Gilan
Rostamabad,5694,79182,73488,Gilan
Saravan,31121,76224,45103,Gilan
Shaqaji,0,0,0,Gilan
Rudbar,-23518,44079,67597,Gilan
Fuman,30422,46807,16385,Gilan
Amlash,1112,8985,7873,Gilan
Rudsar,11,34877,34866,Gilan
Kalan Kalaye,-89,3390,3479,Gilan
Kalachay,10697,23623,12926,Gilan
Anzali,986,23715,22729,Gilan
Khomam,10487,40082,29595,Gilan
Rezvanshahr,1093,7259,6166,Gilan
Pirbazar,1421,21524,20103,Gilan
Bazar Jomeh,0,0,0,Gilan
Someh Sara,0,0,0,Gilan
Masouleh,0,0,0,Gilan
Jirdeh,0,0,0,Gilan
Lakan,322,4353,4031,Gilan
Deylaman,651,1734,1083,Gilan
Ramsar,348,33258,32910,Gilan
Chaboksar,-7436,22844,30280,Gilan
Tonekabon,92,23199,23107,Mazandaran
Manjil,-22454,9809,32263,Gilan
Lowshan,2510,5209,2699,Gilan
Gilvan,718,1669,951,Gilan
Ghazvin,-3415,967,4382,Gilan
Gilan Border,457,457,0,Gilan
Azadshahr,14692,42357,27665,Golestan
Khosh Yeylagh,-179,2153,2332,Golestan
Aliabad,-7048,65804,72852,Golestan
Minudasht,46,17930,17884,Golestan
Gonbad,-562,37977,38539,Golestan
Shahroud,-73,2651,2724,Golestan
Gorgan,-8144,64479,72623,Golestan
Galikesh,1011,9924,8913,Golestan
Aq Qala,23,23480,23457,Golestan
Incheh Borun,160,5792,5632,Golestan
Se-rah-e Kalaleh,55,7565,7510,Golestan
Bandar Torkaman,751,10252,9501,Golestan
Marzpol,0,1005,1005,Golestan
Se-rah-e Yasaqi,-758,1827,2585,Golestan
Kordkuy,4347,28418,24071,Mazandaran
Gomishan,215,5204,4989,Golestan
Galugah,-3520,29042,32562,Mazandaran
Tangrah,111,7380,7269,Golestan
Golestan Forest,-79,2593,2672,Golestan
Kalaleh,-2138,0,2138,Golestan
Maraveh Tappeh,2138,2138,0,Golestan
Behshahr,3089,27722,24633,Mazandaran
Amol,-2117,78195,80312,Mazandaran
Babol,798,117598,116800,Mazandaran
Qaemshahr,-3980,52559,56539,Mazandaran
Mahmudabad,2169,48944,46775,Mazandaran
Park Jangali,563,22452,21889,Mazandaran
Babolsar,-189,58665,58854,Mazandaran
Fereydunkenar,4935,51211,46276,Mazandaran
Kiyakala,135,4488,4353,Mazandaran
Gatab,-2531,15398,17929,Mazandaran
Juybar,-1018,21946,22964,Mazandaran
Sari,276,86339,86063,Mazandaran
Shirgah,5103,28603,23500,Mazandaran
Nur,2766,32710,29944,Mazandaran
Se-rah-e Sangchal,811,20762,19951,Mazandaran
Imamzadeh Hashem Tehran,-4784,9198,13982,Mazandaran
Polur,-3952,17343,21295,Mazandaran
Gazanak,-2197,15587,17784,Mazandaran
Behnamir,-642,11525,12167,Mazandaran
Dabudsht,-762,7136,7898,Mazandaran
Bandar-e Amirabad,0,0,0,Mazandaran
Neka,1153,35012,33859,Mazandaran
Zagheh Marz,-193,829,1022,Mazandaran
Abbasabad,3300,31050,27750,Mazandaran
Chalus,3366,50228,46862,Mazandaran
Kalardasht,0,0,0,Mazandaran
Khazarabad,3495,22240,18745,Mazandaran
Shakta,3259,11315,8056,Mazandaran
Kiasar,1940,7833,5893,Mazandaran
Doab,10614,20241,9627,Mazandaran
Marzanabad,-6085,28485,34570,Mazandaran
Makarud,-15057,2805,17862,Mazandaran
Nowshahr,-2352,31912,34264,Mazandaran
Kalarabad,0,0,0,Mazandaran
Semnan,-228,734,962,Mazandaran
Garmab,-700,1941,2641,Mazandaran
Se-rah-e Baladeh,301,19894,19593,Mazandaran
Shahzeyd,-361,20151,20512,Mazandaran
Panjab,-95,18813,18908,Mazandaran
Siah Bisheh,7048,17886,10838,Mazandaran
Hazarcham,7733,9041,1308,Mazandaran
Kandovan,-13915,2663,16578,Mazandaran
Sisangan,2632,31683,29051,Mazandaran
Pol-e Sefid,-5380,14681,20061,Mazandaran
Garzin Kheil,-2640,3711,6351,Mazandaran
Veresk,7108,9949,2841,Mazandaran
Gaduk,-7108,2841,9949,Mazandaran
