City,Net,Input,Output,Province
Astara,-747,12154,12901,Gilan
Aq Chay,-21,4468,4489,Gilan
Talesh,768,8433,7665,Gilan
Asalem,642,12933,12291,Gilan
Astaneh,-990,63205,64195,Gilan
Lahijan,-208,75643,75851,Gilan
Kuchesfahan,-1370,56809,58179,Gilan
Kiashahr,-4973,8033,13006,Gilan
Siahkal,187,16196,16009,Gilan
Langarud,980,54003,53023,Gilan
Rasht,-25308,99407,124715,Gilan
Sangar,443,10958,10515,Gilan
Hasanrud,5230,5230,0,Gilan
Khalkhal,188,929,741,Gilan
Punel,-1228,17993,19221,Gilan
Ziabar,1177,24919,23742,Gilan
Imamzadeh Hashem,13068,75418,62350,Gilan
Rostamabad,4194,70494,66300,Gilan
Saravan,-5387,56245,61632,Gilan
Shaqaji,0,0,0,Gilan
Rudbar,-6736,45641,52377,Gilan
Fuman,21800,43968,22168,Gilan
Amlash,124,6625,6501,Gilan
Rudsar,-99,43877,43976,Gilan
Kalan Kalaye,-206,1138,1344,Gilan
Kalachay,415,29532,29117,Gilan
Anzali,-387,27795,28182,Gilan
Khomam,551,52481,51930,Gilan
Rezvanshahr,828,7462,6634,Gilan
Pirbazar,1750,25574,23824,Gilan
Bazar Jomeh,0,0,0,Gilan
Someh Sara,0,0,0,Gilan
Masouleh,0,0,0,Gilan
Jirdeh,0,0,0,Gilan
Lakan,-514,7420,7934,Gilan
Deylaman,23,644,621,Gilan
Ramsar,817,39842,39025,Gilan
Chaboksar,-380,32894,33274,Gilan
Tonekabon,259,38883,38624,Mazandaran
Manjil,-4291,19212,23503,Gilan
Lowshan,15430,30516,15086,Gilan
Gilvan,144,1546,1402,Gilan
Ghazvin,-24688,2396,27084,Gilan
Gilan Border,9239,9239,0,Gilan
Azadshahr,9541,44735,35194,Golestan
Khosh Yeylagh,-219,1959,2178,Golestan
Aliabad,-12987,75206,88193,Golestan
Minudasht,2705,24271,21566,Golestan
Gonbad,-177,44821,44998,Golestan
Shahroud,99,2619,2520,Golestan
Gorgan,2948,88917,85969,Golestan
Galikesh,-491,9912,10403,Golestan
Aq Qala,-125,32055,32180,Golestan
Incheh Borun,617,4740,4123,Golestan
Se-rah-e Kalaleh,170,7816,7646,Golestan
Bandar Torkaman,366,13213,12847,Golestan
Marzpol,-798,0,798,Golestan
Se-rah-e Yasaqi,-363,2736,3099,Golestan
Kordkuy,-1427,22432,23859,Mazandaran
Gomishan,-28,5592,5620,Golestan
Galugah,2299,29385,27086,Mazandaran
Tangrah,-15,5803,5818,Golestan
Golestan Forest,-274,1618,1892,Golestan
Kalaleh,-1490,0,1490,Golestan
Maraveh Tappeh,1490,1490,0,Golestan
Behshahr,-1765,31148,32913,Mazandaran
Amol,-1356,97546,98902,Mazandaran
Babol,-3139,149655,152794,Mazandaran
Qaemshahr,-5416,83793,89209,Mazandaran
Mahmudabad,2058,52078,50020,Mazandaran
Park Jangali,1940,28808,26868,Mazandaran
Babolsar,3173,67921,64748,Mazandaran
Fereydunkenar,-151,52433,52584,Mazandaran
Kiyakala,-264,5270,5534,Mazandaran
Gatab,-748,18545,19293,Mazandaran
Juybar,-836,32365,33201,Mazandaran
Sari,6076,122602,116526,Mazandaran
Shirgah,-1413,24358,25771,Mazandaran
Nur,1154,31920,30766,Mazandaran
Se-rah-e Sangchal,-489,17553,18042,Mazandaran
Imamzadeh Hashem Tehran,1634,11703,10069,Mazandaran
Polur,-3730,16778,20508,Mazandaran
Gazanak,186,17389,17203,Mazandaran
Behnamir,-2012,11721,13733,Mazandaran
Dabudsht,350,7687,7337,Mazandaran
Bandar-e Amirabad,-92,1128,1220,Mazandaran
Neka,657,45757,45100,Mazandaran
Zagheh Marz,-203,1071,1274,Mazandaran
Abbasabad,1439,44967,43528,Mazandaran
Chalus,2201,58234,56033,Mazandaran
Kalardasht,0,0,0,Mazandaran
Khazarabad,1427,23185,21758,Mazandaran
Shakta,-776,5910,6686,Mazandaran
Kiasar,2563,7120,4557,Mazandaran
Doab,2133,15344,13211,Mazandaran
Marzanabad,-3497,13540,17037,Mazandaran
Makarud,-6202,0,6202,Mazandaran
Nowshahr,-3625,41364,44989,Mazandaran
Kalarabad,0,0,0,Mazandaran
Semnan,0,0,0,Mazandaran
Garmab,211,1725,1514,Mazandaran
Se-rah-e Baladeh,-1938,18861,20799,Mazandaran
Shahzeyd,-1215,16523,17738,Mazandaran
Panjab,2496,19875,17379,Mazandaran
Siah Bisheh,-207,13671,13878,Mazandaran
Hazarcham,8843,14787,5944,Mazandaran
Kandovan,-2434,5293,7727,Mazandaran
Sisangan,-239,32914,33153,Mazandaran
Pol-e Sefid,1345,20153,18808,Mazandaran
Garzin Kheil,885,17432,16547,Mazandaran
Veresk,-529,15013,15542,Mazandaran
Gaduk,-1060,6247,7307,Mazandaran
