City,Net,Input,Output,Province
Astara,-591,10862,11453,Gilan
Aq Chay,-20,4010,4030,Gilan
Talesh,611,7443,6832,Gilan
Asalem,865,11409,10544,Gilan
Astaneh,-781,54644,55425,Gilan
Lahijan,130,66886,66756,Gilan
Kuchesfahan,-804,47601,48405,Gilan
Kiashahr,-5031,7563,12594,Gilan
Siahkal,161,14646,14485,Gilan
Langarud,1572,48742,47170,Gilan
Rasht,-29588,83333,112921,Gilan
Sangar,334,9315,8981,Gilan
Hasanrud,5391,5391,0,Gilan
Khalkhal,285,1199,914,Gilan
Punel,-595,15194,15789,Gilan
Ziabar,985,22030,21045,Gilan
Imamzadeh Hashem,11182,67898,56716,Gilan
Rostamabad,4880,63026,58146,Gilan
Saravan,-5557,51285,56842,Gilan
Shaqaji,0,0,0,Gilan
Rudbar,-7235,38935,46170,Gilan
Fuman,23264,42214,18950,Gilan
Amlash,939,6919,5980,Gilan
Rudsar,-159,39306,39465,Gilan
Kalan Kalaye,-690,1174,1864,Gilan
Kalachay,853,27015,26162,Gilan
Anzali,197,25418,25221,Gilan
Khomam,1030,46952,45922,Gilan
Rezvanshahr,966,6907,5941,Gilan
Pirbazar,2127,23535,21408,Gilan
Bazar Jomeh,0,0,0,Gilan
Someh Sara,0,0,0,Gilan
Masouleh,0,0,0,Gilan
Jirdeh,0,0,0,Gilan
Lakan,-134,5676,5810,Gilan
Deylaman,99,973,874,Gilan
Ramsar,791,42240,41449,Gilan
Chaboksar,263,34282,34019,Gilan
Tonekabon,-610,36926,37536,Mazandaran
Manjil,-4497,15880,20377,Gilan
Lowshan,14210,26994,12784,Gilan
Gilvan,201,1450,1249,Gilan
Ghazvin,-21992,2048,24040,Gilan
Gilan Border,7799,7799,0,Gilan
Azadshahr,11091,49497,38406,Golestan
Khosh Yeylagh,-193,2129,2322,Golestan
Aliabad,-9735,69844,79579,Golestan
Minudasht,1052,27210,26158,Golestan
Gonbad,-430,43089,43519,Golestan
Shahroud,172,3304,3132,Golestan
Gorgan,-1382,78104,79486,Golestan
Galikesh,175,9626,9451,Golestan
Aq Qala,-306,28089,28395,Golestan
Incheh Borun,791,5265,4474,Golestan
Se-rah-e Kalaleh,133,5202,5069,Golestan
Bandar Torkaman,440,11704,11264,Golestan
Marzpol,-640,0,640,Golestan
Se-rah-e Yasaqi,-305,2988,3293,Golestan
Kordkuy,-737,7928,8665,Mazandaran
Gomishan,83,5213,5130,Golestan
Galugah,-635,11582,12217,Mazandaran
Tangrah,20,3234,3214,Golestan
Golestan Forest,-229,1393,1622,Golestan
Kalaleh,-2096,0,2096,Golestan
Maraveh Tappeh,2096,2096,0,Golestan
Behshahr,1921,32206,30285,Mazandaran
Amol,-3637,82508,86145,Mazandaran
Babol,-7347,126866,134213,Mazandaran
Qaemshahr,25965,86980,61015,Mazandaran
Mahmudabad,1568,55220,53652,Mazandaran
Park Jangali,1943,27048,25105,Mazandaran
Babolsar,448,66605,66157,Mazandaran
Fereydunkenar,2851,54871,52020,Mazandaran
Kiyakala,52,5346,5294,Mazandaran
Gatab,-2168,17357,19525,Mazandaran
Juybar,-3384,26364,29748,Mazandaran
Sari,-19569,102471,122040,Mazandaran
Shirgah,-2865,19825,22690,Mazandaran
Nur,1857,35646,33789,Mazandaran
Se-rah-e Sangchal,-1398,19877,21275,Mazandaran
Imamzadeh Hashem Tehran,0,0,0,Mazandaran
Polur,-4584,5415,9999,Mazandaran
Gazanak,2413,16486,14073,Mazandaran
Behnamir,-54,14436,14490,Mazandaran
Dabudsht,178,7360,7182,Mazandaran
Bandar-e Amirabad,-45,1067,1112,Mazandaran
Neka,350,41191,40841,Mazandaran
Zagheh Marz,28,1360,1332,Mazandaran
Abbasabad,1586,40070,38484,Mazandaran
Chalus,319,39342,39023,Mazandaran
Kalardasht,0,0,0,Mazandaran
Khazarabad,3118,27422,24304,Mazandaran
Shakta,965,10739,9774,Mazandaran
Kiasar,1015,8375,7360,Mazandaran
Doab,1410,13348,11938,Mazandaran
Marzanabad,-2401,8433,10834,Mazandaran
Makarud,-4460,0,4460,Mazandaran
Nowshahr,-2173,30261,32434,Mazandaran
Kalarabad,0,0,0,Mazandaran
Semnan,-17,1005,1022,Mazandaran
Garmab,-324,2453,2777,Mazandaran
Se-rah-e Baladeh,-12,18725,18737,Mazandaran
Shahzeyd,-58,19688,19746,Mazandaran
Panjab,585,16532,15947,Mazandaran
Siah Bisheh,-259,10425,10684,Mazandaran
Hazarcham,6568,10837,4269,Mazandaran
Kandovan,-1849,4307,6156,Mazandaran
Sisangan,-1047,31171,32218,Mazandaran
Pol-e Sefid,4123,18591,14468,Mazandaran
Garzin Kheil,885,13842,12957,Mazandaran
Veresk,-796,11431,12227,Mazandaran
Gaduk,-1917,4587,6504,Mazandaran
