City,Net,Input,Output,Province
Astara,-1670,17895,19565,Gilan
Aq Chay,1092,8528,7436,Gilan
Talesh,578,11037,10459,Gilan
Asalem,-1371,17582,18953,Gilan
Astaneh,-1833,77977,79810,Gilan
Lahijan,-1102,96257,97359,Gilan
Kuchesfahan,-2837,66930,69767,Gilan
Kiashahr,-9618,10373,19991,Gilan
Siahkal,-358,26771,27129,Gilan
Langarud,-178,69636,69814,Gilan
Rasht,-20731,116813,137544,Gilan
Sangar,5488,20708,15220,Gilan
Hasanrud,9395,9395,0,Gilan
Khalkhal,-49,2590,2639,Gilan
Punel,-746,24761,25507,Gilan
Ziabar,647,33800,33153,Gilan
Imamzadeh Hashem,-50216,95984,146200,Gilan
Rostamabad,-612,133588,134200,Gilan
Saravan,42408,116080,73672,Gilan
Shaqaji,0,0,0,Gilan
Rudbar,5058,101727,96669,Gilan
Fuman,24711,60986,36275,Gilan
Amlash,358,10274,9916,Gilan
Rudsar,-1709,57788,59497,Gilan
Kalan Kalaye,-7,3294,3301,Gilan
Kalachay,45,42158,42113,Gilan
Anzali,-853,37483,38336,Gilan
Khomam,-3352,62449,65801,Gilan
Rezvanshahr,565,10703,10138,Gilan
Pirbazar,1333,27184,25851,Gilan
Bazar Jomeh,0,0,0,Gilan
Someh Sara,0,0,0,Gilan
Masouleh,0,0,0,Gilan
Jirdeh,0,0,0,Gilan
Lakan,-288,7014,7302,Gilan
Deylaman,-199,2081,2280,Gilan
Ramsar,-653,62565,63218,Gilan
Chaboksar,-833,54615,55448,Gilan
Tonekabon,-341,55226,55567,Mazandaran
Manjil,6769,40357,33588,Gilan
Lowshan,-2066,2124,4190,Gilan
Gilvan,61,2281,2220,Gilan
Ghazvin,1790,1790,0,Gilan
Gilan Border,0,0,0,Gilan
Azadshahr,1108,39771,38663,Golestan
Khosh Yeylagh,-198,3236,3434,Golestan
Aliabad,-4709,83249,87958,Golestan
Minudasht,654,26250,25596,Golestan
Gonbad,320,49237,48917,Golestan
Shahroud,-96,4027,4123,Golestan
Gorgan,4982,94298,89316,Golestan
Galikesh,-102,13867,13969,Golestan
Aq Qala,-283,31335,31618,Golestan
Incheh Borun,-256,6612,6868,Golestan
Se-rah-e Kalaleh,-500,11838,12338,Golestan
Bandar Torkaman,502,14446,13944,Golestan
Marzpol,60,1311,1251,Golestan
Se-rah-e Yasaqi,-324,3811,4135,Golestan
Kordkuy,-1680,36062,37742,Mazandaran
Gomishan,-34,6263,6297,Golestan
Galugah,-378,46100,46478,Mazandaran
Tangrah,-71,12526,12597,Golestan
Golestan Forest,207,5057,4850,Golestan
Kalaleh,-2658,0,2658,Golestan
Maraveh Tappeh,2658,2658,0,Golestan
Behshahr,99,42449,42350,Mazandaran
Amol,-4382,93219,97601,Mazandaran
Babol,-14376,147631,162007,Mazandaran
Qaemshahr,10734,101594,90860,Mazandaran
Mahmudabad,1036,56843,55807,Mazandaran
Park Jangali,6355,38369,32014,Mazandaran
Babolsar,-3677,81957,85634,Mazandaran
Fereydunkenar,2950,71886,68936,Mazandaran
Kiyakala,-36,5281,5317,Mazandaran
Gatab,-154,19893,20047,Mazandaran
Juybar,-738,28440,29178,Mazandaran
Sari,7014,132252,125238,Mazandaran
Shirgah,-331,33396,33727,Mazandaran
Nur,1200,43844,42644,Mazandaran
Se-rah-e Sangchal,-5141,23452,28593,Mazandaran
Imamzadeh Hashem Tehran,2463,15457,12994,Mazandaran
Polur,1588,31550,29962,Mazandaran
Gazanak,-182,33413,33595,Mazandaran
Behnamir,-573,14607,15180,Mazandaran
Dabudsht,1006,8876,7870,Mazandaran
Bandar-e Amirabad,102,1335,1233,Mazandaran
Neka,-293,49522,49815,Mazandaran
Zagheh Marz,-169,1044,1213,Mazandaran
Abbasabad,1773,51717,49944,Mazandaran
Chalus,429,75811,75382,Mazandaran
Kalardasht,0,0,0,Mazandaran
Khazarabad,720,24941,24221,Mazandaran
Shakta,-2464,7970,10434,Mazandaran
Kiasar,-1592,9726,11318,Mazandaran
Doab,2935,28029,25094,Mazandaran
Marzanabad,-3282,55357,58639,Mazandaran
Makarud,-3879,20847,24726,Mazandaran
Nowshahr,-3963,57470,61433,Mazandaran
Kalarabad,0,0,0,Mazandaran
Semnan,-179,1745,1924,Mazandaran
Garmab,717,3545,2828,Mazandaran
Se-rah-e Baladeh,-465,36921,37386,Mazandaran
Shahzeyd,-1877,28449,30326,Mazandaran
Panjab,488,35955,35467,Mazandaran
Siah Bisheh,-1756,32343,34099,Mazandaran
Hazarcham,4508,23057,18549,Mazandaran
Kandovan,4327,18121,13794,Mazandaran
Sisangan,-1316,47905,49221,Mazandaran
Pol-e Sefid,1511,28894,27383,Mazandaran
Garzin Kheil,-2423,22740,25163,Mazandaran
Veresk,765,21423,20658,Mazandaran
Gaduk,2650,11608,8958,Mazandaran
