City,Net,Input,Output,Province
Astara,-293,18576,18869,Gilan
Aq Chay,-1601,7890,9491,Gilan
Talesh,1894,10979,9085,Gilan
Asalem,-2305,17723,20028,Gilan
Astaneh,-2379,70939,73318,Gilan
Lahijan,-2326,84635,86961,Gilan
Kuchesfahan,-1145,62229,63374,Gilan
Kiashahr,-8497,9888,18385,Gilan
Siahkal,-1847,24382,26229,Gilan
Langarud,-13733,45677,59410,Gilan
Rasht,-42247,98385,140632,Gilan
Sangar,13995,23248,9253,Gilan
Hasanrud,8185,8185,0,Gilan
Khalkhal,492,3841,3349,Gilan
Punel,-835,23941,24776,Gilan
Ziabar,-15,32637,32652,Gilan
Imamzadeh Hashem,-43254,68666,111920,Gilan
Rostamabad,906,113316,112410,Gilan
Saravan,11825,75485,63660,Gilan
Shaqaji,0,0,0,Gilan
Rudbar,31228,92918,61690,Gilan
Fuman,16514,54235,37721,Gilan
Amlash,-3,10060,10063,Gilan
Rudsar,10002,47732,37730,Gilan
Kalan Kalaye,-91,3746,3837,Gilan
Kalachay,382,34983,34601,Gilan
Anzali,-1082,34534,35616,Gilan
Khomam,-1277,56986,58263,Gilan
Rezvanshahr,1501,10744,9243,Gilan
Pirbazar,1498,27916,26418,Gilan
Bazar Jomeh,0,0,0,Gilan
Someh Sara,0,0,0,Gilan
Masouleh,0,0,0,Gilan
Jirdeh,0,0,0,Gilan
Lakan,592,7164,6572,Gilan
Deylaman,588,3303,2715,Gilan
Ramsar,1613,55546,53933,Gilan
Chaboksar,-712,48909,49621,Gilan
Tonekabon,-6286,38534,44820,Mazandaran
Manjil,24355,37935,13580,Gilan
Lowshan,-1826,1977,3803,Gilan
Gilvan,242,1969,1727,Gilan
Ghazvin,1801,1801,0,Gilan
Gilan Border,0,0,0,Gilan
Azadshahr,-19100,28417,47517,Golestan
Khosh Yeylagh,138,4060,3922,Golestan
Aliabad,13955,82340,68385,Golestan
Minudasht,8101,34016,25915,Golestan
Gonbad,-2388,46077,48465,Golestan
Shahroud,1432,6337,4905,Golestan
Gorgan,-2905,86531,89436,Golestan
Galikesh,553,12842,12289,Golestan
Aq Qala,-794,35336,36130,Golestan
Incheh Borun,514,11249,10735,Golestan
Se-rah-e Kalaleh,-1016,12265,13281,Golestan
Bandar Torkaman,997,19492,18495,Golestan
Marzpol,133,2291,2158,Golestan
Se-rah-e Yasaqi,-367,3452,3819,Golestan
Kordkuy,-3768,33855,37623,Mazandaran
Gomishan,13,5917,5904,Golestan
Galugah,3098,42884,39786,Mazandaran
Tangrah,554,13550,12996,Golestan
Golestan Forest,466,5131,4665,Golestan
Kalaleh,-2780,0,2780,Golestan
Maraveh Tappeh,2780,2780,0,Golestan
Behshahr,-1393,33635,35028,Mazandaran
Amol,-14747,101170,115917,Mazandaran
Babol,-9267,139346,148613,Mazandaran
Qaemshahr,-934,82235,83169,Mazandaran
Mahmudabad,236,72471,72235,Mazandaran
Park Jangali,5221,34918,29697,Mazandaran
Babolsar,27025,72767,45742,Mazandaran
Fereydunkenar,-27166,36118,63284,Mazandaran
Kiyakala,-37,4992,5029,Mazandaran
Gatab,-2772,17203,19975,Mazandaran
Juybar,-1318,23833,25151,Mazandaran
Sari,-3671,102906,106577,Mazandaran
Shirgah,-3767,29347,33114,Mazandaran
Nur,258,46147,45889,Mazandaran
Se-rah-e Sangchal,-3433,26240,29673,Mazandaran
Imamzadeh Hashem Tehran,11545,16583,5038,Mazandaran
Polur,1151,23142,21991,Mazandaran
Gazanak,65,23797,23732,Mazandaran
Behnamir,-1002,13728,14730,Mazandaran
Dabudsht,1371,8547,7176,Mazandaran
Bandar-e Amirabad,86,1204,1118,Mazandaran
Neka,1124,38624,37500,Mazandaran
Zagheh Marz,-178,1019,1197,Mazandaran
Abbasabad,785,45667,44882,Mazandaran
Chalus,-9584,61032,70616,Mazandaran
Kalardasht,0,0,0,Mazandaran
Khazarabad,791,16582,15791,Mazandaran
Shakta,4764,15297,10533,Mazandaran
Kiasar,4752,16662,11910,Mazandaran
Doab,-11325,15413,26738,Mazandaran
Marzanabad,13480,48116,34636,Mazandaran
Makarud,8693,20814,12121,Mazandaran
Nowshahr,-4500,41234,45734,Mazandaran
Kalarabad,0,0,0,Mazandaran
Semnan,312,2626,2314,Mazandaran
Garmab,-1936,3484,5420,Mazandaran
Se-rah-e Baladeh,429,29775,29346,Mazandaran
Shahzeyd,-758,29610,30368,Mazandaran
Panjab,2368,27379,25011,Mazandaran
Siah Bisheh,-2174,24618,26792,Mazandaran
Hazarcham,-7735,12887,20622,Mazandaran
Kandovan,17797,21793,3996,Mazandaran
Sisangan,-2822,41023,43845,Mazandaran
Pol-e Sefid,3807,26333,22526,Mazandaran
Garzin Kheil,-520,20550,21070,Mazandaran
Veresk,521,20495,19974,Mazandaran
Gaduk,8983,14116,5133,Mazandaran
