City,Net,Input,Output,Province
Astara,-1135,19326,20461,Gilan
Aq Chay,1537,8902,7365,Gilan
Talesh,-402,11559,11961,Gilan
Asalem,922,19061,18139,Gilan
Astaneh,1674,84951,83277,Gilan
Lahijan,18842,99019,80177,Gilan
Kuchesfahan,1383,75470,74087,Gilan
Kiashahr,-7445,10380,17825,Gilan
Siahkal,423,25892,25469,Gilan
Langarud,-17542,53431,70973,Gilan
Rasht,-18869,143185,162054,Gilan
Sangar,-6691,26603,33294,Gilan
Hasanrud,7351,7735,384,Gilan
Khalkhal,-45,3998,4043,Gilan
Punel,-558,28172,28730,Gilan
Ziabar,-969,21993,22962,Gilan
Imamzadeh Hashem,-3784,128485,132269,Gilan
Rostamabad,3508,119780,116272,Gilan
Saravan,14721,146008,131287,Gilan
Shaqaji,292,2395,2103,Gilan
Rudbar,-18181,86025,104206,Gilan
Fuman,44568,105590,61022,Gilan
Amlash,1174,12236,11062,Gilan
Rudsar,-1329,61448,62777,Gilan
Kalan Kalaye,-65,3836,3901,Gilan
Kalachay,1030,31546,30516,Gilan
Anzali,1255,41357,40102,Gilan
Khomam,-750,76997,77747,Gilan
Rezvanshahr,-631,9530,10161,Gilan
Pirbazar,1575,35401,33826,Gilan
Bazar Jomeh,1037,15726,14689,Gilan
Someh Sara,1447,10198,8751,Gilan
Masouleh,67,1774,1707,Gilan
Jirdeh,-7802,0,7802,Gilan
Lakan,-1491,8711,10202,Gilan
Deylaman,226,1697,1471,Gilan
Ramsar,4991,59852,54861,Gilan
Chaboksar,226,38751,38525,Gilan
Tonekabon,-1630,53004,54634,Mazandaran
Manjil,-16326,26608,42934,Gilan
Lowshan,-3157,3921,7078,Gilan
Gilvan,140,2606,2466,Gilan
Ghazvin,3250,3250,0,Gilan
Gilan Border,0,0,0,Gilan
Azadshahr,23196,63083,39887,Golestan
Khosh Yeylagh,-138,4568,4706,Golestan
Aliabad,-1394,168467,169861,Golestan
Minudasht,-46,48154,48200,Golestan
Gonbad,-21606,26481,48087,Golestan
Shahroud,-611,4235,4846,Golestan
Gorgan,2060,177835,175775,Golestan
Galikesh,846,18097,17251,Golestan
Aq Qala,-424,31423,31847,Golestan
Incheh Borun,-149,7494,7643,Golestan
Se-rah-e Kalaleh,1192,23255,22063,Golestan
Bandar Torkaman,2549,24381,21832,Golestan
Marzpol,4,1474,1470,Golestan
Se-rah-e Yasaqi,-2067,2685,4752,Golestan
Kordkuy,8887,96195,87308,Mazandaran
Gomishan,-443,7201,7644,Golestan
Galugah,-22508,86282,108790,Mazandaran
Tangrah,-1147,16468,17615,Golestan
Golestan Forest,421,7036,6615,Golestan
Kalaleh,-3803,6515,10318,Golestan
Maraveh Tappeh,3131,3131,0,Golestan
Behshahr,11943,50121,38178,Mazandaran
Amol,-11553,148511,160064,Mazandaran
Babol,8672,192908,184236,Mazandaran
Qaemshahr,14386,145671,131285,Mazandaran
Mahmudabad,27767,88100,60333,Mazandaran
Park Jangali,2137,38727,36590,Mazandaran
Babolsar,3495,53802,50307,Mazandaran
Fereydunkenar,-11075,20357,31432,Mazandaran
Kiyakala,-1122,5445,6567,Mazandaran
Gatab,51,21877,21826,Mazandaran
Juybar,9183,33107,23924,Mazandaran
Sari,-858,149311,150169,Mazandaran
Shirgah,1202,43519,42317,Mazandaran
Nur,-14772,32510,47282,Mazandaran
Se-rah-e Sangchal,-4018,29068,33086,Mazandaran
Imamzadeh Hashem Tehran,-7384,10484,17868,Mazandaran
Polur,-382,29019,29401,Mazandaran
Gazanak,-586,30145,30731,Mazandaran
Behnamir,-98,17218,17316,Mazandaran
Dabudsht,-109,8070,8179,Mazandaran
Bandar-e Amirabad,0,0,0,Mazandaran
Neka,7961,71062,63101,Mazandaran
Zagheh Marz,0,0,0,Mazandaran
Abbasabad,657,62773,62116,Mazandaran
Chalus,-2275,77862,80137,Mazandaran
Kalardasht,-150,2004,2154,Mazandaran
Khazarabad,-16761,12182,28943,Mazandaran
Shakta,-1190,9049,10239,Mazandaran
Kiasar,-297,9974,10271,Mazandaran
Doab,9792,28359,18567,Mazandaran
Marzanabad,-9075,34663,43738,Mazandaran
Makarud,-6832,5718,12550,Mazandaran
Nowshahr,-10555,20609,31164,Mazandaran
Kalarabad,5448,29272,23824,Mazandaran
Semnan,-554,1525,2079,Mazandaran
Garmab,329,3184,2855,Mazandaran
Se-rah-e Baladeh,1299,34196,32897,Mazandaran
Shahzeyd,1321,32201,30880,Mazandaran
Panjab,-405,31128,31533,Mazandaran
Siah Bisheh,-11219,7770,18989,Mazandaran
Hazarcham,5511,10006,4495,Mazandaran
Kandovan,5708,8983,3275,Mazandaran
Sisangan,10833,44547,33714,Mazandaran
Pol-e Sefid,-2261,33063,35324,Mazandaran
Garzin Kheil,-16781,11726,28507,Mazandaran
Veresk,16767,27190,10423,Mazandaran
Gaduk,-4937,10423,15360,Mazandaran
