City,Net,Input,Output,Province
Astara,-183,26956,27139,Gilan
Aq Chay,2369,12683,10314,Gilan
Talesh,-2186,14456,16642,Gilan
Asalem,-135,28379,28514,Gilan
Astaneh,1132,104155,103023,Gilan
Lahijan,-5695,123016,128711,Gilan
Kuchesfahan,1392,93113,91721,Gilan
Kiashahr,-11775,13899,25674,Gilan
Siahkal,1906,38236,36330,Gilan
Langarud,1674,94607,92933,Gilan
Rasht,-25951,160555,186506,Gilan
Sangar,1130,39904,38774,Gilan
Hasanrud,12388,14925,2537,Gilan
Khalkhal,-1374,6161,7535,Gilan
Punel,101,39743,39642,Gilan
Ziabar,2339,28880,26541,Gilan
Imamzadeh Hashem,-2292,181884,184176,Gilan
Rostamabad,-3592,168834,172426,Gilan
Saravan,3831,195792,191961,Gilan
Shaqaji,0,0,0,Gilan
Rudbar,-411,130849,131260,Gilan
Fuman,33954,134791,100837,Gilan
Amlash,936,13792,12856,Gilan
Rudsar,-2432,75407,77839,Gilan
Kalan Kalaye,40,4920,4880,Gilan
Kalachay,121,39293,39172,Gilan
Anzali,2278,61241,58963,Gilan
Khomam,-307,93800,94107,Gilan
Rezvanshahr,-944,14926,15870,Gilan
Pirbazar,1101,38367,37266,Gilan
Bazar Jomeh,533,20119,19586,Gilan
Someh Sara,-260,11635,11895,Gilan
Masouleh,23,6577,6554,Gilan
Jirdeh,-10970,0,10970,Gilan
Lakan,-1095,8988,10083,Gilan
Deylaman,113,4780,4667,Gilan
Ramsar,31667,81911,50244,Gilan
Chaboksar,4740,58863,54123,Gilan
Tonekabon,-35560,36816,72376,Mazandaran
Manjil,2143,46937,44794,Gilan
Lowshan,182,2873,2691,Gilan
Gilvan,262,2800,2538,Gilan
Ghazvin,0,0,0,Gilan
Gilan Border,0,0,0,Gilan
Azadshahr,0,0,0,Golestan
Khosh Yeylagh,0,0,0,Golestan
Aliabad,0,0,0,Golestan
Minudasht,0,0,0,Golestan
Gonbad,0,0,0,Golestan
Shahroud,0,0,0,Golestan
Gorgan,0,0,0,Golestan
Galikesh,0,0,0,Golestan
Aq Qala,0,0,0,Golestan
Incheh Borun,0,0,0,Golestan
Se-rah-e Kalaleh,0,0,0,Golestan
Bandar Torkaman,0,0,0,Golestan
Marzpol,0,0,0,Golestan
Se-rah-e Yasaqi,0,0,0,Golestan
Kordkuy,-5270,37548,42818,Mazandaran
Gomishan,0,0,0,Golestan
Galugah,-1009,62257,63266,Mazandaran
Tangrah,0,0,0,Golestan
Golestan Forest,0,0,0,Golestan
Kalaleh,0,0,0,Golestan
Maraveh Tappeh,0,0,0,Golestan
Behshahr,1223,52247,51024,Mazandaran
Amol,-33422,141742,175164,Mazandaran
Babol,20337,165492,145155,Mazandaran
Qaemshahr,8445,124444,115999,Mazandaran
Mahmudabad,34533,118541,84008,Mazandaran
Park Jangali,1206,47012,45806,Mazandaran
Babolsar,-9416,89661,99077,Mazandaran
Fereydunkenar,3763,85873,82110,Mazandaran
Kiyakala,0,0,0,Mazandaran
Gatab,0,0,0,Mazandaran
Juybar,2842,13969,11127,Mazandaran
Sari,19390,122303,102913,Mazandaran
Shirgah,-223,46940,47163,Mazandaran
Nur,-22198,46325,68523,Mazandaran
Se-rah-e Sangchal,-1594,45051,46645,Mazandaran
Imamzadeh Hashem Tehran,1876,16862,14986,Mazandaran
Polur,-950,35614,36564,Mazandaran
Gazanak,-1138,40397,41535,Mazandaran
Behnamir,-956,18155,19111,Mazandaran
Dabudsht,386,8952,8566,Mazandaran
Bandar-e Amirabad,0,0,0,Mazandaran
Neka,13635,69042,55407,Mazandaran
Zagheh Marz,0,0,0,Mazandaran
Abbasabad,-1103,83071,84174,Mazandaran
Chalus,-2317,90385,92702,Mazandaran
Kalardasht,50,6015,5965,Mazandaran
Khazarabad,-30757,0,30757,Mazandaran
Shakta,116,13931,13815,Mazandaran
Kiasar,332,14972,14640,Mazandaran
Doab,1036,31331,30295,Mazandaran
Marzanabad,32,54183,54151,Mazandaran
Makarud,-858,12369,13227,Mazandaran
Nowshahr,-17850,33676,51526,Mazandaran
Kalarabad,2324,18533,16209,Mazandaran
Semnan,-410,2329,2739,Mazandaran
Garmab,-40,4445,4485,Mazandaran
Se-rah-e Baladeh,2311,44888,42577,Mazandaran
Shahzeyd,-1137,45176,46313,Mazandaran
Panjab,-758,41362,42120,Mazandaran
Siah Bisheh,-17920,21572,39492,Mazandaran
Hazarcham,558,19434,18876,Mazandaran
Kandovan,17362,20058,2696,Mazandaran
Sisangan,18059,67500,49441,Mazandaran
Pol-e Sefid,-377,38824,39201,Mazandaran
Garzin Kheil,-2199,31610,33809,Mazandaran
Veresk,3253,32834,29581,Mazandaran
Gaduk,-2360,14387,16747,Mazandaran
