City,Net,Input,Output,Province
Astara,-1930,28974,30904,Gilan
Aq Chay,6748,16615,9867,Gilan
Talesh,-4818,14289,19107,Gilan
Asalem,-608,25832,26440,Gilan
Astaneh,-4548,101903,106451,Gilan
Lahijan,-12496,115566,128062,Gilan
Kuchesfahan,-184,99653,99837,Gilan
Kiashahr,-12873,10268,23141,Gilan
Siahkal,81,42264,42183,Gilan
Langarud,9667,97738,88071,Gilan
Rasht,-16551,163712,180263,Gilan
Sangar,4871,47911,43040,Gilan
Hasanrud,12460,13563,1103,Gilan
Khalkhal,-216,7165,7381,Gilan
Punel,-894,38535,39429,Gilan
Ziabar,2103,29743,27640,Gilan
Imamzadeh Hashem,-27844,191366,219210,Gilan
Rostamabad,9158,204520,195362,Gilan
Saravan,28097,224447,196350,Gilan
Shaqaji,0,0,0,Gilan
Rudbar,-24507,133678,158185,Gilan
Fuman,29539,148126,118587,Gilan
Amlash,513,13161,12648,Gilan
Rudsar,-1690,89122,90812,Gilan
Kalan Kalaye,-367,4792,5159,Gilan
Kalachay,1344,53635,52291,Gilan
Anzali,3084,58327,55243,Gilan
Khomam,-1555,91863,93418,Gilan
Rezvanshahr,-1796,10611,12407,Gilan
Pirbazar,728,37296,36568,Gilan
Bazar Jomeh,1057,19735,18678,Gilan
Someh Sara,-871,18731,19602,Gilan
Masouleh,-375,6007,6382,Gilan
Jirdeh,-11335,0,11335,Gilan
Lakan,-1040,7736,8776,Gilan
Deylaman,-123,3439,3562,Gilan
Ramsar,7047,115711,108664,Gilan
Chaboksar,1142,92473,91331,Gilan
Tonekabon,-11765,63947,75712,Mazandaran
Manjil,18189,56221,38032,Gilan
Lowshan,-3058,3370,6428,Gilan
Gilvan,361,3206,2845,Gilan
Ghazvin,2911,2911,0,Gilan
Gilan Border,0,0,0,Gilan
Azadshahr,0,0,0,Golestan
Khosh Yeylagh,0,0,0,Golestan
Aliabad,0,0,0,Golestan
Minudasht,0,0,0,Golestan
Gonbad,0,0,0,Golestan
Shahroud,0,0,0,Golestan
Gorgan,0,0,0,Golestan
Galikesh,0,0,0,Golestan
Aq Qala,0,0,0,Golestan
Incheh Borun,0,0,0,Golestan
Se-rah-e Kalaleh,0,0,0,Golestan
Bandar Torkaman,0,0,0,Golestan
Marzpol,0,0,0,Golestan
Se-rah-e Yasaqi,0,0,0,Golestan
Kordkuy,-9560,47012,56572,Mazandaran
Gomishan,0,0,0,Golestan
Galugah,1625,76772,75147,Mazandaran
Tangrah,0,0,0,Golestan
Golestan Forest,0,0,0,Golestan
Kalaleh,0,0,0,Golestan
Maraveh Tappeh,0,0,0,Golestan
Behshahr,875,56202,55327,Mazandaran
Amol,-30785,156904,187689,Mazandaran
Babol,5137,197358,192221,Mazandaran
Qaemshahr,39393,154208,114815,Mazandaran
Mahmudabad,54878,124212,69334,Mazandaran
Park Jangali,7831,49829,41998,Mazandaran
Babolsar,-2002,99116,101118,Mazandaran
Fereydunkenar,-10959,70061,81020,Mazandaran
Kiyakala,43,1188,1145,Mazandaran
Gatab,52,20339,20287,Mazandaran
Juybar,4102,7860,3758,Mazandaran
Sari,-19889,107427,127316,Mazandaran
Shirgah,-3049,59976,63025,Mazandaran
Nur,-23829,58819,82648,Mazandaran
Se-rah-e Sangchal,-8715,38704,47419,Mazandaran
Imamzadeh Hashem Tehran,199,17814,17615,Mazandaran
Polur,-2037,37150,39187,Mazandaran
Gazanak,1220,41608,40388,Mazandaran
Behnamir,-384,19853,20237,Mazandaran
Dabudsht,802,8520,7718,Mazandaran
Bandar-e Amirabad,0,0,0,Mazandaran
Neka,5915,73076,67161,Mazandaran
Zagheh Marz,0,0,0,Mazandaran
Abbasabad,-2040,79867,81907,Mazandaran
Chalus,761,104528,103767,Mazandaran
Kalardasht,582,5155,4573,Mazandaran
Khazarabad,-16189,13277,29466,Mazandaran
Shakta,-1640,13711,15351,Mazandaran
Kiasar,-2170,14765,16935,Mazandaran
Doab,-4824,16667,21491,Mazandaran
Marzanabad,4230,35839,31609,Mazandaran
Makarud,7083,11791,4708,Mazandaran
Nowshahr,-22415,39766,62181,Mazandaran
Kalarabad,-1649,30051,31700,Mazandaran
Semnan,309,1967,1658,Mazandaran
Garmab,707,5362,4655,Mazandaran
Se-rah-e Baladeh,-455,43686,44141,Mazandaran
Shahzeyd,-152,45347,45499,Mazandaran
Panjab,4755,45868,41113,Mazandaran
Siah Bisheh,-2013,13452,15465,Mazandaran
Hazarcham,-7065,5041,12106,Mazandaran
Kandovan,9078,10424,1346,Mazandaran
Sisangan,23720,85464,61744,Mazandaran
Pol-e Sefid,-2482,54231,56713,Mazandaran
Garzin Kheil,-621,49160,49781,Mazandaran
Veresk,2992,48377,45385,Mazandaran
Gaduk,979,22944,21965,Mazandaran
