City,Net,Input,Output,Province
Astara,2199,23188,20989,Gilan
Aq Chay,-2948,8218,11166,Gilan
Talesh,749,12771,12022,Gilan
Asalem,2501,19772,17271,Gilan
Astaneh,5760,78237,72477,Gilan
Lahijan,-254,97685,97939,Gilan
Kuchesfahan,3985,71446,67461,Gilan
Kiashahr,-6416,10431,16847,Gilan
Siahkal,2507,34302,31795,Gilan
Langarud,5915,73821,67906,Gilan
Rasht,-21006,124729,145735,Gilan
Sangar,-18374,25892,44266,Gilan
Hasanrud,5694,17707,12013,Gilan
Khalkhal,564,4775,4211,Gilan
Punel,1308,29559,28251,Gilan
Ziabar,-3220,19689,22909,Gilan
Imamzadeh Hashem,-32945,172887,205832,Gilan
Rostamabad,14444,169244,154800,Gilan
Saravan,47692,215346,167654,Gilan
Shaqaji,99,166,67,Gilan
Rudbar,-61453,89612,151065,Gilan
Fuman,69085,135492,66407,Gilan
Amlash,1739,12160,10421,Gilan
Rudsar,-372,61073,61445,Gilan
Kalan Kalaye,-102,4427,4529,Gilan
Kalachay,1956,45846,43890,Gilan
Anzali,5111,48179,43068,Gilan
Khomam,-201,66561,66762,Gilan
Rezvanshahr,410,5373,4963,Gilan
Pirbazar,1547,30379,28832,Gilan
Bazar Jomeh,593,13669,13076,Gilan
Someh Sara,8088,19695,11607,Gilan
Masouleh,359,2515,2156,Gilan
Jirdeh,-9527,0,9527,Gilan
Lakan,-626,5520,6146,Gilan
Deylaman,883,2280,1397,Gilan
Ramsar,1964,97985,96021,Gilan
Chaboksar,5825,94043,88218,Gilan
Tonekabon,1308,53464,52156,Mazandaran
Manjil,-25390,26898,52288,Gilan
Lowshan,-4142,2292,6434,Gilan
Gilvan,651,3526,2875,Gilan
Ghazvin,1926,1926,0,Gilan
Gilan Border,0,0,0,Gilan
Azadshahr,20514,65080,44566,Golestan
Khosh Yeylagh,-36,4997,5033,Golestan
Aliabad,8225,167495,159270,Golestan
Minudasht,-2654,45687,48341,Golestan
Gonbad,-16168,34453,50621,Golestan
Shahroud,-797,4808,5605,Golestan
Gorgan,-8745,159650,168395,Golestan
Galikesh,1437,18748,17311,Golestan
Aq Qala,-1036,40106,41142,Golestan
Incheh Borun,193,9067,8874,Golestan
Se-rah-e Kalaleh,-784,30788,31572,Golestan
Bandar Torkaman,4597,24307,19710,Golestan
Marzpol,-8,2286,2294,Golestan
Se-rah-e Yasaqi,-4169,38,4207,Golestan
Kordkuy,13415,81313,67898,Mazandaran
Gomishan,73,7146,7073,Golestan
Galugah,-24100,71429,95529,Mazandaran
Tangrah,1427,27592,26165,Golestan
Golestan Forest,-993,11124,12117,Golestan
Kalaleh,-2598,11115,13713,Golestan
Maraveh Tappeh,3191,3191,0,Golestan
Behshahr,11858,50900,39042,Mazandaran
Amol,-14915,121490,136405,Mazandaran
Babol,11204,159893,148689,Mazandaran
Qaemshahr,10181,121585,111404,Mazandaran
Mahmudabad,36320,88191,51871,Mazandaran
Park Jangali,3219,39127,35908,Mazandaran
Babolsar,3962,72261,68299,Mazandaran
Fereydunkenar,-7425,46765,54190,Mazandaran
Kiyakala,-362,4651,5013,Mazandaran
Gatab,2661,20856,18195,Mazandaran
Juybar,-5119,6333,11452,Mazandaran
Sari,6968,118964,111996,Mazandaran
Shirgah,3316,48474,45158,Mazandaran
Nur,-12526,39855,52381,Mazandaran
Se-rah-e Sangchal,-629,37890,38519,Mazandaran
Imamzadeh Hashem Tehran,-11748,7947,19695,Mazandaran
Polur,-2072,30322,32394,Mazandaran
Gazanak,-2067,34840,36907,Mazandaran
Behnamir,-1582,15280,16862,Mazandaran
Dabudsht,-1085,7011,8096,Mazandaran
Bandar-e Amirabad,0,0,0,Mazandaran
Neka,7809,63838,56029,Mazandaran
Zagheh Marz,0,0,0,Mazandaran
Abbasabad,2124,62551,60427,Mazandaran
Chalus,1328,89603,88275,Mazandaran
Kalardasht,-411,2529,2940,Mazandaran
Khazarabad,-12102,11416,23518,Mazandaran
Shakta,1559,12245,10686,Mazandaran
Kiasar,172,14693,14521,Mazandaran
Doab,22543,35578,13035,Mazandaran
Marzanabad,-18297,44318,62615,Mazandaran
Makarud,-25284,3889,29173,Mazandaran
Nowshahr,-7162,36493,43655,Mazandaran
Kalarabad,8405,20880,12475,Mazandaran
Semnan,-1548,2155,3703,Mazandaran
Garmab,110,4358,4248,Mazandaran
Se-rah-e Baladeh,1257,39569,38312,Mazandaran
Shahzeyd,-1578,38783,40361,Mazandaran
Panjab,-215,37200,37415,Mazandaran
Siah Bisheh,-17917,14081,31998,Mazandaran
Hazarcham,24240,28105,3865,Mazandaran
Kandovan,-6323,3893,10216,Mazandaran
Sisangan,8986,49855,40869,Mazandaran
Pol-e Sefid,-590,39549,40139,Mazandaran
Garzin Kheil,-925,34387,35312,Mazandaran
Veresk,1414,34437,33023,Mazandaran
Gaduk,-16624,8222,24846,Mazandaran
