City,Net,Input,Output,Province
Astara,-1481,26579,28060,Gilan
Aq Chay,4466,14513,10047,Gilan
Talesh,-2985,13547,16532,Gilan
Asalem,421,27473,27052,Gilan
Astaneh,4387,102937,98550,Gilan
Lahijan,-9059,115762,124821,Gilan
Kuchesfahan,1379,88733,87354,Gilan
Kiashahr,-11424,11990,23414,Gilan
Siahkal,787,37400,36613,Gilan
Langarud,2743,91180,88437,Gilan
Rasht,-20960,148946,169906,Gilan
Sangar,-185,38373,38558,Gilan
Hasanrud,11591,12503,912,Gilan
Khalkhal,-329,4204,4533,Gilan
Punel,-689,36671,37360,Gilan
Ziabar,1413,27381,25968,Gilan
Imamzadeh Hashem,658,188506,187848,Gilan
Rostamabad,-6864,168124,174988,Gilan
Saravan,1904,201566,199662,Gilan
Shaqaji,0,0,0,Gilan
Rudbar,-3246,130524,133770,Gilan
Fuman,37655,143803,106148,Gilan
Amlash,957,13757,12800,Gilan
Rudsar,-2204,80177,82381,Gilan
Kalan Kalaye,-99,4804,4903,Gilan
Kalachay,452,50247,49795,Gilan
Anzali,3148,57154,54006,Gilan
Khomam,-1193,84498,85691,Gilan
Rezvanshahr,-783,12962,13745,Gilan
Pirbazar,920,36720,35800,Gilan
Bazar Jomeh,325,19497,19172,Gilan
Someh Sara,941,17883,16942,Gilan
Masouleh,126,5730,5604,Gilan
Jirdeh,-10710,0,10710,Gilan
Lakan,-1059,8694,9753,Gilan
Deylaman,202,3993,3791,Gilan
Ramsar,30480,91706,61226,Gilan
Chaboksar,5381,76756,71375,Gilan
Tonekabon,-35084,36141,71225,Mazandaran
Manjil,-1172,46930,48102,Gilan
Lowshan,-306,3042,3348,Gilan
Gilvan,401,2810,2409,Gilan
Ghazvin,251,251,0,Gilan
Gilan Border,0,0,0,Gilan
Azadshahr,0,0,0,Golestan
Khosh Yeylagh,0,0,0,Golestan
Aliabad,0,0,0,Golestan
Minudasht,0,0,0,Golestan
Gonbad,0,0,0,Golestan
Shahroud,0,0,0,Golestan
Gorgan,0,0,0,Golestan
Galikesh,0,0,0,Golestan
Aq Qala,0,0,0,Golestan
Incheh Borun,0,0,0,Golestan
Se-rah-e Kalaleh,0,0,0,Golestan
Bandar Torkaman,0,0,0,Golestan
Marzpol,0,0,0,Golestan
Se-rah-e Yasaqi,0,0,0,Golestan
Kordkuy,-5666,41150,46816,Mazandaran
Gomishan,0,0,0,Golestan
Galugah,4642,70307,65665,Mazandaran
Tangrah,0,0,0,Golestan
Golestan Forest,0,0,0,Golestan
Kalaleh,0,0,0,Golestan
Maraveh Tappeh,0,0,0,Golestan
Behshahr,-3953,50603,54556,Mazandaran
Amol,-20317,151515,171832,Mazandaran
Babol,8411,167251,158840,Mazandaran
Qaemshahr,30775,138703,107928,Mazandaran
Mahmudabad,38484,115993,77509,Mazandaran
Park Jangali,2116,46378,44262,Mazandaran
Babolsar,1958,94417,92459,Mazandaran
Fereydunkenar,-5865,73291,79156,Mazandaran
Kiyakala,0,0,0,Mazandaran
Gatab,157,1097,940,Mazandaran
Juybar,-5320,8010,13330,Mazandaran
Sari,5543,116071,110528,Mazandaran
Shirgah,1905,49128,47223,Mazandaran
Nur,-22578,45808,68386,Mazandaran
Se-rah-e Sangchal,-1804,43015,44819,Mazandaran
Imamzadeh Hashem Tehran,-1356,14965,16321,Mazandaran
Polur,77,35931,35854,Mazandaran
Gazanak,-1029,40180,41209,Mazandaran
Behnamir,-4341,13135,17476,Mazandaran
Dabudsht,368,8550,8182,Mazandaran
Bandar-e Amirabad,0,0,0,Mazandaran
Neka,8372,68331,59959,Mazandaran
Zagheh Marz,0,0,0,Mazandaran
Abbasabad,-589,81195,81784,Mazandaran
Chalus,-4951,97748,102699,Mazandaran
Kalardasht,209,5366,5157,Mazandaran
Khazarabad,-26694,2508,29202,Mazandaran
Shakta,-1817,11083,12900,Mazandaran
Kiasar,-1792,11974,13766,Mazandaran
Doab,1072,28328,27256,Mazandaran
Marzanabad,-544,58862,59406,Mazandaran
Makarud,-104,17834,17938,Mazandaran
Nowshahr,-18171,35176,53347,Mazandaran
Kalarabad,4097,24622,20525,Mazandaran
Semnan,190,1869,1679,Mazandaran
Garmab,538,4259,3721,Mazandaran
Se-rah-e Baladeh,-722,41777,42499,Mazandaran
Shahzeyd,-512,44163,44675,Mazandaran
Panjab,1577,41337,39760,Mazandaran
Siah Bisheh,-15646,23973,39619,Mazandaran
Hazarcham,-691,19905,20596,Mazandaran
Kandovan,16337,19714,3377,Mazandaran
Sisangan,20105,68202,48097,Mazandaran
Pol-e Sefid,-1366,39510,40876,Mazandaran
Garzin Kheil,-1328,33129,34457,Mazandaran
Veresk,2529,33739,31210,Mazandaran
Gaduk,-3462,14257,17719,Mazandaran
