City,Net,Input,Output,Province
Astara,2189,8720,6531,Gilan
Aq Chay,64,734,670,Gilan
Talesh,-2253,5797,8050,Gilan
Asalem,-5257,9970,15227,Gilan
Astaneh,8829,46789,37960,Gilan
Lahijan,-12005,65425,77430,Gilan
Kuchesfahan,-4910,40903,45813,Gilan
Kiashahr,-8426,4695,13121,Gilan
Siahkal,-2173,19750,21923,Gilan
Langarud,4608,57140,52532,Gilan
Rasht,-8760,89824,98584,Gilan
Sangar,11440,21440,10000,Gilan
Hasanrud,4188,9365,5177,Gilan
Khalkhal,-222,2628,2850,Gilan
Punel,1970,18640,16670,Gilan
Ziabar,1552,11032,9480,Gilan
Imamzadeh Hashem,-23638,113506,137144,Gilan
Rostamabad,5500,133430,127930,Gilan
Saravan,-5665,95137,100802,Gilan
Shaqaji,0,0,0,Gilan
Rudbar,19519,108135,88616,Gilan
Fuman,4056,44362,40306,Gilan
Amlash,2491,6288,3797,Gilan
Rudsar,-11180,35315,46495,Gilan
Kalan Kalaye,-806,1508,2314,Gilan
Kalachay,3066,17942,14876,Gilan
Anzali,-6674,36474,43148,Gilan
Khomam,-277,59051,59328,Gilan
Rezvanshahr,2222,7792,5570,Gilan
Pirbazar,3306,16395,13089,Gilan
Bazar Jomeh,3755,10448,6693,Gilan
Someh Sara,-332,1895,2227,Gilan
Masouleh,400,2549,2149,Gilan
Jirdeh,-1570,0,1570,Gilan
Lakan,721,2958,2237,Gilan
Deylaman,465,1450,985,Gilan
Ramsar,26710,38440,11730,Gilan
Chaboksar,2176,14446,12270,Gilan
Tonekabon,-29815,20011,49826,Mazandaran
Manjil,13316,37325,24009,Gilan
Lowshan,-1713,1188,2901,Gilan
Gilvan,563,1350,787,Gilan
Ghazvin,1599,1599,0,Gilan
Gilan Border,0,0,0,Gilan
Azadshahr,0,0,0,Golestan
Khosh Yeylagh,0,0,0,Golestan
Aliabad,0,0,0,Golestan
Minudasht,0,0,0,Golestan
Gonbad,0,0,0,Golestan
Shahroud,0,0,0,Golestan
Gorgan,0,0,0,Golestan
Galikesh,0,0,0,Golestan
Aq Qala,0,0,0,Golestan
Incheh Borun,0,0,0,Golestan
Se-rah-e Kalaleh,0,0,0,Golestan
Bandar Torkaman,0,0,0,Golestan
Marzpol,0,0,0,Golestan
Se-rah-e Yasaqi,0,0,0,Golestan
Kordkuy,-5428,41908,47336,Mazandaran
Gomishan,0,0,0,Golestan
Galugah,5666,70375,64709,Mazandaran
Tangrah,0,0,0,Golestan
Golestan Forest,0,0,0,Golestan
Kalaleh,0,0,0,Golestan
Maraveh Tappeh,0,0,0,Golestan
Behshahr,-5033,46824,51857,Mazandaran
Amol,-23622,115637,139259,Mazandaran
Babol,3025,142766,139741,Mazandaran
Qaemshahr,37184,130095,92911,Mazandaran
Mahmudabad,28417,100245,71828,Mazandaran
Park Jangali,-6191,23681,29872,Mazandaran
Babolsar,-5963,78976,84939,Mazandaran
Fereydunkenar,4839,71985,67146,Mazandaran
Kiyakala,-877,3785,4662,Mazandaran
Gatab,0,0,0,Mazandaran
Juybar,80,16939,16859,Mazandaran
Sari,-32418,103685,136103,Mazandaran
Shirgah,-2231,43774,46005,Mazandaran
Nur,-26868,35975,62843,Mazandaran
Se-rah-e Sangchal,-132,25659,25791,Mazandaran
Imamzadeh Hashem Tehran,11702,18305,6603,Mazandaran
Polur,2877,33826,30949,Mazandaran
Gazanak,-8658,28415,37073,Mazandaran
Behnamir,-595,15394,15989,Mazandaran
Dabudsht,1356,8268,6912,Mazandaran
Bandar-e Amirabad,0,0,0,Mazandaran
Neka,6254,60855,54601,Mazandaran
Zagheh Marz,0,0,0,Mazandaran
Abbasabad,-7079,53109,60188,Mazandaran
Chalus,12016,74773,62757,Mazandaran
Kalardasht,1842,3255,1413,Mazandaran
Khazarabad,557,24370,23813,Mazandaran
Shakta,-627,13255,13882,Mazandaran
Kiasar,401,17508,17107,Mazandaran
Doab,-13760,10007,23767,Mazandaran
Marzanabad,14341,29197,14856,Mazandaran
Makarud,3309,5334,2025,Mazandaran
Nowshahr,-15441,18216,33657,Mazandaran
Kalarabad,-9654,21677,31331,Mazandaran
Semnan,236,3267,3031,Mazandaran
Garmab,-85,4862,4947,Mazandaran
Se-rah-e Baladeh,9697,24634,14937,Mazandaran
Shahzeyd,-2894,29750,32644,Mazandaran
Panjab,-3243,14401,17644,Mazandaran
Siah Bisheh,-1222,5822,7044,Mazandaran
Hazarcham,-2249,2121,4370,Mazandaran
Kandovan,3471,4923,1452,Mazandaran
Sisangan,18822,54004,35182,Mazandaran
Pol-e Sefid,-2296,38730,41026,Mazandaran
Garzin Kheil,-2624,35364,37988,Mazandaran
Veresk,4500,36963,32463,Mazandaran
Gaduk,9569,21485,11916,Mazandaran
