City,Net,Input,Output,Province
Astara,-1242,14068,15310,Gilan
Aq Chay,806,5537,4731,Gilan
Talesh,436,9773,9337,Gilan
Asalem,-518,15212,15730,Gilan
Astaneh,295,75746,75451,Gilan
Lahijan,-775,89101,89876,Gilan
Kuchesfahan,1345,66645,65300,Gilan
Kiashahr,-6838,8427,15265,Gilan
Siahkal,-386,20382,20768,Gilan
Langarud,564,63301,62737,Gilan
Rasht,-28667,128203,156870,Gilan
Sangar,2025,26415,24390,Gilan
Hasanrud,6597,22554,15957,Gilan
Khalkhal,128,4691,4563,Gilan
Punel,-565,24402,24967,Gilan
Ziabar,1475,20548,19073,Gilan
Imamzadeh Hashem,5890,150572,144682,Gilan
Rostamabad,-1594,88458,90052,Gilan
Saravan,-6182,160575,166757,Gilan
Shaqaji,0,0,0,Gilan
Rudbar,7111,74362,67251,Gilan
Fuman,24906,98466,73560,Gilan
Amlash,892,10134,9242,Gilan
Rudsar,-1938,50876,52814,Gilan
Kalan Kalaye,89,3534,3445,Gilan
Kalachay,827,36211,35384,Gilan
Anzali,2195,57209,55014,Gilan
Khomam,914,75608,74694,Gilan
Rezvanshahr,-331,8520,8851,Gilan
Pirbazar,1550,32619,31069,Gilan
Bazar Jomeh,429,16309,15880,Gilan
Someh Sara,-1865,10938,12803,Gilan
Masouleh,218,2321,2103,Gilan
Jirdeh,-10769,0,10769,Gilan
Lakan,-540,9058,9598,Gilan
Deylaman,380,1751,1371,Gilan
Ramsar,3206,87926,84720,Gilan
Chaboksar,2371,80723,78352,Gilan
Tonekabon,-6303,43117,49420,Mazandaran
Manjil,3102,29345,26243,Gilan
Lowshan,-6105,17891,23996,Gilan
Gilvan,-47,1774,1821,Gilan
Ghazvin,-13266,1624,14890,Gilan
Gilan Border,19469,19469,0,Gilan
Azadshahr,0,0,0,Golestan
Khosh Yeylagh,0,0,0,Golestan
Aliabad,0,0,0,Golestan
Minudasht,0,0,0,Golestan
Gonbad,0,0,0,Golestan
Shahroud,0,0,0,Golestan
Gorgan,0,0,0,Golestan
Galikesh,0,0,0,Golestan
Aq Qala,0,0,0,Golestan
Incheh Borun,0,0,0,Golestan
Se-rah-e Kalaleh,0,0,0,Golestan
Bandar Torkaman,0,0,0,Golestan
Marzpol,0,0,0,Golestan
Se-rah-e Yasaqi,0,0,0,Golestan
Kordkuy,-4108,27438,31546,Mazandaran
Gomishan,0,0,0,Golestan
Galugah,3004,48702,45698,Mazandaran
Tangrah,0,0,0,Golestan
Golestan Forest,0,0,0,Golestan
Kalaleh,0,0,0,Golestan
Maraveh Tappeh,0,0,0,Golestan
Behshahr,-1951,39131,41082,Mazandaran
Amol,-26396,114268,140664,Mazandaran
Babol,9435,153895,144460,Mazandaran
Qaemshahr,26371,124030,97659,Mazandaran
Mahmudabad,37113,75209,38096,Mazandaran
Park Jangali,1325,32065,30740,Mazandaran
Babolsar,1635,63639,62004,Mazandaran
Fereydunkenar,-14281,42431,56712,Mazandaran
Kiyakala,-1422,4603,6025,Mazandaran
Gatab,0,0,0,Mazandaran
Juybar,-1845,18906,20751,Mazandaran
Sari,-34763,110726,145489,Mazandaran
Shirgah,378,33494,33116,Mazandaran
Nur,-12033,30130,42163,Mazandaran
Se-rah-e Sangchal,-1376,27812,29188,Mazandaran
Imamzadeh Hashem Tehran,704,10656,9952,Mazandaran
Polur,803,21002,20199,Mazandaran
Gazanak,-211,20898,21109,Mazandaran
Behnamir,0,0,0,Mazandaran
Dabudsht,78,7977,7899,Mazandaran
Bandar-e Amirabad,0,0,0,Mazandaran
Neka,5899,56654,50755,Mazandaran
Zagheh Marz,0,0,0,Mazandaran
Abbasabad,-512,54077,54589,Mazandaran
Chalus,-328,84294,84622,Mazandaran
Kalardasht,190,2665,2475,Mazandaran
Khazarabad,2459,29903,27444,Mazandaran
Shakta,5215,15470,10255,Mazandaran
Kiasar,3842,11954,8112,Mazandaran
Doab,-850,19268,20118,Mazandaran
Marzanabad,3406,42477,39071,Mazandaran
Makarud,674,11624,10950,Mazandaran
Nowshahr,-260,41188,41448,Mazandaran
Kalarabad,304,19007,18703,Mazandaran
Semnan,-90,1410,1500,Mazandaran
Garmab,-1678,2398,4076,Mazandaran
Se-rah-e Baladeh,-8586,14570,23156,Mazandaran
Shahzeyd,-1056,26559,27615,Mazandaran
Panjab,10592,21947,11355,Mazandaran
Siah Bisheh,-8805,13365,22170,Mazandaran
Hazarcham,-476,10462,10938,Mazandaran
Kandovan,9281,11708,2427,Mazandaran
Sisangan,-2354,39145,41499,Mazandaran
Pol-e Sefid,-68,23904,23972,Mazandaran
Garzin Kheil,-574,17334,17908,Mazandaran
Veresk,1305,17579,16274,Mazandaran
Gaduk,721,8771,8050,Mazandaran
