City,Net,Input,Output,Province
Astara,-192,16972,17164,Gilan
Aq Chay,317,4898,4581,Gilan
Talesh,-125,12266,12391,Gilan
Asalem,1222,19380,18158,Gilan
Astaneh,3401,79132,75731,Gilan
Lahijan,-1503,101533,103036,Gilan
Kuchesfahan,2627,72612,69985,Gilan
Kiashahr,-7128,10488,17616,Gilan
Siahkal,257,27111,26854,Gilan
Langarud,4016,77658,73642,Gilan
Rasht,-19095,137942,157037,Gilan
Sangar,-9503,27625,37128,Gilan
Hasanrud,4857,12794,7937,Gilan
Khalkhal,223,4119,3896,Gilan
Punel,802,29322,28520,Gilan
Ziabar,-2172,20727,22899,Gilan
Imamzadeh Hashem,-6905,138481,145386,Gilan
Rostamabad,8746,136698,127952,Gilan
Saravan,18300,158621,140321,Gilan
Shaqaji,1279,4052,2773,Gilan
Rudbar,-31055,91866,122921,Gilan
Fuman,54276,122955,68679,Gilan
Amlash,1802,12260,10458,Gilan
Rudsar,-2302,63250,65552,Gilan
Kalan Kalaye,-178,3923,4101,Gilan
Kalachay,2279,44507,42228,Gilan
Anzali,4165,48732,44567,Gilan
Khomam,172,74022,73850,Gilan
Rezvanshahr,84,7886,7802,Gilan
Pirbazar,1949,34543,32594,Gilan
Bazar Jomeh,1085,15152,14067,Gilan
Someh Sara,3918,16806,12888,Gilan
Masouleh,174,1959,1785,Gilan
Jirdeh,-10283,0,10283,Gilan
Lakan,-1592,7258,8850,Gilan
Deylaman,497,1921,1424,Gilan
Ramsar,1637,100551,98914,Gilan
Chaboksar,4460,92400,87940,Gilan
Tonekabon,520,54136,53616,Mazandaran
Manjil,-25475,26898,52373,Gilan
Lowshan,-1185,3419,4604,Gilan
Gilvan,119,2558,2439,Gilan
Ghazvin,1150,1150,0,Gilan
Gilan Border,0,0,0,Gilan
Azadshahr,21510,65380,43870,Golestan
Khosh Yeylagh,40,4756,4716,Golestan
Aliabad,8232,178529,170297,Golestan
Minudasht,-437,50867,51304,Golestan
Gonbad,-17010,39825,56835,Golestan
Shahroud,-798,4658,5456,Golestan
Gorgan,-10120,174569,184689,Golestan
Galikesh,1009,18915,17906,Golestan
Aq Qala,-1480,42220,43700,Golestan
Incheh Borun,143,8548,8405,Golestan
Se-rah-e Kalaleh,1257,32877,31620,Golestan
Bandar Torkaman,5107,25355,20248,Golestan
Marzpol,-4,1732,1736,Golestan
Se-rah-e Yasaqi,-4406,380,4786,Golestan
Kordkuy,20645,114151,93506,Mazandaran
Gomishan,-288,7427,7715,Golestan
Galugah,-30146,96835,126981,Mazandaran
Tangrah,-2130,21486,23616,Golestan
Golestan Forest,680,9920,9240,Golestan
Kalaleh,-2960,13307,16267,Golestan
Maraveh Tappeh,3372,3372,0,Golestan
Behshahr,11839,54480,42641,Mazandaran
Amol,-17878,138529,156407,Mazandaran
Babol,10699,187577,176878,Mazandaran
Qaemshahr,18257,144572,126315,Mazandaran
Mahmudabad,35874,92975,57101,Mazandaran
Park Jangali,671,36281,35610,Mazandaran
Babolsar,5680,53902,48222,Mazandaran
Fereydunkenar,-11931,21234,33165,Mazandaran
Kiyakala,-1018,5245,6263,Mazandaran
Gatab,892,21500,20608,Mazandaran
Juybar,-1613,18452,20065,Mazandaran
Sari,2042,138180,136138,Mazandaran
Shirgah,3897,49874,45977,Mazandaran
Nur,-13575,36759,50334,Mazandaran
Se-rah-e Sangchal,-450,34276,34726,Mazandaran
Imamzadeh Hashem Tehran,-8361,9347,17708,Mazandaran
Polur,-3560,29727,33287,Mazandaran
Gazanak,30,34505,34475,Mazandaran
Behnamir,-804,16650,17454,Mazandaran
Dabudsht,-631,7920,8551,Mazandaran
Bandar-e Amirabad,0,0,0,Mazandaran
Neka,7369,73083,65714,Mazandaran
Zagheh Marz,0,0,0,Mazandaran
Abbasabad,338,63611,63273,Mazandaran
Chalus,-623,93533,94156,Mazandaran
Kalardasht,-177,2198,2375,Mazandaran
Khazarabad,-15241,11988,27229,Mazandaran
Shakta,860,10903,10043,Mazandaran
Kiasar,-127,12529,12656,Mazandaran
Doab,15992,30617,14625,Mazandaran
Marzanabad,-13535,39924,53459,Mazandaran
Makarud,-16052,5071,21123,Mazandaran
Nowshahr,-6768,32541,39309,Mazandaran
Kalarabad,7160,30528,23368,Mazandaran
Semnan,-880,1986,2866,Mazandaran
Garmab,237,3752,3515,Mazandaran
Se-rah-e Baladeh,1815,35541,33726,Mazandaran
Shahzeyd,-1488,35220,36708,Mazandaran
Panjab,714,33440,32726,Mazandaran
Siah Bisheh,-15120,7211,22331,Mazandaran
Hazarcham,13217,17100,3883,Mazandaran
Kandovan,1903,5231,3328,Mazandaran
Sisangan,6673,45850,39177,Mazandaran
Pol-e Sefid,-2341,38537,40878,Mazandaran
Garzin Kheil,-7441,26462,33903,Mazandaran
Veresk,8156,33170,25014,Mazandaran
Gaduk,-12558,9574,22132,Mazandaran
