City,Net,Input,Output,Province
Astara,26,24082,24056,Gilan
Aq Chay,-4044,8623,12667,Gilan
Talesh,4018,15433,11415,Gilan
Asalem,-307,18753,19060,Gilan
Astaneh,4584,75952,71368,Gilan
Lahijan,-904,93028,93932,Gilan
Kuchesfahan,3548,70294,66746,Gilan
Kiashahr,-7381,8843,16224,Gilan
Siahkal,2016,29493,27477,Gilan
Langarud,6462,68929,62467,Gilan
Rasht,-26017,113322,139339,Gilan
Sangar,-15421,20910,36331,Gilan
Hasanrud,7657,14514,6857,Gilan
Khalkhal,-195,4931,5126,Gilan
Punel,1953,28888,26935,Gilan
Ziabar,145,19967,19822,Gilan
Imamzadeh Hashem,-35194,167619,202813,Gilan
Rostamabad,14068,157464,143396,Gilan
Saravan,54113,209826,155713,Gilan
Shaqaji,1178,2619,1441,Gilan
Rudbar,-58027,81590,139617,Gilan
Fuman,66843,130150,63307,Gilan
Amlash,1497,11112,9615,Gilan
Rudsar,-1193,53048,54241,Gilan
Kalan Kalaye,21,3957,3936,Gilan
Kalachay,2725,43891,41166,Gilan
Anzali,3157,51450,48293,Gilan
Khomam,1655,67309,65654,Gilan
Rezvanshahr,882,13137,12255,Gilan
Pirbazar,999,26875,25876,Gilan
Bazar Jomeh,70,13720,13650,Gilan
Someh Sara,5618,16701,11083,Gilan
Masouleh,428,3694,3266,Gilan
Jirdeh,-9138,0,9138,Gilan
Lakan,2,4560,4558,Gilan
Deylaman,862,2661,1799,Gilan
Ramsar,-413,85049,85462,Gilan
Chaboksar,8147,84641,76494,Gilan
Tonekabon,509,49608,49099,Mazandaran
Manjil,-24994,23224,48218,Gilan
Lowshan,-3148,1425,4573,Gilan
Gilvan,-373,2415,2788,Gilan
Ghazvin,1244,1244,0,Gilan
Gilan Border,0,0,0,Gilan
Azadshahr,0,0,0,Golestan
Khosh Yeylagh,0,0,0,Golestan
Aliabad,0,0,0,Golestan
Minudasht,0,0,0,Golestan
Gonbad,0,0,0,Golestan
Shahroud,0,0,0,Golestan
Gorgan,0,0,0,Golestan
Galikesh,0,0,0,Golestan
Aq Qala,0,0,0,Golestan
Incheh Borun,0,0,0,Golestan
Se-rah-e Kalaleh,0,0,0,Golestan
Bandar Torkaman,0,0,0,Golestan
Marzpol,0,0,0,Golestan
Se-rah-e Yasaqi,0,0,0,Golestan
Kordkuy,-2270,41642,43912,Mazandaran
Gomishan,0,0,0,Golestan
Galugah,-9615,55448,65063,Mazandaran
Tangrah,0,0,0,Golestan
Golestan Forest,0,0,0,Golestan
Kalaleh,0,0,0,Golestan
Maraveh Tappeh,0,0,0,Golestan
Behshahr,11252,47992,36740,Mazandaran
Amol,-13021,119974,132995,Mazandaran
Babol,8056,155772,147716,Mazandaran
Qaemshahr,3577,110825,107248,Mazandaran
Mahmudabad,30153,88085,57932,Mazandaran
Park Jangali,3912,36865,32953,Mazandaran
Babolsar,3869,76237,72368,Mazandaran
Fereydunkenar,-6623,56293,62916,Mazandaran
Kiyakala,-354,4615,4969,Mazandaran
Gatab,2237,22143,19906,Mazandaran
Juybar,-615,6572,7187,Mazandaran
Sari,-1468,111644,113112,Mazandaran
Shirgah,3291,44151,40860,Mazandaran
Nur,-12876,39689,52565,Mazandaran
Se-rah-e Sangchal,-348,35940,36288,Mazandaran
Imamzadeh Hashem Tehran,-12170,9760,21930,Mazandaran
Polur,313,32634,32321,Mazandaran
Gazanak,-564,33081,33645,Mazandaran
Behnamir,-1699,14770,16469,Mazandaran
Dabudsht,-782,7817,8599,Mazandaran
Bandar-e Amirabad,0,0,0,Mazandaran
Neka,8271,58739,50468,Mazandaran
Zagheh Marz,0,0,0,Mazandaran
Abbasabad,1944,59487,57543,Mazandaran
Chalus,-2146,92780,94926,Mazandaran
Kalardasht,-637,2597,3234,Mazandaran
Khazarabad,-10329,10930,21259,Mazandaran
Shakta,4694,16465,11771,Mazandaran
Kiasar,2855,16897,14042,Mazandaran
Doab,18654,31069,12415,Mazandaran
Marzanabad,-14910,40311,55221,Mazandaran
Makarud,-20601,3631,24232,Mazandaran
Nowshahr,-9320,36411,45731,Mazandaran
Kalarabad,7896,26485,18589,Mazandaran
Semnan,-865,2379,3244,Mazandaran
Garmab,-1152,4097,5249,Mazandaran
Se-rah-e Baladeh,2042,37390,35348,Mazandaran
Shahzeyd,-1890,36136,38026,Mazandaran
Panjab,-30,34444,34474,Mazandaran
Siah Bisheh,-16146,10946,27092,Mazandaran
Hazarcham,20361,23975,3614,Mazandaran
Kandovan,-4215,3117,7332,Mazandaran
Sisangan,12685,51270,38585,Mazandaran
Pol-e Sefid,530,34205,33675,Mazandaran
Garzin Kheil,-692,28301,28993,Mazandaran
Veresk,2025,28918,26893,Mazandaran
Gaduk,-10957,8416,19373,Mazandaran
