City,Net,Input,Output,Province
Astara,-1993,16302,18295,Gilan
Aq Chay,1709,9150,7441,Gilan
Talesh,284,9145,8861,Gilan
Asalem,-2010,15347,17357,Gilan
Astaneh,-540,66042,66582,Gilan
Lahijan,-4020,80647,84667,Gilan
Kuchesfahan,339,61440,61101,Gilan
Kiashahr,-8277,7869,16146,Gilan
Siahkal,-1236,20842,22078,Gilan
Langarud,561,59120,58559,Gilan
Rasht,-8034,129387,137421,Gilan
Sangar,5354,24967,19613,Gilan
Hasanrud,8544,14416,5872,Gilan
Khalkhal,-1205,7158,8363,Gilan
Punel,430,26208,25778,Gilan
Ziabar,1572,19583,18011,Gilan
Imamzadeh Hashem,15247,147428,132181,Gilan
Rostamabad,-5602,92150,97752,Gilan
Saravan,-17224,143451,160675,Gilan
Shaqaji,-13,33,46,Gilan
Rudbar,14114,80943,66829,Gilan
Fuman,8321,81682,73361,Gilan
Amlash,216,8157,7941,Gilan
Rudsar,-2443,45687,48130,Gilan
Kalan Kalaye,-79,3027,3106,Gilan
Kalachay,79,33862,33783,Gilan
Anzali,-3951,48139,52090,Gilan
Khomam,-144,76267,76411,Gilan
Rezvanshahr,595,9678,9083,Gilan
Pirbazar,1315,29504,28189,Gilan
Bazar Jomeh,1490,14884,13394,Gilan
Someh Sara,-3303,8543,11846,Gilan
Masouleh,-255,3800,4055,Gilan
Jirdeh,-11260,0,11260,Gilan
Lakan,-928,6806,7734,Gilan
Deylaman,-284,2908,3192,Gilan
Ramsar,1637,85780,84143,Gilan
Chaboksar,775,80262,79487,Gilan
Tonekabon,-4829,37627,42456,Mazandaran
Manjil,12722,33860,21138,Gilan
Lowshan,-8506,15556,24062,Gilan
Gilvan,-281,1723,2004,Gilan
Ghazvin,-11361,2117,13478,Gilan
Gilan Border,19762,19762,0,Gilan
Azadshahr,0,0,0,Golestan
Khosh Yeylagh,0,0,0,Golestan
Aliabad,0,0,0,Golestan
Minudasht,0,0,0,Golestan
Gonbad,0,0,0,Golestan
Shahroud,0,0,0,Golestan
Gorgan,0,0,0,Golestan
Galikesh,0,0,0,Golestan
Aq Qala,0,0,0,Golestan
Incheh Borun,0,0,0,Golestan
Se-rah-e Kalaleh,0,0,0,Golestan
Bandar Torkaman,0,0,0,Golestan
Marzpol,0,0,0,Golestan
Se-rah-e Yasaqi,0,0,0,Golestan
Kordkuy,-4926,28278,33204,Mazandaran
Gomishan,0,0,0,Golestan
Galugah,2367,49607,47240,Mazandaran
Tangrah,0,0,0,Golestan
Golestan Forest,0,0,0,Golestan
Kalaleh,0,0,0,Golestan
Maraveh Tappeh,0,0,0,Golestan
Behshahr,-2427,36835,39262,Mazandaran
Amol,-8664,112939,121603,Mazandaran
Babol,5425,130827,125402,Mazandaran
Qaemshahr,24831,109142,84311,Mazandaran
Mahmudabad,22730,68133,45403,Mazandaran
Park Jangali,2362,20134,17772,Mazandaran
Babolsar,926,56956,56030,Mazandaran
Fereydunkenar,-14505,38996,53501,Mazandaran
Kiyakala,-1181,3716,4897,Mazandaran
Gatab,0,0,0,Mazandaran
Juybar,609,18223,17614,Mazandaran
Sari,-7754,109512,117266,Mazandaran
Shirgah,-1453,33923,35376,Mazandaran
Nur,-13181,25775,38956,Mazandaran
Se-rah-e Sangchal,-4195,12957,17152,Mazandaran
Imamzadeh Hashem Tehran,5429,11539,6110,Mazandaran
Polur,1104,20625,19521,Mazandaran
Gazanak,-1584,21913,23497,Mazandaran
Behnamir,0,0,0,Mazandaran
Dabudsht,1080,7891,6811,Mazandaran
Bandar-e Amirabad,0,0,0,Mazandaran
Neka,-943,44064,45007,Mazandaran
Zagheh Marz,0,0,0,Mazandaran
Abbasabad,-1024,46255,47279,Mazandaran
Chalus,3528,80483,76955,Mazandaran
Kalardasht,273,3352,3079,Mazandaran
Khazarabad,-1267,24211,25478,Mazandaran
Shakta,-5185,13608,18793,Mazandaran
Kiasar,-3408,10727,14135,Mazandaran
Doab,-6635,16111,22746,Mazandaran
Marzanabad,3693,41594,37901,Mazandaran
Makarud,8280,15354,7074,Mazandaran
Nowshahr,-969,35883,36852,Mazandaran
Kalarabad,-3502,17551,21053,Mazandaran
Semnan,-128,1684,1812,Mazandaran
Garmab,1568,4869,3301,Mazandaran
Se-rah-e Baladeh,-8808,17378,26186,Mazandaran
Shahzeyd,-1632,28210,29842,Mazandaran
Panjab,9603,23534,13931,Mazandaran
Siah Bisheh,-5561,18148,23709,Mazandaran
Hazarcham,-8306,7021,15327,Mazandaran
Kandovan,13867,16688,2821,Mazandaran
Sisangan,-1076,33672,34748,Mazandaran
Pol-e Sefid,-2803,25878,28681,Mazandaran
Garzin Kheil,-1296,20953,22249,Mazandaran
Veresk,1877,21260,19383,Mazandaran
Gaduk,5573,12681,7108,Mazandaran
