City,Net,Input,Output,Province
Astara,-680,13976,14656,Gilan
Aq Chay,-116,5515,5631,Gilan
Talesh,796,9141,8345,Gilan
Asalem,-795,14886,15681,Gilan
Astaneh,-983,67945,68928,Gilan
Lahijan,-542,83303,83845,Gilan
Kuchesfahan,368,65897,65529,Gilan
Kiashahr,-5910,7927,13837,Gilan
Siahkal,-311,18631,18942,Gilan
Langarud,252,59516,59264,Gilan
Rasht,-18447,123967,142414,Gilan
Sangar,2279,25701,23422,Gilan
Hasanrud,6949,14985,8036,Gilan
Khalkhal,-564,3237,3801,Gilan
Punel,-1011,22418,23429,Gilan
Ziabar,1837,19069,17232,Gilan
Imamzadeh Hashem,3559,130008,126449,Gilan
Rostamabad,3180,82032,78852,Gilan
Saravan,-3793,138030,141823,Gilan
Shaqaji,-63,303,366,Gilan
Rudbar,1580,64228,62648,Gilan
Fuman,20557,82908,62351,Gilan
Amlash,896,9546,8650,Gilan
Rudsar,-2104,46507,48611,Gilan
Kalan Kalaye,-141,2999,3140,Gilan
Kalachay,660,32014,31354,Gilan
Anzali,-2135,41304,43439,Gilan
Khomam,70,65018,64948,Gilan
Rezvanshahr,36,7875,7839,Gilan
Pirbazar,1078,29541,28463,Gilan
Bazar Jomeh,594,12670,12076,Gilan
Someh Sara,-1906,9184,11090,Gilan
Masouleh,31,1779,1748,Gilan
Jirdeh,-8307,0,8307,Gilan
Lakan,-850,8058,8908,Gilan
Deylaman,61,1310,1249,Gilan
Ramsar,12185,77307,65122,Gilan
Chaboksar,2353,68474,66121,Gilan
Tonekabon,-15271,29506,44777,Mazandaran
Manjil,3647,27257,23610,Gilan
Lowshan,-2906,19240,22146,Gilan
Gilvan,-17,1726,1743,Gilan
Ghazvin,-15082,1396,16478,Gilan
Gilan Border,18038,18038,0,Gilan
Azadshahr,0,0,0,Golestan
Khosh Yeylagh,0,0,0,Golestan
Aliabad,0,0,0,Golestan
Minudasht,0,0,0,Golestan
Gonbad,0,0,0,Golestan
Shahroud,0,0,0,Golestan
Gorgan,0,0,0,Golestan
Galikesh,0,0,0,Golestan
Aq Qala,0,0,0,Golestan
Incheh Borun,0,0,0,Golestan
Se-rah-e Kalaleh,0,0,0,Golestan
Bandar Torkaman,0,0,0,Golestan
Marzpol,0,0,0,Golestan
Se-rah-e Yasaqi,0,0,0,Golestan
Kordkuy,-3988,25502,29490,Mazandaran
Gomishan,0,0,0,Golestan
Galugah,2228,45241,43013,Mazandaran
Tangrah,0,0,0,Golestan
Golestan Forest,0,0,0,Golestan
Kalaleh,0,0,0,Golestan
Maraveh Tappeh,0,0,0,Golestan
Behshahr,-1762,38256,40018,Mazandaran
Amol,-22481,120518,142999,Mazandaran
Babol,10002,156819,146817,Mazandaran
Qaemshahr,4665,123566,118901,Mazandaran
Mahmudabad,33854,75000,41146,Mazandaran
Park Jangali,1382,30342,28960,Mazandaran
Babolsar,354,61496,61142,Mazandaran
Fereydunkenar,-14073,41974,56047,Mazandaran
Kiyakala,-1538,4466,6004,Mazandaran
Gatab,0,0,0,Mazandaran
Juybar,-1407,14640,16047,Mazandaran
Sari,-1707,130764,132471,Mazandaran
Shirgah,-27,32095,32122,Mazandaran
Nur,-12132,26971,39103,Mazandaran
Se-rah-e Sangchal,-799,26691,27490,Mazandaran
Imamzadeh Hashem Tehran,1328,9498,8170,Mazandaran
Polur,452,20096,19644,Mazandaran
Gazanak,-995,21164,22159,Mazandaran
Behnamir,0,0,0,Mazandaran
Dabudsht,267,7891,7624,Mazandaran
Bandar-e Amirabad,0,0,0,Mazandaran
Neka,4785,56932,52147,Mazandaran
Zagheh Marz,0,0,0,Mazandaran
Abbasabad,-98,51050,51148,Mazandaran
Chalus,1865,84438,82573,Mazandaran
Kalardasht,236,2117,1881,Mazandaran
Khazarabad,693,29438,28745,Mazandaran
Shakta,679,10010,9331,Mazandaran
Kiasar,670,7829,7159,Mazandaran
Doab,-120,17521,17641,Mazandaran
Marzanabad,1256,36386,35130,Mazandaran
Makarud,354,10128,9774,Mazandaran
Nowshahr,-535,40130,40665,Mazandaran
Kalarabad,-206,20984,21190,Mazandaran
Semnan,-150,1088,1238,Mazandaran
Garmab,-206,2237,2443,Mazandaran
Se-rah-e Baladeh,-7555,15612,23167,Mazandaran
Shahzeyd,-2925,26082,29007,Mazandaran
Panjab,10388,21406,11018,Mazandaran
Siah Bisheh,-8075,12151,20226,Mazandaran
Hazarcham,-592,9398,9990,Mazandaran
Kandovan,8667,10828,2161,Mazandaran
Sisangan,-1923,37079,39002,Mazandaran
Pol-e Sefid,-1412,22407,23819,Mazandaran
Garzin Kheil,-659,16863,17522,Mazandaran
Veresk,1643,17576,15933,Mazandaran
Gaduk,525,8608,8083,Mazandaran
