City,Net,Input,Output,Province
Astara,4856,16052,11196,Gilan
Aq Chay,-5887,312,6199,Gilan
Talesh,1031,10884,9853,Gilan
Asalem,-5258,16790,22048,Gilan
Astaneh,-3156,75710,78866,Gilan
Lahijan,-2639,95757,98396,Gilan
Kuchesfahan,-2174,70877,73051,Gilan
Kiashahr,-8462,9000,17462,Gilan
Siahkal,-1883,27746,29629,Gilan
Langarud,-4878,65977,70855,Gilan
Rasht,-6279,140623,146902,Gilan
Sangar,15979,38226,22247,Gilan
Hasanrud,9086,17452,8366,Gilan
Khalkhal,-1420,3498,4918,Gilan
Punel,-774,28673,29447,Gilan
Ziabar,4832,24540,19708,Gilan
Imamzadeh Hashem,45709,209707,163998,Gilan
Rostamabad,-13508,136698,150206,Gilan
Saravan,-57273,163030,220303,Gilan
Shaqaji,-2075,1988,4063,Gilan
Rudbar,41784,134950,93166,Gilan
Fuman,-16678,90701,107379,Gilan
Amlash,-466,9863,10329,Gilan
Rudsar,-2457,54119,56576,Gilan
Kalan Kalaye,121,3568,3447,Gilan
Kalachay,-1603,38175,39778,Gilan
Anzali,-7475,46558,54033,Gilan
Khomam,-2723,73398,76121,Gilan
Rezvanshahr,428,9538,9110,Gilan
Pirbazar,993,32692,31699,Gilan
Bazar Jomeh,2419,15475,13056,Gilan
Someh Sara,-8751,10064,18815,Gilan
Masouleh,-624,2280,2904,Gilan
Jirdeh,-10975,0,10975,Gilan
Lakan,-1184,8213,9397,Gilan
Deylaman,-737,1374,2111,Gilan
Ramsar,22434,93605,71171,Gilan
Chaboksar,993,87555,86562,Gilan
Tonekabon,-29635,23500,53135,Mazandaran
Manjil,42887,64612,21725,Gilan
Lowshan,-6434,6428,12862,Gilan
Gilvan,-1524,1855,3379,Gilan
Ghazvin,-162,2930,3092,Gilan
Gilan Border,7571,7571,0,Gilan
Azadshahr,0,0,0,Golestan
Khosh Yeylagh,0,0,0,Golestan
Aliabad,0,0,0,Golestan
Minudasht,0,0,0,Golestan
Gonbad,0,0,0,Golestan
Shahroud,0,0,0,Golestan
Gorgan,0,0,0,Golestan
Galikesh,0,0,0,Golestan
Aq Qala,0,0,0,Golestan
Incheh Borun,0,0,0,Golestan
Se-rah-e Kalaleh,0,0,0,Golestan
Bandar Torkaman,0,0,0,Golestan
Marzpol,0,0,0,Golestan
Se-rah-e Yasaqi,0,0,0,Golestan
Kordkuy,-9460,29644,39104,Mazandaran
Gomishan,0,0,0,Golestan
Galugah,4988,56675,51687,Mazandaran
Tangrah,0,0,0,Golestan
Golestan Forest,0,0,0,Golestan
Kalaleh,0,0,0,Golestan
Maraveh Tappeh,0,0,0,Golestan
Behshahr,-3492,42984,46476,Mazandaran
Amol,-19450,127791,147241,Mazandaran
Babol,4963,150223,145260,Mazandaran
Qaemshahr,13874,125667,111793,Mazandaran
Mahmudabad,20896,78363,57467,Mazandaran
Park Jangali,1356,36553,35197,Mazandaran
Babolsar,6034,76571,70537,Mazandaran
Fereydunkenar,-13331,45030,58361,Mazandaran
Kiyakala,-1726,4163,5889,Mazandaran
Gatab,0,0,0,Mazandaran
Juybar,16,19349,19333,Mazandaran
Sari,-12307,126842,139149,Mazandaran
Shirgah,-3598,40521,44119,Mazandaran
Nur,-16717,29446,46163,Mazandaran
Se-rah-e Sangchal,-2644,32453,35097,Mazandaran
Imamzadeh Hashem Tehran,11348,15691,4343,Mazandaran
Polur,6742,28705,21963,Mazandaran
Gazanak,-1488,29389,30877,Mazandaran
Behnamir,-7187,7923,15110,Mazandaran
Dabudsht,1502,8454,6952,Mazandaran
Bandar-e Amirabad,0,0,0,Mazandaran
Neka,6335,62584,56249,Mazandaran
Zagheh Marz,0,0,0,Mazandaran
Abbasabad,-2637,58101,60738,Mazandaran
Chalus,4692,93111,88419,Mazandaran
Kalardasht,583,2703,2120,Mazandaran
Khazarabad,-47,28792,28839,Mazandaran
Shakta,-1776,8923,10699,Mazandaran
Kiasar,74,9996,9922,Mazandaran
Doab,-15632,13524,29156,Mazandaran
Marzanabad,12328,53350,41022,Mazandaran
Makarud,19587,24037,4450,Mazandaran
Nowshahr,-6574,41209,47783,Mazandaran
Kalarabad,-7597,16279,23876,Mazandaran
Semnan,532,1983,1451,Mazandaran
Garmab,-54,2947,3001,Mazandaran
Se-rah-e Baladeh,-5302,27218,32520,Mazandaran
Shahzeyd,-2177,33898,36075,Mazandaran
Panjab,7565,30682,23117,Mazandaran
Siah Bisheh,5003,28332,23329,Mazandaran
Hazarcham,-20623,4523,25146,Mazandaran
Kandovan,15620,18806,3186,Mazandaran
Sisangan,1281,43664,42383,Mazandaran
Pol-e Sefid,-2293,33982,36275,Mazandaran
Garzin Kheil,-1220,29132,30352,Mazandaran
Veresk,2905,29965,27060,Mazandaran
Gaduk,15079,21346,6267,Mazandaran
