City,Net,Input,Output,Province
Astara,-3885,17990,21875,Gilan
Aq Chay,4343,12723,8380,Gilan
Talesh,-458,9152,9610,Gilan
Asalem,-2675,19958,22633,Gilan
Astaneh,-1446,74929,76375,Gilan
Lahijan,-5327,83677,89004,Gilan
Kuchesfahan,-1770,70292,72062,Gilan
Kiashahr,-8317,10285,18602,Gilan
Siahkal,-3941,29015,32956,Gilan
Langarud,-4276,56983,61259,Gilan
Rasht,-13624,132034,145658,Gilan
Sangar,20135,40872,20737,Gilan
Hasanrud,7508,25556,18048,Gilan
Khalkhal,161,11958,11797,Gilan
Punel,-2565,32896,35461,Gilan
Ziabar,3829,23547,19718,Gilan
Imamzadeh Hashem,20092,195346,175254,Gilan
Rostamabad,-11570,131492,143062,Gilan
Saravan,-40558,172453,213011,Gilan
Shaqaji,0,0,0,Gilan
Rudbar,38323,123073,84750,Gilan
Fuman,-15040,88929,103969,Gilan
Amlash,-716,9938,10654,Gilan
Rudsar,-3288,47425,50713,Gilan
Kalan Kalaye,-77,4471,4548,Gilan
Kalachay,-882,36743,37625,Gilan
Anzali,-1817,63153,64970,Gilan
Khomam,-898,70234,71132,Gilan
Rezvanshahr,-556,13437,13993,Gilan
Pirbazar,1170,30611,29441,Gilan
Bazar Jomeh,1903,17640,15737,Gilan
Someh Sara,-6995,9215,16210,Gilan
Masouleh,-280,5104,5384,Gilan
Jirdeh,-9638,0,9638,Gilan
Lakan,1084,9000,7916,Gilan
Deylaman,-433,4300,4733,Gilan
Ramsar,15863,89541,73678,Gilan
Chaboksar,3407,90264,86857,Gilan
Tonekabon,-26267,17151,43418,Mazandaran
Manjil,43390,60925,17535,Gilan
Lowshan,-1595,2436,4031,Gilan
Gilvan,-726,2388,3114,Gilan
Ghazvin,2474,2474,0,Gilan
Gilan Border,0,0,0,Gilan
Azadshahr,0,0,0,Golestan
Khosh Yeylagh,0,0,0,Golestan
Aliabad,0,0,0,Golestan
Minudasht,0,0,0,Golestan
Gonbad,0,0,0,Golestan
Shahroud,0,0,0,Golestan
Gorgan,0,0,0,Golestan
Galikesh,0,0,0,Golestan
Aq Qala,0,0,0,Golestan
Incheh Borun,0,0,0,Golestan
Se-rah-e Kalaleh,0,0,0,Golestan
Bandar Torkaman,0,0,0,Golestan
Marzpol,0,0,0,Golestan
Se-rah-e Yasaqi,0,0,0,Golestan
Kordkuy,-5682,31482,37164,Mazandaran
Gomishan,0,0,0,Golestan
Galugah,2046,54211,52165,Mazandaran
Tangrah,0,0,0,Golestan
Golestan Forest,0,0,0,Golestan
Kalaleh,0,0,0,Golestan
Maraveh Tappeh,0,0,0,Golestan
Behshahr,-3076,37897,40973,Mazandaran
Amol,-13994,114796,128790,Mazandaran
Babol,975,120828,119853,Mazandaran
Qaemshahr,25550,103999,78449,Mazandaran
Mahmudabad,21871,83884,62013,Mazandaran
Park Jangali,1179,41883,40704,Mazandaran
Babolsar,6059,74960,68901,Mazandaran
Fereydunkenar,-14236,48541,62777,Mazandaran
Kiyakala,-977,3375,4352,Mazandaran
Gatab,0,0,0,Mazandaran
Juybar,2067,13998,11931,Mazandaran
Sari,-15639,106602,122241,Mazandaran
Shirgah,-5446,41841,47287,Mazandaran
Nur,-19100,34249,53349,Mazandaran
Se-rah-e Sangchal,-8074,30315,38389,Mazandaran
Imamzadeh Hashem Tehran,20223,24668,4445,Mazandaran
Polur,940,30181,29241,Mazandaran
Gazanak,-2451,28349,30800,Mazandaran
Behnamir,-6130,7959,14089,Mazandaran
Dabudsht,1476,8131,6655,Mazandaran
Bandar-e Amirabad,0,0,0,Mazandaran
Neka,4487,48990,44503,Mazandaran
Zagheh Marz,0,0,0,Mazandaran
Abbasabad,-2501,49951,52452,Mazandaran
Chalus,6534,95871,89337,Mazandaran
Kalardasht,327,5966,5639,Mazandaran
Khazarabad,-668,26542,27210,Mazandaran
Shakta,-5469,15354,20823,Mazandaran
Kiasar,-3218,14506,17724,Mazandaran
Doab,-19792,16216,36008,Mazandaran
Marzanabad,13054,58838,45784,Mazandaran
Makarud,24242,27517,3275,Mazandaran
Nowshahr,-6306,39294,45600,Mazandaran
Kalarabad,-10618,17219,27837,Mazandaran
Semnan,874,3415,2541,Mazandaran
Garmab,1274,5329,4055,Mazandaran
Se-rah-e Baladeh,-2295,30695,32990,Mazandaran
Shahzeyd,1912,34153,32241,Mazandaran
Panjab,3508,30521,27013,Mazandaran
Siah Bisheh,11453,33954,22501,Mazandaran
Hazarcham,-24998,3216,28214,Mazandaran
Kandovan,13545,19285,5740,Mazandaran
Sisangan,-373,42874,43247,Mazandaran
Pol-e Sefid,-4391,35594,39985,Mazandaran
Garzin Kheil,-1729,31605,33334,Mazandaran
Veresk,3282,32199,28917,Mazandaran
Gaduk,16223,22760,6537,Mazandaran
