City,Net,Input,Output,Province
Astara,-2020,24532,26552,Gilan
Aq Chay,3344,13883,10539,Gilan
Talesh,-1324,12669,13993,Gilan
Asalem,-1513,26872,28385,Gilan
Astaneh,4026,103556,99530,Gilan
Lahijan,-11068,113839,124907,Gilan
Kuchesfahan,746,92656,91910,Gilan
Kiashahr,-11767,12572,24339,Gilan
Siahkal,-470,37541,38011,Gilan
Langarud,3702,87047,83345,Gilan
Rasht,-28780,157883,186663,Gilan
Sangar,7287,40318,33031,Gilan
Hasanrud,11730,25783,14053,Gilan
Khalkhal,-144,8033,8177,Gilan
Punel,-1070,39320,40390,Gilan
Ziabar,4414,29367,24953,Gilan
Imamzadeh Hashem,-18490,176178,194668,Gilan
Rostamabad,-8086,168610,176696,Gilan
Saravan,14380,201080,186700,Gilan
Shaqaji,0,0,0,Gilan
Rudbar,21107,142203,121096,Gilan
Fuman,20276,139721,119445,Gilan
Amlash,972,13986,13014,Gilan
Rudsar,-2534,73238,75772,Gilan
Kalan Kalaye,31,5144,5113,Gilan
Kalachay,-721,44110,44831,Gilan
Anzali,732,74064,73332,Gilan
Khomam,123,95500,95377,Gilan
Rezvanshahr,-1228,15685,16913,Gilan
Pirbazar,1106,37636,36530,Gilan
Bazar Jomeh,1634,23113,21479,Gilan
Someh Sara,-2617,17278,19895,Gilan
Masouleh,-224,5726,5950,Gilan
Jirdeh,-11576,0,11576,Gilan
Lakan,-539,8665,9204,Gilan
Deylaman,-6,4153,4159,Gilan
Ramsar,26305,106469,80164,Gilan
Chaboksar,9534,93759,84225,Gilan
Tonekabon,-37806,34820,72626,Mazandaran
Manjil,8841,51603,42762,Gilan
Lowshan,-1058,2909,3967,Gilan
Gilvan,155,2890,2735,Gilan
Ghazvin,1483,1483,0,Gilan
Gilan Border,0,0,0,Gilan
Azadshahr,0,0,0,Golestan
Khosh Yeylagh,0,0,0,Golestan
Aliabad,0,0,0,Golestan
Minudasht,0,0,0,Golestan
Gonbad,0,0,0,Golestan
Shahroud,0,0,0,Golestan
Gorgan,0,0,0,Golestan
Galikesh,0,0,0,Golestan
Aq Qala,0,0,0,Golestan
Incheh Borun,0,0,0,Golestan
Se-rah-e Kalaleh,0,0,0,Golestan
Bandar Torkaman,0,0,0,Golestan
Marzpol,0,0,0,Golestan
Se-rah-e Yasaqi,0,0,0,Golestan
Kordkuy,-6290,41982,48272,Mazandaran
Gomishan,0,0,0,Golestan
Galugah,1860,70390,68530,Mazandaran
Tangrah,0,0,0,Golestan
Golestan Forest,0,0,0,Golestan
Kalaleh,0,0,0,Golestan
Maraveh Tappeh,0,0,0,Golestan
Behshahr,357,54384,54027,Mazandaran
Amol,-36446,138721,175167,Mazandaran
Babol,7920,169236,161316,Mazandaran
Qaemshahr,39449,146472,107023,Mazandaran
Mahmudabad,38015,118319,80304,Mazandaran
Park Jangali,1913,47966,46053,Mazandaran
Babolsar,-3084,99936,103020,Mazandaran
Fereydunkenar,342,83305,82963,Mazandaran
Kiyakala,-990,3754,4744,Mazandaran
Gatab,0,0,0,Mazandaran
Juybar,-4709,14896,19605,Mazandaran
Sari,-10015,118331,128346,Mazandaran
Shirgah,20,50134,50114,Mazandaran
Nur,-23093,50072,73165,Mazandaran
Se-rah-e Sangchal,-2169,43894,46063,Mazandaran
Imamzadeh Hashem Tehran,4943,17156,12213,Mazandaran
Polur,2009,35117,33108,Mazandaran
Gazanak,-945,38951,39896,Mazandaran
Behnamir,-476,20398,20874,Mazandaran
Dabudsht,528,9352,8824,Mazandaran
Bandar-e Amirabad,0,0,0,Mazandaran
Neka,11439,70483,59044,Mazandaran
Zagheh Marz,0,0,0,Mazandaran
Abbasabad,-1876,81174,83050,Mazandaran
Chalus,-3798,107120,110918,Mazandaran
Kalardasht,835,6437,5602,Mazandaran
Khazarabad,-30354,657,31011,Mazandaran
Shakta,3082,18250,15168,Mazandaran
Kiasar,1787,17811,16024,Mazandaran
Doab,-6299,28974,35273,Mazandaran
Marzanabad,7384,68811,61427,Mazandaran
Makarud,7350,21705,14355,Mazandaran
Nowshahr,-18509,37492,56001,Mazandaran
Kalarabad,-917,24237,25154,Mazandaran
Semnan,1373,2884,1511,Mazandaran
Garmab,-1302,4666,5968,Mazandaran
Se-rah-e Baladeh,2417,44807,42390,Mazandaran
Shahzeyd,-1197,45095,46292,Mazandaran
Panjab,531,41104,40573,Mazandaran
Siah Bisheh,-12415,25532,37947,Mazandaran
Hazarcham,-7086,15545,22631,Mazandaran
Kandovan,19501,22402,2901,Mazandaran
Sisangan,17306,69612,52306,Mazandaran
Pol-e Sefid,162,41447,41285,Mazandaran
Garzin Kheil,-2071,32568,34639,Mazandaran
Veresk,3710,34072,30362,Mazandaran
Gaduk,921,16409,15488,Mazandaran
