City,Net,Input,Output,Province
Astara,-659,15575,16234,Gilan
Aq Chay,1037,6333,5296,Gilan
Talesh,-378,9901,10279,Gilan
Asalem,1491,16437,14946,Gilan
Astaneh,6681,80333,73652,Gilan
Lahijan,10613,95114,84501,Gilan
Kuchesfahan,2644,75533,72889,Gilan
Kiashahr,-6078,9167,15245,Gilan
Siahkal,390,26132,25742,Gilan
Langarud,-12729,58065,70794,Gilan
Rasht,-26359,135517,161876,Gilan
Sangar,-5781,26923,32704,Gilan
Hasanrud,5994,11625,5631,Gilan
Khalkhal,-94,2883,2977,Gilan
Punel,-427,23407,23834,Gilan
Ziabar,-589,18805,19394,Gilan
Imamzadeh Hashem,-6405,133501,139906,Gilan
Rostamabad,1932,114090,112158,Gilan
Saravan,17808,150034,132226,Gilan
Shaqaji,189,3114,2925,Gilan
Rudbar,-19087,73501,92588,Gilan
Fuman,41977,106737,64760,Gilan
Amlash,1220,11215,9995,Gilan
Rudsar,-1960,58971,60931,Gilan
Kalan Kalaye,-140,3744,3884,Gilan
Kalachay,1390,30371,28981,Gilan
Anzali,4156,47248,43092,Gilan
Khomam,591,72349,71758,Gilan
Rezvanshahr,-924,8108,9032,Gilan
Pirbazar,1303,32732,31429,Gilan
Bazar Jomeh,1822,18357,16535,Gilan
Someh Sara,1648,11641,9993,Gilan
Masouleh,164,1424,1260,Gilan
Jirdeh,-9923,0,9923,Gilan
Lakan,-1151,9145,10296,Gilan
Deylaman,323,1397,1074,Gilan
Ramsar,6862,68373,61511,Gilan
Chaboksar,2592,47769,45177,Gilan
Tonekabon,-6760,46580,53340,Mazandaran
Manjil,-11501,21864,33365,Gilan
Lowshan,-3184,4061,7245,Gilan
Gilvan,101,1793,1692,Gilan
Ghazvin,3241,3241,0,Gilan
Gilan Border,0,0,0,Gilan
Azadshahr,19396,39007,19611,Golestan
Khosh Yeylagh,-37,4760,4797,Golestan
Aliabad,4302,148002,143700,Golestan
Minudasht,69,44508,44439,Golestan
Gonbad,-17619,24437,42056,Golestan
Shahroud,-537,4377,4914,Golestan
Gorgan,-3974,171109,175083,Golestan
Galikesh,47,16195,16148,Golestan
Aq Qala,222,32819,32597,Golestan
Incheh Borun,-594,6285,6879,Golestan
Se-rah-e Kalaleh,-665,19421,20086,Golestan
Bandar Torkaman,1245,24262,23017,Golestan
Marzpol,27,1576,1549,Golestan
Se-rah-e Yasaqi,-921,3545,4466,Golestan
Kordkuy,10042,92164,82122,Mazandaran
Gomishan,34,7453,7419,Golestan
Galugah,-23030,79895,102925,Mazandaran
Tangrah,1436,9662,8226,Golestan
Golestan Forest,-1158,4708,5866,Golestan
Kalaleh,-2828,11301,14129,Golestan
Maraveh Tappeh,2971,2971,0,Golestan
Behshahr,12743,47831,35088,Mazandaran
Amol,1543,142648,141105,Mazandaran
Babol,9171,191116,181945,Mazandaran
Qaemshahr,12053,136441,124388,Mazandaran
Mahmudabad,9007,66770,57763,Mazandaran
Park Jangali,2314,36349,34035,Mazandaran
Babolsar,4529,47875,43346,Mazandaran
Fereydunkenar,-10530,20085,30615,Mazandaran
Kiyakala,-933,5517,6450,Mazandaran
Gatab,1565,22815,21250,Mazandaran
Juybar,8514,31054,22540,Mazandaran
Sari,-9919,140923,150842,Mazandaran
Shirgah,2214,43347,41133,Mazandaran
Nur,-12858,31469,44327,Mazandaran
Se-rah-e Sangchal,-886,31998,32884,Mazandaran
Imamzadeh Hashem Tehran,-6242,10067,16309,Mazandaran
Polur,201,26938,26737,Mazandaran
Gazanak,-361,26932,27293,Mazandaran
Behnamir,-271,10993,11264,Mazandaran
Dabudsht,-217,8070,8287,Mazandaran
Bandar-e Amirabad,0,0,0,Mazandaran
Neka,6121,65631,59510,Mazandaran
Zagheh Marz,0,0,0,Mazandaran
Abbasabad,148,57355,57207,Mazandaran
Chalus,-3006,75734,78740,Mazandaran
Kalardasht,107,1953,1846,Mazandaran
Khazarabad,-8264,18917,27181,Mazandaran
Shakta,1390,11444,10054,Mazandaran
Kiasar,894,9951,9057,Mazandaran
Doab,5933,21514,15581,Mazandaran
Marzanabad,-3812,30194,34006,Mazandaran
Makarud,-5619,5836,11455,Mazandaran
Nowshahr,-8710,24581,33291,Mazandaran
Kalarabad,4113,26377,22264,Mazandaran
Semnan,-560,1312,1872,Mazandaran
Garmab,-212,2551,2763,Mazandaran
Se-rah-e Baladeh,1709,30843,29134,Mazandaran
Shahzeyd,-2441,31195,33636,Mazandaran
Panjab,-60,27542,27602,Mazandaran
Siah Bisheh,-10575,8840,19415,Mazandaran
Hazarcham,6915,13049,6134,Mazandaran
Kandovan,3660,6366,2706,Mazandaran
Sisangan,8526,40638,32112,Mazandaran
Pol-e Sefid,-1893,31604,33497,Mazandaran
Garzin Kheil,-16321,9799,26120,Mazandaran
Veresk,16984,26117,9133,Mazandaran
Gaduk,-7132,9133,16265,Mazandaran
