City,Net,Input,Output,Province
Astara,-934,24618,25552,Gilan
Aq Chay,5147,11582,6435,Gilan
Talesh,-4213,13970,18183,Gilan
Asalem,-208,27677,27885,Gilan
Astaneh,1414,103387,101973,Gilan
Lahijan,-10239,117295,127534,Gilan
Kuchesfahan,232,96584,96352,Gilan
Kiashahr,-11697,13027,24724,Gilan
Siahkal,263,40066,39803,Gilan
Langarud,6584,94543,87959,Gilan
Rasht,-21539,167663,189202,Gilan
Sangar,1954,41805,39851,Gilan
Hasanrud,11981,16225,4244,Gilan
Khalkhal,70,7241,7171,Gilan
Punel,-1339,40136,41475,Gilan
Ziabar,2397,29041,26644,Gilan
Imamzadeh Hashem,-18232,193746,211978,Gilan
Rostamabad,560,188966,188406,Gilan
Saravan,18568,210388,191820,Gilan
Shaqaji,0,0,0,Gilan
Rudbar,-19668,132483,152151,Gilan
Fuman,35787,138917,103130,Gilan
Amlash,974,12798,11824,Gilan
Rudsar,-2738,80015,82753,Gilan
Kalan Kalaye,-69,4565,4634,Gilan
Kalachay,481,39238,38757,Gilan
Anzali,3642,63160,59518,Gilan
Khomam,-1265,93503,94768,Gilan
Rezvanshahr,-2208,13733,15941,Gilan
Pirbazar,1041,37618,36577,Gilan
Bazar Jomeh,466,18998,18532,Gilan
Someh Sara,-152,19111,19263,Gilan
Masouleh,-154,5729,5883,Gilan
Jirdeh,-12348,0,12348,Gilan
Lakan,-976,8116,9092,Gilan
Deylaman,-99,3329,3428,Gilan
Ramsar,12366,110183,97817,Gilan
Chaboksar,4255,82937,78682,Gilan
Tonekabon,-17626,56119,73745,Mazandaran
Manjil,16124,58604,42480,Gilan
Lowshan,-2624,3955,6579,Gilan
Gilvan,547,3190,2643,Gilan
Ghazvin,3445,3445,0,Gilan
Gilan Border,0,0,0,Gilan
Azadshahr,0,0,0,Golestan
Khosh Yeylagh,0,0,0,Golestan
Aliabad,0,0,0,Golestan
Minudasht,0,0,0,Golestan
Gonbad,0,0,0,Golestan
Shahroud,0,0,0,Golestan
Gorgan,0,0,0,Golestan
Galikesh,0,0,0,Golestan
Aq Qala,0,0,0,Golestan
Incheh Borun,0,0,0,Golestan
Se-rah-e Kalaleh,0,0,0,Golestan
Bandar Torkaman,0,0,0,Golestan
Marzpol,0,0,0,Golestan
Se-rah-e Yasaqi,0,0,0,Golestan
Kordkuy,-8124,45898,54022,Mazandaran
Gomishan,0,0,0,Golestan
Galugah,5460,80006,74546,Mazandaran
Tangrah,0,0,0,Golestan
Golestan Forest,0,0,0,Golestan
Kalaleh,0,0,0,Golestan
Maraveh Tappeh,0,0,0,Golestan
Behshahr,-3817,56524,60341,Mazandaran
Amol,-37285,138013,175298,Mazandaran
Babol,8948,194062,185114,Mazandaran
Qaemshahr,38404,143826,105422,Mazandaran
Mahmudabad,57315,118424,61109,Mazandaran
Park Jangali,2775,46592,43817,Mazandaran
Babolsar,-1303,97105,98408,Mazandaran
Fereydunkenar,-12493,68163,80656,Mazandaran
Kiyakala,-948,3651,4599,Mazandaran
Gatab,436,20860,20424,Mazandaran
Juybar,-4724,8007,12731,Mazandaran
Sari,-14540,112058,126598,Mazandaran
Shirgah,285,54855,54570,Mazandaran
Nur,-22793,43610,66403,Mazandaran
Se-rah-e Sangchal,-2260,45145,47405,Mazandaran
Imamzadeh Hashem Tehran,2740,16636,13896,Mazandaran
Polur,2125,39045,36920,Mazandaran
Gazanak,-2575,44746,47321,Mazandaran
Behnamir,-142,19322,19464,Mazandaran
Dabudsht,513,8588,8075,Mazandaran
Bandar-e Amirabad,0,0,0,Mazandaran
Neka,9037,73318,64281,Mazandaran
Zagheh Marz,0,0,0,Mazandaran
Abbasabad,-1381,82750,84131,Mazandaran
Chalus,-698,106607,107305,Mazandaran
Kalardasht,703,5530,4827,Mazandaran
Khazarabad,-16278,13199,29477,Mazandaran
Shakta,-525,13940,14465,Mazandaran
Kiasar,-3128,13221,16349,Mazandaran
Doab,-4300,25545,29845,Mazandaran
Marzanabad,3463,62009,58546,Mazandaran
Makarud,6255,21697,15442,Mazandaran
Nowshahr,-22086,38042,60128,Mazandaran
Kalarabad,-1897,23270,25167,Mazandaran
Semnan,2333,2668,335,Mazandaran
Garmab,331,4979,4648,Mazandaran
Se-rah-e Baladeh,1760,47347,45587,Mazandaran
Shahzeyd,-1342,46634,47976,Mazandaran
Panjab,-3707,44168,47875,Mazandaran
Siah Bisheh,-5717,26633,32350,Mazandaran
Hazarcham,-5735,15852,21587,Mazandaran
Kandovan,11452,16498,5046,Mazandaran
Sisangan,22314,68074,45760,Mazandaran
Pol-e Sefid,-2544,46332,48876,Mazandaran
Garzin Kheil,-1405,40906,42311,Mazandaran
Veresk,2571,40794,38223,Mazandaran
Gaduk,2557,20430,17873,Mazandaran
