City,Net,Input,Output,Province
Astara,-183,27544,27727,Gilan
Aq Chay,-4,12103,12107,Gilan
Talesh,187,15624,15437,Gilan
Asalem,542,20647,20105,Gilan
Astaneh,2359,80279,77920,Gilan
Lahijan,-3289,99077,102366,Gilan
Kuchesfahan,3174,74803,71629,Gilan
Kiashahr,-9945,9255,19200,Gilan
Siahkal,2717,31195,28478,Gilan
Langarud,4241,80070,75829,Gilan
Rasht,-16098,124463,140561,Gilan
Sangar,-11522,24727,36249,Gilan
Hasanrud,10441,16059,5618,Gilan
Khalkhal,-877,4215,5092,Gilan
Punel,1094,30667,29573,Gilan
Ziabar,-676,20646,21322,Gilan
Imamzadeh Hashem,-35226,162774,198000,Gilan
Rostamabad,9802,150308,140506,Gilan
Saravan,43489,201002,157513,Gilan
Shaqaji,1354,3596,2242,Gilan
Rudbar,-46642,81958,128600,Gilan
Fuman,53344,124487,71143,Gilan
Amlash,578,10488,9910,Gilan
Rudsar,-858,65786,66644,Gilan
Kalan Kalaye,95,3823,3728,Gilan
Kalachay,2379,37926,35547,Gilan
Anzali,1245,54279,53034,Gilan
Khomam,483,76852,76369,Gilan
Rezvanshahr,1091,13048,11957,Gilan
Pirbazar,849,28359,27510,Gilan
Bazar Jomeh,850,15420,14570,Gilan
Someh Sara,4816,17041,12225,Gilan
Masouleh,66,4504,4438,Gilan
Jirdeh,-9063,0,9063,Gilan
Lakan,-697,4234,4931,Gilan
Deylaman,-40,1738,1778,Gilan
Ramsar,31005,72291,41286,Gilan
Chaboksar,-34,50892,50926,Gilan
Tonekabon,-26655,28757,55412,Mazandaran
Manjil,-7396,29053,36449,Gilan
Lowshan,-5172,1497,6669,Gilan
Gilvan,-48,2204,2252,Gilan
Ghazvin,1258,1258,0,Gilan
Gilan Border,0,0,0,Gilan
Azadshahr,0,0,0,Golestan
Khosh Yeylagh,0,0,0,Golestan
Aliabad,0,0,0,Golestan
Minudasht,0,0,0,Golestan
Gonbad,0,0,0,Golestan
Shahroud,0,0,0,Golestan
Gorgan,0,0,0,Golestan
Galikesh,0,0,0,Golestan
Aq Qala,0,0,0,Golestan
Incheh Borun,0,0,0,Golestan
Se-rah-e Kalaleh,0,0,0,Golestan
Bandar Torkaman,0,0,0,Golestan
Marzpol,0,0,0,Golestan
Se-rah-e Yasaqi,0,0,0,Golestan
Kordkuy,-9634,42288,51922,Mazandaran
Gomishan,0,0,0,Golestan
Galugah,-17428,52198,69626,Mazandaran
Tangrah,0,0,0,Golestan
Golestan Forest,0,0,0,Golestan
Kalaleh,0,0,0,Golestan
Maraveh Tappeh,0,0,0,Golestan
Behshahr,21107,51148,30041,Mazandaran
Amol,-17260,121595,138855,Mazandaran
Babol,7639,159515,151876,Mazandaran
Qaemshahr,48835,117879,69044,Mazandaran
Mahmudabad,43816,100569,56753,Mazandaran
Park Jangali,2339,37987,35648,Mazandaran
Babolsar,-1962,80749,82711,Mazandaran
Fereydunkenar,-5212,60780,65992,Mazandaran
Kiyakala,-506,4273,4779,Mazandaran
Gatab,-917,18659,19576,Mazandaran
Juybar,-3991,6455,10446,Mazandaran
Sari,-28723,76756,105479,Mazandaran
Shirgah,1764,46725,44961,Mazandaran
Nur,-15903,41138,57041,Mazandaran
Se-rah-e Sangchal,-1446,35423,36869,Mazandaran
Imamzadeh Hashem Tehran,-4815,10755,15570,Mazandaran
Polur,-4156,29463,33619,Mazandaran
Gazanak,-52,35937,35989,Mazandaran
Behnamir,-893,14623,15516,Mazandaran
Dabudsht,298,7453,7155,Mazandaran
Bandar-e Amirabad,0,0,0,Mazandaran
Neka,7505,61606,54101,Mazandaran
Zagheh Marz,0,0,0,Mazandaran
Abbasabad,551,60951,60400,Mazandaran
Chalus,-1868,89562,91430,Mazandaran
Kalardasht,-498,2612,3110,Mazandaran
Khazarabad,-11526,10815,22341,Mazandaran
Shakta,-1315,11046,12361,Mazandaran
Kiasar,-785,10772,11557,Mazandaran
Doab,12829,23688,10859,Mazandaran
Marzanabad,-8107,29159,37266,Mazandaran
Makarud,-13284,3482,16766,Mazandaran
Nowshahr,-15880,35218,51098,Mazandaran
Kalarabad,7652,29861,22209,Mazandaran
Semnan,-747,1503,2250,Mazandaran
Garmab,866,2982,2116,Mazandaran
Se-rah-e Baladeh,1554,37286,35732,Mazandaran
Shahzeyd,-1042,36416,37458,Mazandaran
Panjab,-1,35702,35703,Mazandaran
Siah Bisheh,-3433,4417,7850,Mazandaran
Hazarcham,3078,3796,718,Mazandaran
Kandovan,355,4054,3699,Mazandaran
Sisangan,19222,57689,38467,Mazandaran
Pol-e Sefid,-2576,36823,39399,Mazandaran
Garzin Kheil,-1403,31580,32983,Mazandaran
Veresk,1356,32141,30785,Mazandaran
Gaduk,-8437,11439,19876,Mazandaran
