City,Net,Input,Output,Province
Astara,2441,30442,28001,Gilan
Aq Chay,2600,13057,10457,Gilan
Talesh,-5041,14944,19985,Gilan
Asalem,-334,30881,31215,Gilan
Astaneh,7762,107745,99983,Gilan
Lahijan,-22345,111954,134299,Gilan
Kuchesfahan,-1603,97401,99004,Gilan
Kiashahr,-11857,11775,23632,Gilan
Siahkal,1654,42108,40454,Gilan
Langarud,8192,102786,94594,Gilan
Rasht,-11752,164510,176262,Gilan
Sangar,2718,42327,39609,Gilan
Hasanrud,11315,20272,8957,Gilan
Khalkhal,-12,10180,10192,Gilan
Punel,-996,44152,45148,Gilan
Ziabar,1554,29280,27726,Gilan
Imamzadeh Hashem,-8884,204772,213656,Gilan
Rostamabad,-5288,199372,204660,Gilan
Saravan,15312,220235,204923,Gilan
Shaqaji,0,0,0,Gilan
Rudbar,-16845,142576,159421,Gilan
Fuman,31347,146873,115526,Gilan
Amlash,408,13241,12833,Gilan
Rudsar,-1247,89760,91007,Gilan
Kalan Kalaye,-331,5191,5522,Gilan
Kalachay,-129,53748,53877,Gilan
Anzali,4530,68894,64364,Gilan
Khomam,-1664,95068,96732,Gilan
Rezvanshahr,-2254,11100,13354,Gilan
Pirbazar,900,36751,35851,Gilan
Bazar Jomeh,1500,19652,18152,Gilan
Someh Sara,-138,18944,19082,Gilan
Masouleh,-26,7526,7552,Gilan
Jirdeh,-12919,0,12919,Gilan
Lakan,-1386,6299,7685,Gilan
Deylaman,-174,4466,4640,Gilan
Ramsar,34000,103906,69906,Gilan
Chaboksar,5537,85979,80442,Gilan
Tonekabon,-40367,33769,74136,Mazandaran
Manjil,12757,56333,43576,Gilan
Lowshan,-2347,2824,5171,Gilan
Gilvan,240,3544,3304,Gilan
Ghazvin,2733,2733,0,Gilan
Gilan Border,0,0,0,Gilan
Azadshahr,0,0,0,Golestan
Khosh Yeylagh,0,0,0,Golestan
Aliabad,0,0,0,Golestan
Minudasht,0,0,0,Golestan
Gonbad,0,0,0,Golestan
Shahroud,0,0,0,Golestan
Gorgan,0,0,0,Golestan
Galikesh,0,0,0,Golestan
Aq Qala,0,0,0,Golestan
Incheh Borun,0,0,0,Golestan
Se-rah-e Kalaleh,0,0,0,Golestan
Bandar Torkaman,0,0,0,Golestan
Marzpol,0,0,0,Golestan
Se-rah-e Yasaqi,0,0,0,Golestan
Kordkuy,-10866,50762,61628,Mazandaran
Gomishan,0,0,0,Golestan
Galugah,-20922,61628,82550,Mazandaran
Tangrah,0,0,0,Golestan
Golestan Forest,0,0,0,Golestan
Kalaleh,0,0,0,Golestan
Maraveh Tappeh,0,0,0,Golestan
Behshahr,23789,59419,35630,Mazandaran
Amol,-25681,153136,178817,Mazandaran
Babol,7477,198080,190603,Mazandaran
Qaemshahr,9085,154145,145060,Mazandaran
Mahmudabad,58175,126908,68733,Mazandaran
Park Jangali,4065,40799,36734,Mazandaran
Babolsar,-5056,93746,98802,Mazandaran
Fereydunkenar,-10094,70020,80114,Mazandaran
Kiyakala,-464,4561,5025,Mazandaran
Gatab,-679,19109,19788,Mazandaran
Juybar,1625,8387,6762,Mazandaran
Sari,14699,142422,127723,Mazandaran
Shirgah,-7348,57521,64869,Mazandaran
Nur,-24570,59508,84078,Mazandaran
Se-rah-e Sangchal,-6531,32966,39497,Mazandaran
Imamzadeh Hashem Tehran,8658,21282,12624,Mazandaran
Polur,-502,37105,37607,Mazandaran
Gazanak,-1169,41064,42233,Mazandaran
Behnamir,-509,19280,19789,Mazandaran
Dabudsht,518,8147,7629,Mazandaran
Bandar-e Amirabad,0,0,0,Mazandaran
Neka,8254,71479,63225,Mazandaran
Zagheh Marz,0,0,0,Mazandaran
Abbasabad,-895,78170,79065,Mazandaran
Chalus,-641,96371,97012,Mazandaran
Kalardasht,382,5983,5601,Mazandaran
Khazarabad,-15716,12915,28631,Mazandaran
Shakta,-2114,16167,18281,Mazandaran
Kiasar,-2127,19460,21587,Mazandaran
Doab,-1694,14044,15738,Mazandaran
Marzanabad,-129,19588,19717,Mazandaran
Makarud,4513,5140,627,Mazandaran
Nowshahr,-17688,41490,59178,Mazandaran
Kalarabad,-511,28208,28719,Mazandaran
Semnan,-432,3531,3963,Mazandaran
Garmab,1047,6538,5491,Mazandaran
Se-rah-e Baladeh,522,43647,43125,Mazandaran
Shahzeyd,66,44860,44794,Mazandaran
Panjab,-811,42620,43431,Mazandaran
Siah Bisheh,2446,6960,4514,Mazandaran
Hazarcham,-4515,487,5002,Mazandaran
Kandovan,2069,4027,1958,Mazandaran
Sisangan,17495,80197,62702,Mazandaran
Pol-e Sefid,-564,56508,57072,Mazandaran
Garzin Kheil,-1735,50032,51767,Mazandaran
Veresk,1134,49073,47939,Mazandaran
Gaduk,-1617,22543,24160,Mazandaran
