City,Net,Input,Output,Province
Astara,-1380,21279,22659,Gilan
Aq Chay,976,10334,9358,Gilan
Talesh,404,12325,11921,Gilan
Asalem,-3050,17823,20873,Gilan
Astaneh,-1115,81670,82785,Gilan
Lahijan,-6589,97863,104452,Gilan
Kuchesfahan,-910,73196,74106,Gilan
Kiashahr,-9518,10281,19799,Gilan
Siahkal,-3298,31806,35104,Gilan
Langarud,-2404,70488,72892,Gilan
Rasht,-29950,119914,149864,Gilan
Sangar,20269,44574,24305,Gilan
Hasanrud,10196,30257,20061,Gilan
Khalkhal,-75,5617,5692,Gilan
Punel,-1216,28985,30201,Gilan
Ziabar,4868,23587,18719,Gilan
Imamzadeh Hashem,1104,179564,178460,Gilan
Rostamabad,-7940,162092,170032,Gilan
Saravan,-26927,161194,188121,Gilan
Shaqaji,0,0,0,Gilan
Rudbar,48014,152256,104242,Gilan
Fuman,-11234,95399,106633,Gilan
Amlash,-78,10610,10688,Gilan
Rudsar,-3446,59710,63156,Gilan
Kalan Kalaye,19,3784,3765,Gilan
Kalachay,-1054,41059,42113,Gilan
Anzali,-1925,63053,64978,Gilan
Khomam,331,71585,71254,Gilan
Rezvanshahr,-1027,9857,10884,Gilan
Pirbazar,933,30896,29963,Gilan
Bazar Jomeh,-454,13741,14195,Gilan
Someh Sara,-6460,11374,17834,Gilan
Masouleh,-77,4214,4291,Gilan
Jirdeh,-9530,0,9530,Gilan
Lakan,194,5910,5716,Gilan
Deylaman,-117,2445,2562,Gilan
Ramsar,12056,102301,90245,Gilan
Chaboksar,8486,102445,93959,Gilan
Tonekabon,-27314,25380,52694,Mazandaran
Manjil,41786,67417,25631,Gilan
Lowshan,-1959,3521,5480,Gilan
Gilvan,159,2578,2419,Gilan
Ghazvin,3512,3512,0,Gilan
Gilan Border,0,0,0,Gilan
Azadshahr,0,0,0,Golestan
Khosh Yeylagh,0,0,0,Golestan
Aliabad,0,0,0,Golestan
Minudasht,0,0,0,Golestan
Gonbad,0,0,0,Golestan
Shahroud,0,0,0,Golestan
Gorgan,0,0,0,Golestan
Galikesh,0,0,0,Golestan
Aq Qala,0,0,0,Golestan
Incheh Borun,0,0,0,Golestan
Se-rah-e Kalaleh,0,0,0,Golestan
Bandar Torkaman,0,0,0,Golestan
Marzpol,0,0,0,Golestan
Se-rah-e Yasaqi,0,0,0,Golestan
Kordkuy,-5408,34826,40234,Mazandaran
Gomishan,0,0,0,Golestan
Galugah,4559,59329,54770,Mazandaran
Tangrah,0,0,0,Golestan
Golestan Forest,0,0,0,Golestan
Kalaleh,0,0,0,Golestan
Maraveh Tappeh,0,0,0,Golestan
Behshahr,-3761,39999,43760,Mazandaran
Amol,-31180,114182,145362,Mazandaran
Babol,11476,137321,125845,Mazandaran
Qaemshahr,23065,115117,92052,Mazandaran
Mahmudabad,9296,82734,73438,Mazandaran
Park Jangali,-1666,39546,41212,Mazandaran
Babolsar,-6477,65862,72339,Mazandaran
Fereydunkenar,8953,62668,53715,Mazandaran
Kiyakala,-605,3694,4299,Mazandaran
Gatab,0,0,0,Mazandaran
Juybar,2173,14457,12284,Mazandaran
Sari,-29404,96633,126037,Mazandaran
Shirgah,-8006,40377,48383,Mazandaran
Nur,-17103,35069,52172,Mazandaran
Se-rah-e Sangchal,743,36145,35402,Mazandaran
Imamzadeh Hashem Tehran,13480,19982,6502,Mazandaran
Polur,3751,32193,28442,Mazandaran
Gazanak,-1213,33426,34639,Mazandaran
Behnamir,-6092,7425,13517,Mazandaran
Dabudsht,1387,7492,6105,Mazandaran
Bandar-e Amirabad,0,0,0,Mazandaran
Neka,7887,53927,46040,Mazandaran
Zagheh Marz,0,0,0,Mazandaran
Abbasabad,-3502,56350,59852,Mazandaran
Chalus,1231,101218,99987,Mazandaran
Kalardasht,1034,3558,2524,Mazandaran
Khazarabad,1369,23168,21799,Mazandaran
Shakta,1886,12301,10415,Mazandaran
Kiasar,-199,13349,13548,Mazandaran
Doab,-15673,10636,26309,Mazandaran
Marzanabad,16004,55127,39123,Mazandaran
Makarud,22158,26394,4236,Mazandaran
Nowshahr,-11199,40312,51511,Mazandaran
Kalarabad,-10227,23146,33373,Mazandaran
Semnan,2326,2639,313,Mazandaran
Garmab,-817,3733,4550,Mazandaran
Se-rah-e Baladeh,-5194,32048,37242,Mazandaran
Shahzeyd,255,38393,38138,Mazandaran
Panjab,8532,35807,27275,Mazandaran
Siah Bisheh,-3728,14060,17788,Mazandaran
Hazarcham,-2879,488,3367,Mazandaran
Kandovan,6607,17300,10693,Mazandaran
Sisangan,5767,48656,42889,Mazandaran
Pol-e Sefid,-883,39670,40553,Mazandaran
Garzin Kheil,-2238,34022,36260,Mazandaran
Veresk,4648,35718,31070,Mazandaran
Gaduk,14607,23223,8616,Mazandaran
