City,Net,Input,Output,Province
Astara,-721,30476,31197,Gilan
Aq Chay,2898,15401,12503,Gilan
Talesh,-2177,15796,17973,Gilan
Asalem,268,28945,28677,Gilan
Astaneh,5641,103076,97435,Gilan
Lahijan,-8288,112483,120771,Gilan
Kuchesfahan,1583,95867,94284,Gilan
Kiashahr,-11021,11743,22764,Gilan
Siahkal,3568,39200,35632,Gilan
Langarud,3705,90949,87244,Gilan
Rasht,-19744,157865,177609,Gilan
Sangar,-8328,33385,41713,Gilan
Hasanrud,11130,20730,9600,Gilan
Khalkhal,86,7791,7705,Gilan
Punel,33,41534,41501,Gilan
Ziabar,694,27296,26602,Gilan
Imamzadeh Hashem,-9693,204789,214482,Gilan
Rostamabad,4506,184576,180070,Gilan
Saravan,25500,225941,200441,Gilan
Shaqaji,287,724,437,Gilan
Rudbar,-45488,106518,152006,Gilan
Fuman,54404,154383,99979,Gilan
Amlash,671,13303,12632,Gilan
Rudsar,-1796,82100,83896,Gilan
Kalan Kalaye,-144,5117,5261,Gilan
Kalachay,445,53280,52835,Gilan
Anzali,5115,67885,62770,Gilan
Khomam,415,92565,92150,Gilan
Rezvanshahr,-1410,12024,13434,Gilan
Pirbazar,278,35278,35000,Gilan
Bazar Jomeh,1770,23061,21291,Gilan
Someh Sara,3682,18188,14506,Gilan
Masouleh,-5,7140,7145,Gilan
Jirdeh,-11323,0,11323,Gilan
Lakan,-849,6043,6892,Gilan
Deylaman,505,3672,3167,Gilan
Ramsar,37161,104657,67496,Gilan
Chaboksar,2659,86544,83885,Gilan
Tonekabon,-32776,35690,68466,Mazandaran
Manjil,-7134,36310,43444,Gilan
Lowshan,-2649,1849,4498,Gilan
Gilvan,-3,2909,2912,Gilan
Ghazvin,1620,1620,0,Gilan
Gilan Border,0,0,0,Gilan
Azadshahr,0,0,0,Golestan
Khosh Yeylagh,0,0,0,Golestan
Aliabad,0,0,0,Golestan
Minudasht,0,0,0,Golestan
Gonbad,0,0,0,Golestan
Shahroud,0,0,0,Golestan
Gorgan,0,0,0,Golestan
Galikesh,0,0,0,Golestan
Aq Qala,0,0,0,Golestan
Incheh Borun,0,0,0,Golestan
Se-rah-e Kalaleh,0,0,0,Golestan
Bandar Torkaman,0,0,0,Golestan
Marzpol,0,0,0,Golestan
Se-rah-e Yasaqi,0,0,0,Golestan
Kordkuy,-13178,42728,55906,Mazandaran
Gomishan,0,0,0,Golestan
Galugah,-15152,56192,71344,Mazandaran
Tangrah,0,0,0,Golestan
Golestan Forest,0,0,0,Golestan
Kalaleh,0,0,0,Golestan
Maraveh Tappeh,0,0,0,Golestan
Behshahr,20197,52529,32332,Mazandaran
Amol,-11605,147139,158744,Mazandaran
Babol,2483,174613,172130,Mazandaran
Qaemshahr,12831,132468,119637,Mazandaran
Mahmudabad,44165,116416,72251,Mazandaran
Park Jangali,-1445,25958,27403,Mazandaran
Babolsar,520,91940,91420,Mazandaran
Fereydunkenar,-7671,66985,74656,Mazandaran
Kiyakala,-486,4198,4684,Mazandaran
Gatab,137,18581,18444,Mazandaran
Juybar,-3335,6532,9867,Mazandaran
Sari,5467,120121,114654,Mazandaran
Shirgah,2675,51105,48430,Mazandaran
Nur,-19788,54512,74300,Mazandaran
Se-rah-e Sangchal,1557,25535,23978,Mazandaran
Imamzadeh Hashem Tehran,-992,10907,11899,Mazandaran
Polur,-5748,26816,32564,Mazandaran
Gazanak,2461,40205,37744,Mazandaran
Behnamir,-1637,17540,19177,Mazandaran
Dabudsht,213,7453,7240,Mazandaran
Bandar-e Amirabad,0,0,0,Mazandaran
Neka,8278,65062,56784,Mazandaran
Zagheh Marz,0,0,0,Mazandaran
Abbasabad,455,75985,75530,Mazandaran
Chalus,-3044,94771,97815,Mazandaran
Kalardasht,-717,4497,5214,Mazandaran
Khazarabad,-13574,12379,25953,Mazandaran
Shakta,-1138,12857,13995,Mazandaran
Kiasar,-1459,16040,17499,Mazandaran
Doab,7354,21192,13838,Mazandaran
Marzanabad,-6525,26309,32834,Mazandaran
Makarud,-5397,5030,10427,Mazandaran
Nowshahr,-16862,33761,50623,Mazandaran
Kalarabad,3538,32829,29291,Mazandaran
Semnan,-1397,2378,3775,Mazandaran
Garmab,1004,5371,4367,Mazandaran
Se-rah-e Baladeh,2804,45183,42379,Mazandaran
Shahzeyd,-1684,44989,46673,Mazandaran
Panjab,-350,41051,41401,Mazandaran
Siah Bisheh,-3989,7586,11575,Mazandaran
Hazarcham,2988,6775,3787,Mazandaran
Kandovan,1001,4800,3799,Mazandaran
Sisangan,18621,74645,56024,Mazandaran
Pol-e Sefid,-1248,41362,42610,Mazandaran
Garzin Kheil,-400,36275,36675,Mazandaran
Veresk,1898,36430,34532,Mazandaran
Gaduk,-6901,14036,20937,Mazandaran
