City,Net,Input,Output,Province
Astara,-719,18224,18943,Gilan
Aq Chay,940,8892,7952,Gilan
Talesh,-221,10051,10272,Gilan
Asalem,950,16291,15341,Gilan
Astaneh,4111,76622,72511,Gilan
Lahijan,12875,90970,78095,Gilan
Kuchesfahan,1700,67398,65698,Gilan
Kiashahr,-6981,9135,16116,Gilan
Siahkal,11,25530,25519,Gilan
Langarud,-13970,53297,67267,Gilan
Rasht,-12452,126092,138544,Gilan
Sangar,-6064,24922,30986,Gilan
Hasanrud,6855,7837,982,Gilan
Khalkhal,-242,4260,4502,Gilan
Punel,-257,25022,25279,Gilan
Ziabar,-1209,18653,19862,Gilan
Imamzadeh Hashem,2594,132764,130170,Gilan
Rostamabad,-686,125222,125908,Gilan
Saravan,9819,133703,123884,Gilan
Shaqaji,706,3112,2406,Gilan
Rudbar,-17384,87592,104976,Gilan
Fuman,39322,99518,60196,Gilan
Amlash,667,10250,9583,Gilan
Rudsar,-1562,55192,56754,Gilan
Kalan Kalaye,47,3667,3620,Gilan
Kalachay,1102,30384,29282,Gilan
Anzali,624,40533,39909,Gilan
Khomam,-664,71242,71906,Gilan
Rezvanshahr,-180,8255,8435,Gilan
Pirbazar,1088,29085,27997,Gilan
Bazar Jomeh,1343,14379,13036,Gilan
Someh Sara,2031,11422,9391,Gilan
Masouleh,1,2001,2000,Gilan
Jirdeh,-9548,0,9548,Gilan
Lakan,-1145,6465,7610,Gilan
Deylaman,82,1573,1491,Gilan
Ramsar,2115,62293,60178,Gilan
Chaboksar,1632,45083,43451,Gilan
Tonekabon,-1152,46490,47642,Mazandaran
Manjil,-14299,28180,42479,Gilan
Lowshan,-3182,3117,6299,Gilan
Gilvan,-29,2288,2317,Gilan
Ghazvin,3204,3204,0,Gilan
Gilan Border,0,0,0,Gilan
Azadshahr,20154,56274,36120,Golestan
Khosh Yeylagh,-224,5118,5342,Golestan
Aliabad,-5071,149761,154832,Golestan
Minudasht,-737,41755,42492,Golestan
Gonbad,-16993,24729,41722,Golestan
Shahroud,-1210,4953,6163,Golestan
Gorgan,8833,162462,153629,Golestan
Galikesh,-109,15167,15276,Golestan
Aq Qala,-1274,29540,30814,Golestan
Incheh Borun,-691,13264,13955,Golestan
Se-rah-e Kalaleh,-1366,26813,28179,Golestan
Bandar Torkaman,1192,23710,22518,Golestan
Marzpol,34,3741,3707,Golestan
Se-rah-e Yasaqi,-489,3717,4206,Golestan
Kordkuy,4692,98369,93677,Mazandaran
Gomishan,-321,6448,6769,Golestan
Galugah,-9519,102123,111642,Mazandaran
Tangrah,2203,20218,18015,Golestan
Golestan Forest,-1412,6609,8021,Golestan
Kalaleh,-2111,10480,12591,Golestan
Maraveh Tappeh,2322,2322,0,Golestan
Behshahr,1639,48249,46610,Mazandaran
Amol,2509,132375,129866,Mazandaran
Babol,7304,176147,168843,Mazandaran
Qaemshahr,12375,129001,116626,Mazandaran
Mahmudabad,14336,69595,55259,Mazandaran
Park Jangali,3322,36858,33536,Mazandaran
Babolsar,4258,49354,45096,Mazandaran
Fereydunkenar,-10896,19389,30285,Mazandaran
Kiyakala,-859,4920,5779,Mazandaran
Gatab,-507,20804,21311,Mazandaran
Juybar,8484,32213,23729,Mazandaran
Sari,2630,137720,135090,Mazandaran
Shirgah,-1957,40854,42811,Mazandaran
Nur,-14202,31376,45578,Mazandaran
Se-rah-e Sangchal,-2283,32208,34491,Mazandaran
Imamzadeh Hashem Tehran,-4873,11782,16655,Mazandaran
Polur,-162,28437,28599,Mazandaran
Gazanak,-613,28605,29218,Mazandaran
Behnamir,-534,14767,15301,Mazandaran
Dabudsht,-20,8065,8085,Mazandaran
Bandar-e Amirabad,0,0,0,Mazandaran
Neka,5834,63813,57979,Mazandaran
Zagheh Marz,0,0,0,Mazandaran
Abbasabad,835,52773,51938,Mazandaran
Chalus,-707,72476,73183,Mazandaran
Kalardasht,-83,2203,2286,Mazandaran
Khazarabad,-14515,11545,26060,Mazandaran
Shakta,-2766,11804,14570,Mazandaran
Kiasar,-2063,11675,13738,Mazandaran
Doab,6363,23444,17081,Mazandaran
Marzanabad,-6849,32087,38936,Mazandaran
Makarud,-4486,6676,11162,Mazandaran
Nowshahr,-9391,21992,31383,Mazandaran
Kalarabad,3329,23542,20213,Mazandaran
Semnan,-755,1811,2566,Mazandaran
Garmab,1126,4473,3347,Mazandaran
Se-rah-e Baladeh,1669,32941,31272,Mazandaran
Shahzeyd,-1575,32808,34383,Mazandaran
Panjab,-322,29684,30006,Mazandaran
Siah Bisheh,-13811,9826,23637,Mazandaran
Hazarcham,6579,13679,7100,Mazandaran
Kandovan,7232,9958,2726,Mazandaran
Sisangan,8866,38638,29772,Mazandaran
Pol-e Sefid,-252,33941,34193,Mazandaran
Garzin Kheil,-17034,13173,30207,Mazandaran
Veresk,18295,29789,11494,Mazandaran
Gaduk,-5246,11494,16740,Mazandaran
