City,Net,Input,Output,Province
Astara,-735,15884,16619,Gilan
Aq Chay,-741,5835,6576,Gilan
Talesh,1476,10784,9308,Gilan
Asalem,-3263,15891,19154,Gilan
Astaneh,-1326,74291,75617,Gilan
Lahijan,-2350,88509,90859,Gilan
Kuchesfahan,-348,66764,67112,Gilan
Kiashahr,-6540,8582,15122,Gilan
Siahkal,-1121,22258,23379,Gilan
Langarud,-675,60953,61628,Gilan
Rasht,-17953,130324,148277,Gilan
Sangar,6524,29916,23392,Gilan
Hasanrud,7817,15110,7293,Gilan
Khalkhal,-797,3244,4041,Gilan
Punel,-352,26284,26636,Gilan
Ziabar,3578,21597,18019,Gilan
Imamzadeh Hashem,23651,168912,145261,Gilan
Rostamabad,-5686,103994,109680,Gilan
Saravan,-26956,156140,183096,Gilan
Shaqaji,-903,2053,2956,Gilan
Rudbar,20624,96509,75885,Gilan
Fuman,7334,91543,84209,Gilan
Amlash,478,10133,9655,Gilan
Rudsar,-2557,49540,52097,Gilan
Kalan Kalaye,-39,3359,3398,Gilan
Kalachay,302,34741,34439,Gilan
Anzali,-2625,44168,46793,Gilan
Khomam,-491,69928,70419,Gilan
Rezvanshahr,-141,8532,8673,Gilan
Pirbazar,1234,31303,30069,Gilan
Bazar Jomeh,506,13919,13413,Gilan
Someh Sara,-4929,10049,14978,Gilan
Masouleh,6,1975,1969,Gilan
Jirdeh,-10319,0,10319,Gilan
Lakan,-1019,8812,9831,Gilan
Deylaman,-77,1464,1541,Gilan
Ramsar,23427,85419,61992,Gilan
Chaboksar,345,76462,76117,Gilan
Tonekabon,-25978,23816,49794,Mazandaran
Manjil,18457,42253,23796,Gilan
Lowshan,-10464,29256,39720,Gilan
Gilvan,-378,1911,2289,Gilan
Ghazvin,-23292,2674,25966,Gilan
Gilan Border,33707,33707,0,Gilan
Azadshahr,0,0,0,Golestan
Khosh Yeylagh,0,0,0,Golestan
Aliabad,0,0,0,Golestan
Minudasht,0,0,0,Golestan
Gonbad,0,0,0,Golestan
Shahroud,0,0,0,Golestan
Gorgan,0,0,0,Golestan
Galikesh,0,0,0,Golestan
Aq Qala,0,0,0,Golestan
Incheh Borun,0,0,0,Golestan
Se-rah-e Kalaleh,0,0,0,Golestan
Bandar Torkaman,0,0,0,Golestan
Marzpol,0,0,0,Golestan
Se-rah-e Yasaqi,0,0,0,Golestan
Kordkuy,-6812,26706,33518,Mazandaran
Gomishan,0,0,0,Golestan
Galugah,4573,50116,45543,Mazandaran
Tangrah,0,0,0,Golestan
Golestan Forest,0,0,0,Golestan
Kalaleh,0,0,0,Golestan
Maraveh Tappeh,0,0,0,Golestan
Behshahr,-3058,39490,42548,Mazandaran
Amol,-16600,125960,142560,Mazandaran
Babol,5996,151569,145573,Mazandaran
Qaemshahr,5294,125228,119934,Mazandaran
Mahmudabad,24505,75166,50661,Mazandaran
Park Jangali,1317,33965,32648,Mazandaran
Babolsar,4264,68757,64493,Mazandaran
Fereydunkenar,-12542,43540,56082,Mazandaran
Kiyakala,-1555,4270,5825,Mazandaran
Gatab,0,0,0,Mazandaran
Juybar,-2127,18353,20480,Mazandaran
Sari,-1886,133887,135773,Mazandaran
Shirgah,-961,33403,34364,Mazandaran
Nur,-13481,28197,41678,Mazandaran
Se-rah-e Sangchal,-1893,30061,31954,Mazandaran
Imamzadeh Hashem Tehran,7556,14154,6598,Mazandaran
Polur,1164,23140,21976,Mazandaran
Gazanak,-636,24485,25121,Mazandaran
Behnamir,-3869,4082,7951,Mazandaran
Dabudsht,836,8034,7198,Mazandaran
Bandar-e Amirabad,0,0,0,Mazandaran
Neka,4469,55255,50786,Mazandaran
Zagheh Marz,0,0,0,Mazandaran
Abbasabad,-1148,55846,56994,Mazandaran
Chalus,3133,91077,87944,Mazandaran
Kalardasht,231,2138,1907,Mazandaran
Khazarabad,661,29407,28746,Mazandaran
Shakta,195,9307,9112,Mazandaran
Kiasar,675,8235,7560,Mazandaran
Doab,-5966,15947,21913,Mazandaran
Marzanabad,5196,45743,40547,Mazandaran
Makarud,8571,18165,9594,Mazandaran
Nowshahr,-3728,41078,44806,Mazandaran
Kalarabad,-3385,20295,23680,Mazandaran
Semnan,-64,1213,1277,Mazandaran
Garmab,-199,2327,2526,Mazandaran
Se-rah-e Baladeh,-4984,23358,28342,Mazandaran
Shahzeyd,-4599,30360,34959,Mazandaran
Panjab,9215,25878,16663,Mazandaran
Siah Bisheh,-8217,20271,28488,Mazandaran
Hazarcham,-9113,9620,18733,Mazandaran
Kandovan,17330,18868,1538,Mazandaran
Sisangan,46,40786,40740,Mazandaran
Pol-e Sefid,-1738,24647,26385,Mazandaran
Garzin Kheil,-798,19488,20286,Mazandaran
Veresk,1622,20070,18448,Mazandaran
Gaduk,5099,11976,6877,Mazandaran
