City,Net,Input,Output,Province
Astara,-2101,25352,27453,Gilan
Aq Chay,5195,14395,9200,Gilan
Talesh,-3094,13058,16152,Gilan
Asalem,-434,25306,25740,Gilan
Astaneh,-878,86054,86932,Gilan
Lahijan,-6914,102469,109383,Gilan
Kuchesfahan,550,85546,84996,Gilan
Kiashahr,-10000,10664,20664,Gilan
Siahkal,190,35551,35361,Gilan
Langarud,5576,86368,80792,Gilan
Rasht,-20580,152377,172957,Gilan
Sangar,1165,36876,35711,Gilan
Hasanrud,11169,17491,6322,Gilan
Khalkhal,-337,6340,6677,Gilan
Punel,-640,36852,37492,Gilan
Ziabar,1817,26883,25066,Gilan
Imamzadeh Hashem,-2428,203554,205982,Gilan
Rostamabad,-6200,172530,178730,Gilan
Saravan,6668,216565,209897,Gilan
Shaqaji,0,0,0,Gilan
Rudbar,-9585,124068,133653,Gilan
Fuman,32203,137636,105433,Gilan
Amlash,1085,13090,12005,Gilan
Rudsar,-2688,76875,79563,Gilan
Kalan Kalaye,-80,4843,4923,Gilan
Kalachay,-8,38537,38545,Gilan
Anzali,2685,59945,57260,Gilan
Khomam,-266,88485,88751,Gilan
Rezvanshahr,-2242,11237,13479,Gilan
Pirbazar,1370,36952,35582,Gilan
Bazar Jomeh,664,17697,17033,Gilan
Someh Sara,-452,18044,18496,Gilan
Masouleh,-39,5436,5475,Gilan
Jirdeh,-11658,0,11658,Gilan
Lakan,-840,8393,9233,Gilan
Deylaman,65,3222,3157,Gilan
Ramsar,27581,106919,79338,Gilan
Chaboksar,5681,81131,75450,Gilan
Tonekabon,-34020,36053,70073,Mazandaran
Manjil,10815,46867,36052,Gilan
Lowshan,-2838,3289,6127,Gilan
Gilvan,475,3049,2574,Gilan
Ghazvin,2875,2875,0,Gilan
Gilan Border,0,0,0,Gilan
Azadshahr,0,0,0,Golestan
Khosh Yeylagh,0,0,0,Golestan
Aliabad,0,0,0,Golestan
Minudasht,0,0,0,Golestan
Gonbad,0,0,0,Golestan
Shahroud,0,0,0,Golestan
Gorgan,0,0,0,Golestan
Galikesh,0,0,0,Golestan
Aq Qala,0,0,0,Golestan
Incheh Borun,0,0,0,Golestan
Se-rah-e Kalaleh,0,0,0,Golestan
Bandar Torkaman,0,0,0,Golestan
Marzpol,0,0,0,Golestan
Se-rah-e Yasaqi,0,0,0,Golestan
Kordkuy,-7988,42816,50804,Mazandaran
Gomishan,0,0,0,Golestan
Galugah,5479,74873,69394,Mazandaran
Tangrah,0,0,0,Golestan
Golestan Forest,0,0,0,Golestan
Kalaleh,0,0,0,Golestan
Maraveh Tappeh,0,0,0,Golestan
Behshahr,-3258,53400,56658,Mazandaran
Amol,-33781,139994,173775,Mazandaran
Babol,9563,190461,180898,Mazandaran
Qaemshahr,41334,145738,104404,Mazandaran
Mahmudabad,55282,117196,61914,Mazandaran
Park Jangali,1581,44413,42832,Mazandaran
Babolsar,-276,97744,98020,Mazandaran
Fereydunkenar,-13963,65958,79921,Mazandaran
Kiyakala,40,256,216,Mazandaran
Gatab,289,20911,20622,Mazandaran
Juybar,-5323,7974,13297,Mazandaran
Sari,-13727,113907,127634,Mazandaran
Shirgah,-22,51591,51613,Mazandaran
Nur,-22226,43959,66185,Mazandaran
Se-rah-e Sangchal,-1401,42738,44139,Mazandaran
Imamzadeh Hashem Tehran,1356,15884,14528,Mazandaran
Polur,-2261,34472,36733,Mazandaran
Gazanak,-545,39387,39932,Mazandaran
Behnamir,-751,19255,20006,Mazandaran
Dabudsht,374,8471,8097,Mazandaran
Bandar-e Amirabad,0,0,0,Mazandaran
Neka,7028,71039,64011,Mazandaran
Zagheh Marz,0,0,0,Mazandaran
Abbasabad,-674,79061,79735,Mazandaran
Chalus,-1450,104824,106274,Mazandaran
Kalardasht,483,5178,4695,Mazandaran
Khazarabad,-15815,12938,28753,Mazandaran
Shakta,-1536,11818,13354,Mazandaran
Kiasar,-1810,12716,14526,Mazandaran
Doab,-1205,26497,27702,Mazandaran
Marzanabad,3368,63399,60031,Mazandaran
Makarud,784,19958,19174,Mazandaran
Nowshahr,-20383,35553,55936,Mazandaran
Kalarabad,775,25760,24985,Mazandaran
Semnan,1116,2014,898,Mazandaran
Garmab,296,4420,4124,Mazandaran
Se-rah-e Baladeh,1167,43371,42204,Mazandaran
Shahzeyd,-1087,43302,44389,Mazandaran
Panjab,113,40319,40206,Mazandaran
Siah Bisheh,-15822,22532,38354,Mazandaran
Hazarcham,366,19441,19075,Mazandaran
Kandovan,15456,18913,3457,Mazandaran
Sisangan,21602,66793,45191,Mazandaran
Pol-e Sefid,-1914,42528,44442,Mazandaran
Garzin Kheil,-1352,36446,37798,Mazandaran
Veresk,3492,37613,34121,Mazandaran
Gaduk,-2281,16524,18805,Mazandaran
