city,Left,Entered
Bandar Torkaman,15186,16094
Bandar Torkaman,14910,15836
Bandar Torkaman,15389,18985
Bandar Torkaman,17494,22379
Bandar Torkaman,15403,19702
Bandar Torkaman,15964,17201
Bandar Torkaman,16846,18354
Bandar Torkaman,18047,19569
Bandar Torkaman,17095,21266
Bandar Torkaman,15891,26348
Bandar Torkaman,16933,22538
Bandar Torkaman,17770,22405
Bandar Torkaman,18738,20565
Bandar Torkaman,18251,19946
Bandar Torkaman,18654,20424
Bandar Torkaman,17539,19524
Bandar Torkaman,18392,20499
Bandar Torkaman,14173,15775
Bandar Torkaman,14324,15712
Bandar Torkaman,17653,20382
