city,Left,Entered
Golestan Forest,2749,2782
Golestan Forest,3073,3324
Golestan Forest,4492,4358
Golestan Forest,4855,5882
Golestan Forest,5279,5109
Golestan Forest,7414,5595
Golestan Forest,7936,5704
Golestan Forest,8285,6248
Golestan Forest,8395,7257
Golestan Forest,8616,7983
Golestan Forest,9012,7280
Golestan Forest,9239,7030
Golestan Forest,8938,7133
Golestan Forest,8531,7137
Golestan Forest,7987,7182
Golestan Forest,8091,8175
Golestan Forest,7740,7808
Golestan Forest,6512,7846
Golestan Forest,5530,6310
Golestan Forest,5075,4690
