city,Left,Entered
Incheh Borun,4699,5125
Incheh Borun,5249,5811
Incheh Borun,6160,6512
Incheh Borun,5410,5715
Incheh Borun,5176,5699
Incheh Borun,6039,6647
Incheh Borun,6839,6918
Incheh Borun,7693,7936
Incheh Borun,9341,9430
Incheh Borun,8265,8156
Incheh Borun,7366,7406
Incheh Borun,7859,7919
Incheh Borun,8553,8464
Incheh Borun,8751,8549
Incheh Borun,8400,8483
Incheh Borun,10547,10283
Incheh Borun,10096,9772
Incheh Borun,5551,5127
Incheh Borun,6360,6297
Incheh Borun,6321,6271
