city,Left,Entered
Khosh Yeylagh,2863,2843
Khosh Yeylagh,3431,3523
Khosh Yeylagh,2095,2847
Khosh Yeylagh,2681,3292
Khosh Yeylagh,2603,3206
Khosh Yeylagh,2762,3716
Khosh Yeylagh,2817,3650
Khosh Yeylagh,3347,4188
Khosh Yeylagh,3394,4222
Khosh Yeylagh,2684,3983
Khosh Yeylagh,2783,3810
Khosh Yeylagh,2720,3621
Khosh Yeylagh,2736,3565
Khosh Yeylagh,2856,3655
Khosh Yeylagh,3106,3903
Khosh Yeylagh,3519,4759
Khosh Yeylagh,3032,4418
Khosh Yeylagh,2527,4087
Khosh Yeylagh,3550,4060
Khosh Yeylagh,3242,3094
