city,Left,Entered
Se-rah-e Kalaleh,7968,7727
Se-rah-e Kalaleh,9198,8836
Se-rah-e Kalaleh,9358,9270
Se-rah-e Kalaleh,13200,11945
Se-rah-e Kalaleh,11747,11552
Se-rah-e Kalaleh,11970,13424
Se-rah-e Kalaleh,11516,13532
Se-rah-e Kalaleh,14153,15601
Se-rah-e Kalaleh,14992,15731
Se-rah-e Kalaleh,14642,14744
Se-rah-e Kalaleh,14651,15955
Se-rah-e Kalaleh,15162,16568
Se-rah-e Kalaleh,15533,16741
Se-rah-e Kalaleh,15744,16448
Se-rah-e Kalaleh,16067,16188
Se-rah-e Kalaleh,16180,15266
Se-rah-e Kalaleh,17841,15306
Se-rah-e Kalaleh,14767,11851
Se-rah-e Kalaleh,13117,12200
Se-rah-e Kalaleh,12211,12275
