city,Left,Entered
Se-rah-e Yasaqi,3471,3207
Se-rah-e Yasaqi,3396,3153
Se-rah-e Yasaqi,3448,3128
Se-rah-e Yasaqi,3809,3458
Se-rah-e Yasaqi,3489,3119
Se-rah-e Yasaqi,3700,3245
Se-rah-e Yasaqi,4024,3368
Se-rah-e Yasaqi,4427,3924
Se-rah-e Yasaqi,4413,3228
Se-rah-e Yasaqi,3888,3140
Se-rah-e Yasaqi,4197,3639
Se-rah-e Yasaqi,4437,3892
Se-rah-e Yasaqi,4725,4128
Se-rah-e Yasaqi,4754,4210
Se-rah-e Yasaqi,4791,4214
Se-rah-e Yasaqi,4358,3911
Se-rah-e Yasaqi,4651,4149
Se-rah-e Yasaqi,3257,2901
Se-rah-e Yasaqi,3857,3097
Se-rah-e Yasaqi,4032,3528
