{
    "Abbasabad": 46292,
    "Aliabad": 99276,
    "Amlash": 14097,
    "Amol": 14668,
    "Anzali": 11645,
    "Aq Chay": 8438,
    "Aq Qala": 200,
    "Asalem": 15099,
    "Astaneh": 3215,
    "Astara": 612,
    "Azadshahr": 189316,
    "Babol": 798,
    "Babolsar": 75606,
    "Bandar Torkaman": 23284,
    "Bandar-e Amirabad": 1816,
    "Bazar Jomeh": 0,
    "Behnamir": 3745,
    "Behshahr": 27383,
    "Chaboksar": 1522,
    "Chalus": 46927,
    "Dabudsht": 16482,
    "Deylaman": 4468,
    "Doab": 96969,
    "Fereydunkenar": 52258,
    "Fuman": 670666,
    "Gaduk": 63391,
    "Galikesh": 5610,
    "Galugah": 21074,
    "Garmab": 11127,
    "Garzin Kheil": 20315,
    "Gatab": 5583,
    "Gazanak": 22858,
    "Gilvan": 4076,
    "Gomishan": 1036,
    "Gonbad": 4101,
    "Gorgan": 97743,
    "Hasanrud": 215007,
    "Hazarcham": 158740,
    "Imamzadeh Hashem": 62802,
    "Incheh Borun": 6509,
    "Jirdeh": 0,
    "Juybar": 1667,
    "Kalachay": 56760,
    "Kalaleh": 0,
    "Kalan Kalaye": 1414,
    "Kalarabad": 0,
    "Kalardasht": 0,
    "Khalkhal": 5652,
    "Khazarabad": 45654,
    "Khomam": 88104,
    "Khosh Yeylagh": 138,
    "Kiasar": 23368,
    "Kiashahr": 0,
    "Kiyakala": 575,
    "Kordkuy": 23443,
    "Kuchesfahan": 6822,
    "Lahijan": 10089,
    "Lakan": 2484,
    "Langarud": 28940,
    "Lowshan": 222215,
    "Mahmudabad": 32899,
    "Makarud": 51768,
    "Manjil": 157794,
    "Maraveh Tappeh": 66564,
    "Marzanabad": 49562,
    "Marzpol": 931,
    "Masouleh": 0,
    "Minudasht": 57473,
    "Neka": 18696,
    "Nowshahr": 0,
    "Nur": 44804,
    "Panjab": 22260,
    "Pirbazar": 41700,
    "Pol-e Sefid": 27891,
    "Polur": 39702,
    "Punel": 419,
    "Qaemshahr": 247047,
    "Ramsar": 58774,
    "Rasht": 0,
    "Rezvanshahr": 20527,
    "Rostamabad": 126324,
    "Rudbar": 164169,
    "Rudsar": 110091,
    "Sangar": 108938,
    "Saravan": 649855,
    "Sari": 204930,
    "Se-rah-e Baladeh": 9043,
    "Se-rah-e Sangchal": 11314,
    "Se-rah-e Yasaqi": 0,
    "Shahzeyd": 25263,
    "Shakta": 15832,
    "Shaqaji": 0,
    "Shirgah": 41919,
    "Siah Bisheh": 28877,
    "Siahkal": 9173,
    "Someh Sara": 0,
    "Talesh": 31226,
    "Tangrah": 3652,
    "Tonekabon": 5164,
    "Veresk": 39770,
    "Zagheh Marz": 294,
    "Ziabar": 40392
}