{
    "Abbasabad": 24267,
    "Aliabad": 34257,
    "Amlash": 21896,
    "Amol": 532,
    "Anzali": 17222,
    "Aq Chay": 27721,
    "Aq Qala": 0,
    "Asalem": 19715,
    "Astaneh": 8174,
    "Astara": 21,
    "Azadshahr": 37180,
    "Babol": 918930,
    "Babolsar": 0,
    "Bandar Torkaman": 110551,
    "Bandar-e Amirabad": 0,
    "Bazar Jomeh": 7143,
    "Behnamir": 26063,
    "Behshahr": 37539,
    "Chaboksar": 87380,
    "Chalus": 34556,
    "Dabudsht": 0,
    "Deylaman": 4049,
    "Doab": 44430,
    "Fereydunkenar": 224945,
    "Fuman": 665018,
    "Gaduk": 96923,
    "Galikesh": 6098,
    "Galugah": 15617,
    "Garmab": 10922,
    "Garzin Kheil": 29676,
    "Gatab": 10284,
    "Gazanak": 1503,
    "Gilvan": 4631,
    "Gomishan": 0,
    "Gonbad": 51434,
    "Gorgan": 230161,
    "Hasanrud": 204849,
    "Hazarcham": 131210,
    "Imamzadeh Hashem": 239246,
    "Incheh Borun": 1912,
    "Jirdeh": 0,
    "Juybar": 20333,
    "Kalachay": 40312,
    "Kalaleh": 0,
    "Kalan Kalaye": 455,
    "Kalarabad": 82866,
    "Kalardasht": 35035,
    "Khalkhal": 1477,
    "Khazarabad": 44672,
    "Khomam": 13827,
    "Khosh Yeylagh": 35891,
    "Kiasar": 17459,
    "Kiashahr": 0,
    "Kiyakala": 0,
    "Kordkuy": 21226,
    "Kuchesfahan": 223708,
    "Lahijan": 111125,
    "Lakan": 1432,
    "Langarud": 68913,
    "Lowshan": 785292,
    "Mahmudabad": 155569,
    "Makarud": 130744,
    "Manjil": 57706,
    "Maraveh Tappeh": 65497,
    "Marzanabad": 120154,
    "Marzpol": 120,
    "Masouleh": 1751,
    "Minudasht": 395,
    "Neka": 6217,
    "Nowshahr": 27933,
    "Nur": 155572,
    "Panjab": 6457,
    "Pirbazar": 19401,
    "Pol-e Sefid": 0,
    "Polur": 9985,
    "Punel": 4320,
    "Qaemshahr": 102807,
    "Ramsar": 305577,
    "Rasht": 13029,
    "Rezvanshahr": 16326,
    "Rostamabad": 10966,
    "Rudbar": 412816,
    "Rudsar": 0,
    "Sangar": 127809,
    "Saravan": 445305,
    "Sari": 31073,
    "Se-rah-e Baladeh": 34516,
    "Se-rah-e Sangchal": 11661,
    "Se-rah-e Yasaqi": 0,
    "Shahzeyd": 2058,
    "Shakta": 10602,
    "Shaqaji": 0,
    "Shirgah": 247442,
    "Siah Bisheh": 7735,
    "Siahkal": 425,
    "Someh Sara": 0,
    "Talesh": 20050,
    "Tangrah": 8494,
    "Tonekabon": 0,
    "Veresk": 0,
    "Zagheh Marz": 0,
    "Ziabar": 59998
}