{
    "Abbasabad": 7052,
    "Aliabad": 20759,
    "Amlash": 20166,
    "Amol": 4052,
    "Anzali": 47122,
    "Aq Chay": 44496,
    "Aq Qala": 222,
    "Asalem": 8317,
    "Astaneh": 62056,
    "Astara": 11711,
    "Azadshahr": 104770,
    "Babol": 184318,
    "Babolsar": 47543,
    "Bandar Torkaman": 14690,
    "Bandar-e Amirabad": 0,
    "Bazar Jomeh": 25845,
    "Behnamir": 0,
    "Behshahr": 128822,
    "Chaboksar": 82717,
    "Chalus": 35088,
    "Dabudsht": 11982,
    "Deylaman": 4664,
    "Doab": 101568,
    "Fereydunkenar": 17897,
    "Fuman": 709754,
    "Gaduk": 71853,
    "Galikesh": 3339,
    "Galugah": 48497,
    "Garmab": 9433,
    "Garzin Kheil": 0,
    "Gatab": 8477,
    "Gazanak": 3711,
    "Gilvan": 4174,
    "Gomishan": 107,
    "Gonbad": 0,
    "Gorgan": 10893,
    "Hasanrud": 203498,
    "Hazarcham": 83813,
    "Imamzadeh Hashem": 118504,
    "Incheh Borun": 336,
    "Jirdeh": 0,
    "Juybar": 39695,
    "Kalachay": 20638,
    "Kalaleh": 0,
    "Kalan Kalaye": 463,
    "Kalarabad": 55041,
    "Kalardasht": 8067,
    "Khalkhal": 1232,
    "Khazarabad": 5739,
    "Khomam": 4754,
    "Khosh Yeylagh": 40,
    "Kiasar": 11702,
    "Kiashahr": 0,
    "Kiyakala": 83,
    "Kordkuy": 57681,
    "Kuchesfahan": 26995,
    "Lahijan": 42330,
    "Lakan": 2001,
    "Langarud": 68462,
    "Lowshan": 182,
    "Mahmudabad": 776802,
    "Makarud": 113160,
    "Manjil": 248176,
    "Maraveh Tappeh": 14987,
    "Marzanabad": 87755,
    "Marzpol": 65,
    "Masouleh": 2063,
    "Minudasht": 69,
    "Neka": 162944,
    "Nowshahr": 0,
    "Nur": 0,
    "Panjab": 67093,
    "Pirbazar": 28333,
    "Pol-e Sefid": 692,
    "Polur": 22558,
    "Punel": 7691,
    "Qaemshahr": 500214,
    "Ramsar": 372699,
    "Rasht": 0,
    "Rezvanshahr": 5748,
    "Rostamabad": 75404,
    "Rudbar": 212176,
    "Rudsar": 0,
    "Sangar": 103130,
    "Saravan": 320202,
    "Sari": 56739,
    "Se-rah-e Baladeh": 32023,
    "Se-rah-e Sangchal": 2300,
    "Se-rah-e Yasaqi": 0,
    "Shahzeyd": 3554,
    "Shakta": 19676,
    "Shaqaji": 5384,
    "Shirgah": 20947,
    "Siah Bisheh": 18902,
    "Siahkal": 16770,
    "Someh Sara": 32189,
    "Talesh": 9381,
    "Tangrah": 5066,
    "Tonekabon": 2337,
    "Veresk": 108358,
    "Zagheh Marz": 0,
    "Ziabar": 40419
}