{
      "Fuman": 683057,
      "Mahmudabad": 334067,
      "Babol": 327207,
      "Qaemshahr": 296730,
      "Ramsar": 241247,
      "Shirgah": 92769,
      "Fereydunkenar": 88990,
      "Kuchesfahan": 75629,
      "Neka": 66797,
      "Nur": 60216,
      "Maraveh Tappeh": 47795,
      "Bandar Torkaman": 44987,
      "Pirbazar": 30582,
      "Galugah": 29343,
      "Abbasabad": 25989,
      "Minudasht": 20714,
      "Amlash": 18484,
      "Rezvanshahr": 14043,
      "Bazar Jomeh": 11281,
      "Garmab": 10462,
      "Behnamir": 8741
}